step,cmd_vx,cmd_vy,cmd_wz,vx,vy,wz,a0,a1,a2,a3,a4,a5,a6,a7,a8,a9,a10,a11
1.000000,1.000000,0.000000,0.000000,0.015189,-0.000121,-0.013080,-0.295056,0.209067,1.393121,0.308391,0.030845,-0.064382,-0.176741,0.363481,0.342550,0.553357,-0.014214,1.346399
2.000000,1.000000,0.000000,0.000000,0.010017,-0.004885,0.171370,-0.658692,-0.359460,1.237088,-0.369646,0.188435,0.774837,0.607091,-0.217710,0.848615,0.665800,0.121745,1.088066
3.000000,1.000000,0.000000,0.000000,0.036853,-0.010408,0.276042,-0.805132,0.047576,1.480131,-0.514326,0.351911,0.849353,0.648857,-0.111998,0.730504,0.618315,0.932455,1.880392
4.000000,1.000000,0.000000,0.000000,0.081416,-0.010850,0.458767,-1.193590,0.483448,1.590096,-0.293234,0.155494,0.274481,0.523597,-0.205846,0.327593,1.103035,1.851770,2.388868
5.000000,1.000000,0.000000,0.000000,0.134933,-0.005965,0.540254,-1.297393,0.876481,1.677226,-0.004770,-0.200118,-0.443347,0.252178,-0.324622,-0.165451,1.218839,2.448322,2.743007
6.000000,1.000000,0.000000,0.000000,0.204239,0.005134,0.512127,-0.954698,1.494278,1.727599,0.097978,-0.392001,-0.739705,0.247402,-0.349718,-0.506737,0.769366,2.683105,2.926975
7.000000,1.000000,0.000000,0.000000,0.278405,0.014142,0.529262,-1.183352,1.420988,1.722467,0.044464,-0.544149,-1.039986,0.364527,-0.352853,-0.689795,0.691395,2.424923,2.787491
8.000000,1.000000,0.000000,0.000000,0.363162,0.021531,0.620251,-1.196022,1.340441,1.659934,0.011230,-0.742687,-0.842224,0.223955,-0.512433,-0.728925,0.989655,2.586584,2.928766
9.000000,1.000000,0.000000,0.000000,0.450132,0.020774,0.664922,-0.669561,1.344277,1.806115,-0.065323,-0.923481,-0.492708,0.117987,-0.511222,-0.527409,1.131956,2.318111,2.835426
10.000000,1.000000,0.000000,0.000000,0.522178,0.013783,0.734577,-0.956298,1.090540,1.755102,-0.097711,-1.018281,-0.346045,0.025746,-0.645396,-0.368963,1.063237,1.916142,2.495902
11.000000,1.000000,0.000000,0.000000,0.588903,0.005066,0.723937,-0.672423,1.008047,1.957561,0.009137,-1.316371,-0.107314,0.149438,-0.769800,-0.595955,0.820141,1.409109,2.615387
12.000000,1.000000,0.000000,0.000000,0.643864,-0.012677,0.785812,-0.722755,0.721619,1.930140,-0.030018,-1.272839,0.515630,0.014112,-0.965708,-0.202240,1.105742,1.048534,2.431291
13.000000,1.000000,0.000000,0.000000,0.702639,-0.028256,0.710802,-0.254260,0.991005,1.828725,-0.064246,-1.073209,1.150652,-0.096308,-0.850595,0.211441,0.645532,0.711637,2.413534
14.000000,1.000000,0.000000,0.000000,0.715197,-0.025877,0.604336,-0.193077,0.853952,1.752762,-0.154583,-0.882828,1.577983,-0.113951,-0.723948,0.783320,0.440924,0.542184,2.150780
15.000000,1.000000,0.000000,0.000000,0.695846,-0.001040,0.493301,-0.119392,0.868515,1.296845,-0.223892,-0.258436,1.743683,-0.237226,-0.388061,1.322497,0.098909,0.259630,1.746979
16.000000,1.000000,0.000000,0.000000,0.652219,0.007251,0.526124,0.018008,0.961048,0.367735,-0.181311,0.259576,1.843785,-0.257819,-0.000607,1.618644,0.079955,0.091460,1.000082
17.000000,1.000000,0.000000,0.000000,0.602291,0.017765,0.496266,0.202487,0.775741,-0.756303,0.209443,0.326559,2.004254,-0.261031,0.485631,1.717618,-0.037522,0.000024,-0.485907
18.000000,1.000000,0.000000,0.000000,0.586443,0.019080,0.622370,0.048789,0.342557,-1.400801,0.125826,0.688313,2.156232,-0.057105,0.437663,1.996267,-0.093176,0.091619,-1.130380
19.000000,1.000000,0.000000,0.000000,0.590012,0.012568,0.653192,0.174163,0.006119,-1.545104,0.367458,0.361000,1.759361,-0.445685,0.412396,1.918741,-0.146041,0.132044,-1.447683
20.000000,1.000000,0.000000,0.000000,0.598466,0.004142,0.678360,0.307400,-0.293730,-1.588730,0.471529,0.126585,1.620837,-0.443510,0.150939,1.756673,-0.196462,0.047485,-1.547926
21.000000,1.000000,0.000000,0.000000,0.618481,0.000939,0.704313,0.310405,-0.532815,-1.607698,0.373984,0.227957,1.938783,-0.739971,0.289645,1.851170,-0.202307,-0.061737,-1.468267
22.000000,1.000000,0.000000,0.000000,0.644739,0.000823,0.658907,0.338340,-0.883049,-1.326077,0.562207,0.187815,2.134550,-0.995165,0.593530,1.984265,-0.256176,-0.332105,-1.390488
23.000000,1.000000,0.000000,0.000000,0.666126,0.001525,0.620247,0.318902,-1.114687,-0.841303,0.751075,0.191435,2.099520,-0.755623,0.431677,1.796887,-0.180606,-0.746126,-0.981509
24.000000,1.000000,0.000000,0.000000,0.694968,0.008330,0.588842,0.310212,-1.317839,-0.115510,0.344200,0.345413,2.463645,-1.009556,0.577039,1.880559,-0.236700,-0.980333,-0.775983
25.000000,1.000000,0.000000,0.000000,0.726816,0.022334,0.621376,0.290747,-1.373877,0.424919,0.300862,0.240691,2.930624,-0.677047,0.538882,1.909001,-0.366933,-1.371349,-0.379678
26.000000,1.000000,0.000000,0.000000,0.762676,0.031056,0.653742,0.365823,-1.294367,0.847967,0.354991,0.138206,2.929808,-0.501874,0.341043,2.025256,-0.433670,-1.644055,0.157455
27.000000,1.000000,0.000000,0.000000,0.803469,0.048111,0.649639,0.235865,-1.245111,1.095829,0.463981,-0.006958,3.277225,-0.640360,0.529340,2.037459,-0.510797,-2.004319,0.675835
28.000000,1.000000,0.000000,0.000000,0.842670,0.062031,0.698524,0.247433,-1.244156,1.391783,-0.033171,-0.205243,3.299237,-0.561781,0.328751,2.032757,-0.432651,-1.803632,0.885018
29.000000,1.000000,0.000000,0.000000,0.851587,0.034990,0.748163,0.288821,-1.133128,1.831632,0.115295,-0.041640,3.330409,-0.204230,0.366195,2.213732,-0.451575,-1.502709,1.277095
30.000000,1.000000,0.000000,0.000000,0.826767,-0.001672,0.823179,0.074085,-1.036321,1.679827,0.425500,0.071059,3.011739,0.281477,0.440031,1.726064,-0.428526,-1.036957,1.885687
31.000000,1.000000,0.000000,0.000000,0.762451,-0.006612,0.735507,-0.212203,-0.930602,1.819954,0.150415,0.513169,1.914044,0.631170,0.509512,0.992438,0.043893,0.226531,2.386106
32.000000,1.000000,0.000000,0.000000,0.719092,-0.017126,0.785917,-0.627761,-0.537903,1.901158,0.069133,0.816262,0.201136,0.525609,0.392515,0.069330,0.503275,1.496760,2.223038
33.000000,1.000000,0.000000,0.000000,0.707615,-0.022142,0.764752,-0.477888,0.014714,1.845696,0.144750,0.500516,-0.869327,0.387998,0.283319,-0.385634,0.251313,1.542627,2.222090
34.000000,1.000000,0.000000,0.000000,0.719323,-0.013411,0.754155,-0.461063,0.062741,1.604659,0.013200,0.199119,-1.281202,0.455160,0.263696,-0.827231,0.221676,1.725849,2.592095
35.000000,1.000000,0.000000,0.000000,0.741071,-0.003279,0.676641,-0.447124,0.205974,1.704505,-0.092295,-0.124170,-1.292961,0.400849,-0.017926,-0.896592,-0.093859,1.315181,2.495960
36.000000,1.000000,0.000000,0.000000,0.773935,0.010121,0.630999,-0.410987,0.235087,1.575650,-0.136955,-0.508863,-1.193011,0.350468,-0.158819,-0.993395,0.157589,1.454970,2.539418
37.000000,1.000000,0.000000,0.000000,0.801806,0.015189,0.586755,-0.552813,0.119436,1.814403,-0.060798,-0.907119,-1.079895,0.244184,-0.491276,-0.814428,0.254435,1.144024,2.351827
38.000000,1.000000,0.000000,0.000000,0.824950,0.016076,0.558523,-0.711405,-0.056981,1.900338,0.099862,-1.099217,-0.858232,0.236829,-0.785673,-0.888788,0.253387,0.880401,2.243830
39.000000,1.000000,0.000000,0.000000,0.836251,0.004894,0.591650,-0.881730,-0.403101,1.959234,0.263272,-1.299421,-0.637559,0.422077,-1.021317,-0.766311,0.394798,0.600284,1.944861
40.000000,1.000000,0.000000,0.000000,0.862081,-0.012304,0.629107,-0.662228,-0.202943,2.358046,0.337891,-1.602254,-0.061389,0.226796,-1.190812,-0.486593,0.892769,0.783857,2.234478
41.000000,1.000000,0.000000,0.000000,0.898398,-0.027978,0.672638,-0.689135,0.057894,2.291442,0.197856,-1.574612,0.264010,0.074938,-1.247510,-0.065063,0.916174,0.670157,2.349512
42.000000,1.000000,0.000000,0.000000,0.942290,-0.049943,0.658287,-0.415344,0.067931,2.666233,0.169209,-1.645683,0.614540,0.190636,-1.260156,0.234914,0.675243,0.665374,2.491423
43.000000,1.000000,0.000000,0.000000,0.991635,-0.067731,0.692978,-0.275469,0.129809,2.485438,-0.132734,-1.381745,1.457463,0.031528,-1.295658,0.628477,0.767437,0.586738,2.761303
44.000000,1.000000,0.000000,0.000000,1.006968,-0.076532,0.654577,-0.130120,0.397704,2.372820,-0.209234,-1.102707,1.836440,-0.169378,-1.221799,1.137147,0.392323,0.528179,2.549670
45.000000,1.000000,0.000000,0.000000,0.962231,-0.055194,0.566356,0.041166,0.743145,1.886156,-0.093073,-0.570885,2.042032,-0.388697,-0.603064,1.534343,-0.059473,0.160903,2.264592
46.000000,1.000000,0.000000,0.000000,0.888220,-0.052550,0.628688,-0.002620,0.929021,0.789501,-0.140278,-0.079407,2.081670,-0.412024,-0.120181,1.882777,0.060434,0.270274,0.987615
47.000000,1.000000,0.000000,0.000000,0.831490,-0.043490,0.502705,0.171866,1.197995,-0.643756,0.321404,-0.229758,1.976862,-0.641980,0.631534,1.785636,-0.186985,0.332702,-0.143182
48.000000,1.000000,0.000000,0.000000,0.806834,-0.044349,0.419380,0.206627,0.870322,-1.272332,0.712287,-0.013052,2.002836,-0.395723,0.847413,2.021971,-0.355071,0.295706,-0.674830
49.000000,1.000000,0.000000,0.000000,0.791171,-0.050778,0.407159,0.211692,0.337556,-1.628814,0.570431,-0.135629,1.708433,-0.525332,0.443619,1.748286,-0.180715,0.277963,-1.276489
50.000000,1.000000,0.000000,0.000000,0.783717,-0.064079,0.413972,0.229655,-0.084971,-1.543306,0.725072,-0.253836,1.524156,-0.379887,0.087783,1.762154,-0.251559,0.178892,-1.426824
51.000000,1.000000,0.000000,0.000000,0.784700,-0.074937,0.481720,0.134215,-0.537014,-1.427044,0.487386,-0.100713,1.667724,-0.309443,0.122741,1.715655,-0.217729,0.091969,-1.331105
52.000000,1.000000,0.000000,0.000000,0.784970,-0.081218,0.440892,0.281893,-0.755057,-1.165796,0.972175,-0.329360,1.692719,-0.320039,0.175383,1.694175,-0.333952,-0.357031,-1.104145
53.000000,1.000000,0.000000,0.000000,0.794723,-0.079478,0.405821,0.276433,-0.995362,-0.998331,0.536330,-0.096641,2.018698,-0.775886,0.310181,1.752255,-0.171609,-0.570108,-1.185933
54.000000,1.000000,0.000000,0.000000,0.807355,-0.070563,0.414093,0.288160,-1.345645,-0.363277,0.342621,0.036934,2.424364,-0.616679,0.408565,1.717384,-0.230436,-0.907423,-0.875293
55.000000,1.000000,0.000000,0.000000,0.821000,-0.058607,0.456720,0.150985,-1.464085,0.165680,0.314017,-0.098112,2.616528,-0.436700,0.313809,1.707241,-0.242480,-1.181533,-0.436222
56.000000,1.000000,0.000000,0.000000,0.844173,-0.042712,0.470769,0.196591,-1.476997,0.776601,0.144060,-0.147141,2.948172,-0.570472,0.386112,1.819701,-0.344950,-1.455114,-0.056892
57.000000,1.000000,0.000000,0.000000,0.874358,-0.019972,0.459221,0.104058,-1.505859,1.008264,0.415941,-0.461967,3.397279,-0.592605,0.476584,1.966222,-0.473239,-1.923525,0.479767
58.000000,1.000000,0.000000,0.000000,0.901722,0.000937,0.439059,0.145365,-1.412941,1.148064,0.397233,-0.640939,3.316768,-0.425020,0.525765,1.874989,-0.610158,-1.940617,0.883846
59.000000,1.000000,0.000000,0.000000,0.937245,0.005449,0.460974,0.165246,-1.303126,1.513811,0.108991,-0.293992,3.400317,-0.438146,0.497196,2.243527,-0.365060,-1.618796,1.299350
60.000000,1.000000,0.000000,0.000000,0.918182,-0.021418,0.496930,0.259065,-1.052661,1.825518,-0.061010,0.290442,2.931860,0.206997,0.322276,2.132258,-0.235494,-1.062077,1.735417
61.000000,1.000000,0.000000,0.000000,0.853223,-0.033272,0.461842,-0.078593,-0.750722,1.945440,-0.100069,1.022031,1.703154,0.685143,0.308059,1.477082,0.189135,0.043230,1.984005
62.000000,1.000000,0.000000,0.000000,0.802368,-0.041753,0.466173,-0.382354,-0.306979,2.049511,-0.139780,0.918995,0.146563,0.608819,0.361903,0.522236,0.517562,1.106722,2.155488
63.000000,1.000000,0.000000,0.000000,0.786563,-0.040431,0.464888,-0.490273,0.098931,1.872387,0.091335,0.481268,-0.726376,0.484576,0.375939,-0.396971,0.361789,1.531039,2.391758
64.000000,1.000000,0.000000,0.000000,0.797499,-0.035764,0.496852,-0.573795,0.167190,1.730798,0.061347,0.323839,-1.036269,0.505769,0.265398,-0.690498,0.431060,1.736009,2.473368
65.000000,1.000000,0.000000,0.000000,0.822127,-0.020402,0.410184,-0.457666,0.317195,1.566846,-0.112361,-0.012585,-1.265270,0.396926,0.196585,-0.853250,-0.025801,1.432756,2.524342
66.000000,1.000000,0.000000,0.000000,0.850508,-0.010187,0.414237,-0.765367,0.223118,1.583313,-0.141612,-0.305680,-1.103754,0.406318,-0.186596,-0.696562,0.190598,1.371962,2.322397
67.000000,1.000000,0.000000,0.000000,0.885000,0.000903,0.429926,-0.787558,0.304971,1.687797,-0.099924,-0.720708,-0.925804,0.330997,-0.464570,-0.754190,0.474091,1.420763,2.515097
68.000000,1.000000,0.000000,0.000000,0.913444,0.000185,0.436557,-0.672499,0.171739,1.946203,-0.013917,-1.116453,-0.772204,0.329637,-0.659922,-0.799184,0.570521,1.200035,2.275906
69.000000,1.000000,0.000000,0.000000,0.933118,-0.005010,0.418954,-0.777833,-0.107371,1.960812,0.168177,-1.317943,-0.606487,0.317874,-0.876366,-0.858316,0.426902,0.709299,2.155245
70.000000,1.000000,0.000000,0.000000,0.957633,-0.024647,0.476957,-0.721547,-0.137214,2.303578,0.029181,-1.393899,-0.157375,0.301591,-1.038675,-0.516690,0.783098,0.804481,2.086380
71.000000,1.000000,0.000000,0.000000,0.996755,-0.043851,0.552596,-0.587216,0.230727,2.304933,0.033673,-1.485016,0.431483,0.044112,-1.202618,-0.014756,1.069098,0.985780,2.372601
72.000000,1.000000,0.000000,0.000000,1.034367,-0.071149,0.601219,-0.463841,0.045874,2.530476,0.004211,-1.451286,0.838939,0.053991,-1.417319,0.328429,0.890502,0.864209,2.387208
73.000000,1.000000,0.000000,0.000000,1.076099,-0.100718,0.605220,-0.280654,0.025064,2.651335,-0.030918,-1.347139,1.369364,0.055853,-1.426132,0.711619,0.705117,0.729014,2.537498
74.000000,1.000000,0.000000,0.000000,1.080878,-0.100016,0.542387,-0.166755,0.212414,2.405739,-0.138689,-1.078150,1.580371,-0.124720,-1.212210,1.121240,0.447064,0.293841,2.741838
75.000000,1.000000,0.000000,0.000000,1.011835,-0.077259,0.547469,-0.049472,0.453946,1.895752,-0.282654,-0.598494,2.111481,-0.291793,-0.860164,1.472103,0.024725,0.322909,2.007123
76.000000,1.000000,0.000000,0.000000,0.927919,-0.066385,0.526831,0.043159,0.663703,0.949809,0.106860,-0.232792,2.075016,-0.512565,-0.187979,1.742975,-0.139576,0.096350,0.896331
77.000000,1.000000,0.000000,0.000000,0.872321,-0.056720,0.456935,0.218278,1.064715,-0.539978,0.502473,-0.080524,1.972912,-0.499462,0.548986,1.698888,-0.261145,0.220412,-0.239979
78.000000,1.000000,0.000000,0.000000,0.841933,-0.056256,0.468566,0.196392,0.797792,-1.347494,0.451189,-0.015447,1.886383,-0.443606,0.496435,1.770374,-0.179581,0.364244,-0.898352
79.000000,1.000000,0.000000,0.000000,0.833052,-0.063905,0.408428,0.188277,0.384796,-1.465140,0.744311,-0.165307,1.608127,-0.632956,0.525049,1.830428,-0.271256,0.322527,-1.137251
80.000000,1.000000,0.000000,0.000000,0.828138,-0.070699,0.410289,0.167787,-0.180929,-1.508523,0.586593,-0.302483,1.598579,-0.539053,0.387587,1.667610,-0.137858,0.210472,-1.283065
81.000000,1.000000,0.000000,0.000000,0.822985,-0.072949,0.397737,0.240489,-0.538336,-1.462821,0.665558,-0.490724,1.731061,-0.547236,0.238729,1.639721,-0.145232,-0.064694,-1.351818
82.000000,1.000000,0.000000,0.000000,0.821150,-0.067874,0.333147,0.284785,-0.879827,-1.318476,0.712295,-0.497177,1.877770,-0.697600,0.341062,1.571395,-0.209142,-0.410579,-1.488429
83.000000,1.000000,0.000000,0.000000,0.826420,-0.059426,0.332210,0.209169,-1.218207,-0.821630,0.482363,-0.259363,2.151850,-0.644706,0.239577,1.589883,-0.166701,-0.629362,-1.218257
84.000000,1.000000,0.000000,0.000000,0.834983,-0.048473,0.319023,0.295559,-1.384054,-0.185778,0.372058,-0.274830,2.192765,-0.597231,0.288673,1.535972,-0.186748,-0.793754,-0.903167
85.000000,1.000000,0.000000,0.000000,0.854201,-0.025684,0.299077,0.157129,-1.498242,0.295315,0.343756,-0.395953,2.821098,-0.647932,0.547493,1.696398,-0.333564,-1.249353,-0.520271
86.000000,1.000000,0.000000,0.000000,0.884807,-0.007187,0.356802,0.198364,-1.596261,0.831517,0.093131,-0.155676,3.026179,-0.359983,0.558491,1.814081,-0.394272,-1.341867,-0.023883
87.000000,1.000000,0.000000,0.000000,0.922763,0.007316,0.413496,0.173165,-1.530455,1.191940,0.198537,-0.165820,3.176858,-0.272769,0.522635,1.976950,-0.375682,-1.546686,0.549827
88.000000,1.000000,0.000000,0.000000,0.963079,0.017073,0.381682,0.277129,-1.281179,1.493194,0.243781,-0.374280,3.090080,-0.421156,0.492671,2.182522,-0.440755,-1.598242,0.807042
89.000000,1.000000,0.000000,0.000000,0.944974,-0.001235,0.438477,0.010349,-1.275221,1.880658,0.006948,-0.335910,3.294955,-0.217717,0.447939,1.989661,-0.376567,-1.643276,1.216570
90.000000,1.000000,0.000000,0.000000,0.887105,-0.020430,0.430014,0.105128,-1.097135,1.833509,0.097410,0.122525,2.909142,0.370148,0.393221,1.701610,-0.264699,-0.974105,1.918582
91.000000,1.000000,0.000000,0.000000,0.814525,-0.030608,0.384127,-0.208965,-0.678140,1.995755,-0.030619,0.755400,1.232039,0.651387,0.584115,0.673415,0.367388,0.310280,2.129508
92.000000,1.000000,0.000000,0.000000,0.779263,-0.034366,0.377335,-0.469530,-0.159371,2.021042,0.024130,0.702583,-0.109596,0.585187,0.671616,-0.353200,0.373213,1.372813,2.285616
93.000000,1.000000,0.000000,0.000000,0.774315,-0.036592,0.347609,-0.423188,0.191339,1.919023,0.029396,0.499429,-1.034695,0.555886,0.441128,-0.546507,0.314607,1.381254,2.190848
94.000000,1.000000,0.000000,0.000000,0.789395,-0.026469,0.354298,-0.777324,0.178450,1.557883,-0.113486,0.304616,-1.108984,0.532231,0.162196,-0.606259,0.131862,1.309162,2.300103
95.000000,1.000000,0.000000,0.000000,0.813839,-0.013727,0.262190,-0.440637,0.381490,1.560878,-0.104572,-0.214703,-1.262233,0.345085,0.026334,-0.603509,0.090832,1.089698,2.263689
96.000000,1.000000,0.000000,0.000000,0.842993,-0.000948,0.217394,-0.496085,0.323712,1.636516,-0.199218,-0.488597,-1.203283,0.317086,-0.227127,-0.822067,0.289407,1.098446,2.355172
97.000000,1.000000,0.000000,0.000000,0.858184,-0.000725,0.220381,-0.698191,-0.124787,1.779159,-0.041810,-0.849968,-0.959459,0.285424,-0.578059,-0.736957,0.379811,0.740308,2.033021
98.000000,1.000000,0.000000,0.000000,0.877987,-0.005780,0.209922,-0.536628,-0.068975,1.970150,0.011490,-1.223779,-0.882065,0.292548,-0.756027,-0.821557,0.462294,0.763646,2.103472
99.000000,1.000000,0.000000,0.000000,0.893963,-0.023194,0.239284,-0.515076,-0.208842,2.191256,0.086062,-1.488322,-0.416416,0.249885,-1.009328,-0.726639,0.724260,0.662882,1.941413
100.000000,1.000000,0.000000,0.000000,0.924090,-0.036894,0.266379,-0.584711,0.023209,2.222143,0.031245,-1.541881,-0.005079,0.236220,-1.095270,-0.528212,0.772991,0.568507,2.237357
101.000000,1.000000,0.000000,0.000000,0.965859,-0.054149,0.303853,-0.502535,0.250791,2.382183,0.053089,-1.500574,0.477927,0.039660,-1.276380,-0.134860,0.955806,0.592394,2.412095
102.000000,1.000000,0.000000,0.000000,1.010910,-0.078140,0.339654,-0.236092,0.208007,2.622842,-0.125158,-1.544941,1.079300,0.130362,-1.423717,0.175282,0.889002,0.598698,2.529069
103.000000,1.000000,0.000000,0.000000,1.040257,-0.090075,0.343801,-0.160217,0.350688,2.352093,-0.344249,-1.146004,1.753495,0.052341,-1.483544,0.674351,0.462564,0.353733,2.517942
104.000000,1.000000,0.000000,0.000000,1.011700,-0.071564,0.298252,-0.017849,0.215110,2.533679,-0.288562,-1.028109,1.817913,-0.087001,-1.395496,1.205323,0.196944,0.078442,2.573927
105.000000,1.000000,0.000000,0.000000,0.949252,-0.045584,0.344602,-0.212392,0.673762,1.749698,-0.161366,-0.443687,1.753136,-0.120149,-0.773473,1.683882,0.012291,0.318177,1.836712
106.000000,1.000000,0.000000,0.000000,0.873687,-0.038979,0.404618,-0.095592,0.831253,0.681122,0.101574,-0.148002,1.988333,-0.295687,0.018764,1.931891,-0.159891,0.312528,0.541025
107.000000,1.000000,0.000000,0.000000,0.830146,-0.033658,0.379286,0.131325,0.991436,-0.553270,0.423066,-0.061576,2.011226,-0.513096,0.704054,1.918467,-0.277057,0.246338,-0.231929
108.000000,1.000000,0.000000,0.000000,0.805660,-0.037996,0.355099,0.218048,0.727809,-1.106326,0.584494,-0.287230,1.576352,-0.499605,0.470671,1.771914,-0.193227,0.404434,-0.681624
109.000000,1.000000,0.000000,0.000000,0.794589,-0.043335,0.306838,0.194030,0.342758,-1.256026,0.680077,-0.452012,1.547537,-0.540045,0.517341,1.799739,-0.172524,0.276810,-0.911394
110.000000,1.000000,0.000000,0.000000,0.791520,-0.048884,0.297195,0.214545,-0.101520,-1.446973,0.679071,-0.251220,1.651100,-0.480967,0.366235,1.758600,-0.208879,0.167435,-1.187011
111.000000,1.000000,0.000000,0.000000,0.797707,-0.055320,0.323963,0.140574,-0.507253,-1.374953,0.541727,-0.084419,1.738704,-0.503845,0.304652,1.842753,-0.159012,0.013078,-1.249846
112.000000,1.000000,0.000000,0.000000,0.801723,-0.058901,0.321544,0.266819,-0.770756,-1.231718,0.694730,-0.152195,1.706136,-0.389161,0.112968,1.664222,-0.222085,-0.263311,-1.280107
113.000000,1.000000,0.000000,0.000000,0.817684,-0.053489,0.263444,0.251309,-1.099793,-0.819567,0.673818,-0.099138,2.158375,-0.827274,0.466027,1.864406,-0.168649,-0.594020,-1.208163
114.000000,1.000000,0.000000,0.000000,0.822562,-0.036980,0.214852,0.237741,-1.341811,-0.311631,0.554392,-0.437993,2.216692,-0.656415,0.376204,1.492664,-0.202087,-0.868174,-1.037402
115.000000,1.000000,0.000000,0.000000,0.842101,-0.016895,0.182333,0.090281,-1.457762,0.112204,0.479601,-0.398730,2.586591,-0.759279,0.457069,1.797040,-0.224721,-1.088820,-0.592738
116.000000,1.000000,0.000000,0.000000,0.856170,0.007240,0.178066,0.093205,-1.573090,0.735025,0.442390,-0.559231,2.691077,-0.482737,0.339480,1.627127,-0.318240,-1.399596,-0.060335
117.000000,1.000000,0.000000,0.000000,0.892061,0.030901,0.177186,-0.037091,-1.483553,1.085939,0.321668,-0.413880,3.027462,-0.634221,0.484532,1.979433,-0.276668,-1.479110,0.412266
118.000000,1.000000,0.000000,0.000000,0.933660,0.049355,0.219542,-0.045454,-1.353109,1.336539,0.125864,-0.192078,3.084645,-0.374226,0.485695,2.067281,-0.319669,-1.394816,0.720152
119.000000,1.000000,0.000000,0.000000,0.926636,0.041722,0.337883,0.005747,-1.247588,1.489771,-0.067252,-0.090102,3.364059,-0.227945,0.483072,1.952687,-0.235340,-1.394759,1.180315
120.000000,1.000000,0.000000,0.000000,0.867650,0.015729,0.262867,0.216517,-0.784042,1.817788,0.244398,0.279386,2.394985,0.347924,0.435344,1.763606,-0.182288,-0.919232,1.868562
121.000000,1.000000,0.000000,0.000000,0.802739,-0.002327,0.324564,-0.209065,-0.583286,1.848855,-0.123485,0.947264,1.251405,0.815550,0.143227,1.373266,0.186534,0.363307,1.867256
122.000000,1.000000,0.000000,0.000000,0.750294,-0.019361,0.397268,-0.480750,-0.255266,2.041254,-0.039472,0.860923,-0.301175,0.592360,0.385591,0.179948,0.503077,1.017451,1.961765
123.000000,1.000000,0.000000,0.000000,0.737409,-0.022807,0.362765,-0.409063,0.190356,1.927155,0.080207,0.492587,-0.890748,0.489670,0.492082,-0.437634,0.218907,1.220516,2.168975
124.000000,1.000000,0.000000,0.000000,0.748728,-0.018058,0.336792,-0.529233,0.305468,1.550569,-0.114462,0.385420,-1.297472,0.465111,0.312021,-0.623956,0.194684,1.169582,2.168636
125.000000,1.000000,0.000000,0.000000,0.766965,-0.012491,0.254225,-0.254805,0.317444,1.592941,-0.175363,-0.076836,-1.437159,0.363862,0.162880,-0.765059,0.282096,0.933068,2.109223
126.000000,1.000000,0.000000,0.000000,0.791310,-0.001668,0.214916,-0.633638,0.297545,1.571888,-0.262683,-0.345081,-1.138413,0.387520,-0.124678,-0.750490,0.250925,0.809322,2.194530
127.000000,1.000000,0.000000,0.000000,0.811653,-0.001272,0.209416,-0.546268,0.043606,1.789283,-0.110266,-0.787916,-0.927481,0.297253,-0.446876,-0.738800,0.506925,0.931481,2.064823
128.000000,1.000000,0.000000,0.000000,0.828311,-0.005251,0.265773,-0.918537,-0.178713,1.816902,0.008145,-1.074129,-0.766653,0.255372,-0.783193,-0.747948,0.624225,0.879281,2.039920
129.000000,1.000000,0.000000,0.000000,0.848080,-0.015449,0.331304,-0.939171,-0.139096,1.910858,0.085039,-1.241695,-0.619111,0.266775,-0.991579,-0.618371,0.657856,0.822893,1.988501
130.000000,1.000000,0.000000,0.000000,0.872489,-0.032273,0.391353,-0.734653,-0.205850,2.262351,0.083578,-1.469957,-0.055903,0.340520,-1.154200,-0.516039,0.837756,0.718983,2.136758
131.000000,1.000000,0.000000,0.000000,0.907543,-0.054800,0.427699,-0.290151,0.073546,2.413792,0.012700,-1.677342,0.378872,0.251440,-1.294348,-0.110948,0.943470,0.819284,2.244626
132.000000,1.000000,0.000000,0.000000,0.958684,-0.069341,0.379608,-0.318982,0.238522,2.502144,-0.038163,-1.509811,0.840624,0.025140,-1.430505,0.210177,0.618447,0.503236,2.674377
133.000000,1.000000,0.000000,0.000000,1.007618,-0.092838,0.394235,-0.202559,0.407753,2.465148,-0.269620,-1.092745,1.274870,0.090350,-1.458841,0.785616,0.522105,0.757539,2.460696
134.000000,1.000000,0.000000,0.000000,0.997218,-0.090217,0.340979,0.226557,0.309563,2.500306,-0.273180,-1.073667,1.850860,-0.151452,-1.268523,1.164092,0.430973,0.286013,2.360347
135.000000,1.000000,0.000000,0.000000,0.934118,-0.055915,0.241258,0.092705,0.745447,1.800096,-0.047714,-0.652613,1.973293,-0.318766,-0.717282,1.526598,-0.210058,0.001093,2.078569
136.000000,1.000000,0.000000,0.000000,0.858994,-0.044506,0.305391,-0.032015,1.035745,0.719145,-0.138824,-0.287188,1.940123,-0.213427,0.039568,1.769272,-0.170169,-0.030430,1.430508
137.000000,1.000000,0.000000,0.000000,0.804378,-0.029897,0.235289,0.157524,1.217743,-0.294922,0.286783,-0.125846,2.084926,-0.278699,0.668052,1.728588,-0.351092,-0.028944,0.599278
138.000000,1.000000,0.000000,0.000000,0.774576,-0.027630,0.183189,0.206114,0.972062,-1.139977,0.361258,-0.188324,1.560753,-0.617564,0.706883,1.758236,-0.215405,0.325056,-0.674342
139.000000,1.000000,0.000000,0.000000,0.760910,-0.026946,0.168713,0.254739,0.528258,-1.499644,0.537240,-0.232959,1.702269,-0.412222,0.666899,1.775332,-0.163997,0.247067,-1.126257
140.000000,1.000000,0.000000,0.000000,0.763212,-0.036121,0.184161,0.193498,-0.014068,-1.534464,0.619589,-0.044384,1.488739,-0.379417,0.470254,1.836666,-0.230982,0.254990,-1.262839
141.000000,1.000000,0.000000,0.000000,0.766199,-0.043104,0.174985,0.246814,-0.424375,-1.501973,0.844989,-0.202153,1.557399,-0.446848,0.336631,1.801045,-0.194871,-0.106593,-1.337611
142.000000,1.000000,0.000000,0.000000,0.773650,-0.040817,0.139483,0.173138,-0.760400,-1.451291,0.722176,-0.218317,1.767352,-0.714005,0.481324,1.674622,-0.179059,-0.264630,-1.373601
143.000000,1.000000,0.000000,0.000000,0.779937,-0.035160,0.130577,0.183012,-1.035482,-1.054341,0.715454,-0.336318,1.956913,-0.501224,0.359542,1.662396,-0.206371,-0.534645,-1.197510
144.000000,1.000000,0.000000,0.000000,0.801404,-0.027676,0.173750,0.292193,-1.349591,-0.524271,0.228639,0.244319,2.271119,-0.595398,0.554941,1.755435,-0.044339,-0.756841,-0.973557
145.000000,1.000000,0.000000,0.000000,0.820451,-0.019852,0.200488,0.180687,-1.467912,0.139356,0.424693,0.009714,2.328221,-0.477627,0.387789,1.775248,-0.134452,-0.987778,-0.526479
146.000000,1.000000,0.000000,0.000000,0.837228,0.000667,0.183847,0.116837,-1.572138,0.743122,0.334685,-0.349380,2.701882,-0.548810,0.482426,1.708840,-0.405910,-1.438047,-0.104810
147.000000,1.000000,0.000000,0.000000,0.865090,0.025970,0.136425,-0.034441,-1.457865,1.008925,0.497486,-0.587556,2.920352,-0.783967,0.626845,1.848558,-0.272872,-1.586270,0.326688
148.000000,1.000000,0.000000,0.000000,0.908003,0.043730,0.089769,0.142762,-1.223773,1.259722,0.453725,-0.314829,2.947180,-0.664104,0.629496,2.153816,-0.323004,-1.549753,0.774145
149.000000,1.000000,0.000000,0.000000,0.928640,0.043869,0.241955,-0.051028,-1.140149,1.493938,0.074397,-0.054354,3.078497,-0.111010,0.344655,2.088960,-0.263430,-1.267161,1.204806
150.000000,1.000000,0.000000,0.000000,0.886713,0.015362,0.171499,0.448553,-0.746465,1.968379,-0.020090,0.314472,2.386833,0.246286,0.374756,2.032012,-0.210642,-1.058274,1.644288
151.000000,1.000000,0.000000,0.000000,0.819214,-0.005610,0.245726,-0.190757,-0.587362,1.917245,-0.098955,0.787936,1.300784,0.624551,0.287047,1.177022,0.319022,0.211606,1.746354
152.000000,1.000000,0.000000,0.000000,0.765386,-0.024977,0.306968,-0.408357,-0.228315,2.161265,-0.024794,0.795328,0.123529,0.509402,0.483391,0.224820,0.450591,0.885253,2.005983
153.000000,1.000000,0.000000,0.000000,0.754342,-0.025893,0.287026,-0.518792,0.357686,1.845878,0.018682,0.562502,-0.709398,0.486840,0.463755,-0.359005,0.204417,1.168527,2.196042
154.000000,1.000000,0.000000,0.000000,0.769131,-0.014900,0.211067,-0.481999,0.562251,1.580819,-0.018199,0.237974,-1.110247,0.459207,0.339172,-0.586217,-0.054785,1.216417,2.286427
155.000000,1.000000,0.000000,0.000000,0.788649,-0.006309,0.211368,-0.547729,0.169150,1.510275,-0.252576,0.111367,-1.320138,0.430403,0.043076,-0.730407,0.335042,1.173776,2.275616
156.000000,1.000000,0.000000,0.000000,0.820543,0.004645,0.139787,-0.447348,0.431582,1.593410,-0.221658,-0.289869,-1.247904,0.247792,-0.025685,-0.695548,0.276800,1.065831,2.261632
157.000000,1.000000,0.000000,0.000000,0.839517,0.005822,0.051049,-0.203928,0.190772,1.815410,-0.136892,-0.795193,-1.078928,0.250909,-0.305981,-0.817453,0.297860,0.718080,1.950532
158.000000,1.000000,0.000000,0.000000,0.859902,-0.001309,0.130773,-0.746018,0.088317,1.863250,-0.124895,-1.136507,-0.853886,0.240477,-0.846154,-0.654494,0.711996,1.103778,1.952522
159.000000,1.000000,0.000000,0.000000,0.880629,-0.009162,0.244109,-1.101793,-0.218231,1.898558,0.002617,-1.182895,-0.454238,0.254432,-1.011817,-0.662470,0.865315,0.822909,2.095841
160.000000,1.000000,0.000000,0.000000,0.905092,-0.026820,0.253794,-0.638360,-0.106553,2.245259,0.092763,-1.458552,-0.243531,0.301527,-1.175577,-0.606954,0.632624,0.706113,2.020394
161.000000,1.000000,0.000000,0.000000,0.950450,-0.043998,0.237003,-0.269551,0.273051,2.462342,-0.004304,-1.478308,0.212903,0.314164,-1.176023,-0.226565,0.699692,0.783494,2.335687
162.000000,1.000000,0.000000,0.000000,1.006328,-0.054336,0.231172,-0.404673,0.469554,2.431051,-0.060004,-1.326725,0.806083,0.073991,-1.367600,0.142922,0.768928,0.568061,2.672897
163.000000,1.000000,0.000000,0.000000,1.056240,-0.070790,0.251960,-0.125803,0.465498,2.393714,-0.316064,-1.214551,1.389620,-0.087873,-1.516315,0.699299,0.740194,0.442990,2.624018
164.000000,1.000000,0.000000,0.000000,1.034800,-0.059183,0.182363,0.055725,0.492979,2.575502,-0.150534,-1.175836,1.594310,-0.056382,-1.320662,1.063636,0.308443,0.339704,2.379331
165.000000,1.000000,0.000000,0.000000,0.969703,-0.042079,0.239341,-0.175518,0.370892,2.252056,-0.252363,-0.663058,1.767450,-0.115602,-0.989677,1.673723,0.170668,0.338223,1.777054
166.000000,1.000000,0.000000,0.000000,0.888487,-0.031652,0.306546,-0.055845,0.874222,1.110348,0.025111,-0.315594,1.910120,-0.378818,-0.080480,1.819759,-0.195611,0.195704,0.953333
167.000000,1.000000,0.000000,0.000000,0.837075,-0.025084,0.274759,0.127170,1.069965,-0.301735,0.432052,-0.132958,1.909371,-0.636265,0.779858,1.913971,-0.278558,0.377788,-0.349315
168.000000,1.000000,0.000000,0.000000,0.817262,-0.024352,0.228891,0.223923,0.937088,-1.233881,0.572844,-0.088612,1.724639,-0.658180,0.955383,1.941463,-0.269636,0.466201,-0.854156
169.000000,1.000000,0.000000,0.000000,0.804927,-0.022027,0.174053,0.179147,0.380101,-1.595340,0.547089,-0.422410,1.588923,-0.924142,0.684625,1.704428,-0.078037,0.440535,-1.194092
170.000000,1.000000,0.000000,0.000000,0.801898,-0.028603,0.122311,0.247857,-0.029725,-1.455136,0.949788,-0.412590,1.417546,-0.381404,0.398694,1.764126,-0.211853,0.173436,-1.231671
171.000000,1.000000,0.000000,0.000000,0.805435,-0.030435,0.148281,0.051077,-0.574767,-1.481307,0.504139,-0.238096,1.719448,-0.528777,0.390808,1.828923,-0.148871,0.062488,-1.343589
172.000000,1.000000,0.000000,0.000000,0.814073,-0.023164,0.073701,0.180399,-0.860982,-1.369672,0.664584,-0.228768,1.803139,-0.832929,0.622526,1.659486,-0.116277,-0.314375,-1.358556
173.000000,1.000000,0.000000,0.000000,0.823384,-0.010394,0.036807,0.195613,-1.210129,-1.000301,0.426529,-0.320646,2.043907,-0.751915,0.617630,1.626198,-0.142126,-0.472775,-1.317573
174.000000,1.000000,0.000000,0.000000,0.839065,-0.003077,0.007216,0.286284,-1.429101,-0.294145,0.529167,-0.169580,1.980460,-0.515325,0.581181,1.783815,-0.217246,-0.719843,-0.924344
175.000000,1.000000,0.000000,0.000000,0.852361,0.019122,0.008407,0.104208,-1.593005,0.219168,0.385934,-0.350895,2.440418,-0.529263,0.607006,1.549633,-0.245141,-1.020294,-0.632361
176.000000,1.000000,0.000000,0.000000,0.878181,0.041185,0.074529,0.098916,-1.694854,0.670421,0.129768,-0.248195,2.781954,-0.423135,0.496430,1.771047,-0.239564,-1.147562,-0.233674
177.000000,1.000000,0.000000,0.000000,0.926457,0.052614,0.106152,0.187819,-1.511341,1.422674,0.048822,0.173925,2.821200,-0.494613,0.525031,2.253954,-0.264552,-1.234506,0.348162
178.000000,1.000000,0.000000,0.000000,0.958162,0.059410,0.081372,0.225613,-1.348691,1.687840,0.411799,-0.038823,2.814057,-0.494198,0.477498,2.253397,-0.422490,-1.503570,0.843141
179.000000,1.000000,0.000000,0.000000,0.935973,0.025407,0.205531,-0.082161,-1.084363,2.043979,0.103082,0.173758,2.810992,-0.040238,0.404330,2.214229,-0.295341,-1.464348,1.307190
180.000000,1.000000,0.000000,0.000000,0.866889,0.006153,0.123636,0.189320,-0.652708,1.942149,0.094101,0.366549,2.340826,0.352426,0.449904,1.672548,-0.065389,-1.019624,1.877821
181.000000,1.000000,0.000000,0.000000,0.795547,-0.015989,0.262288,-0.344574,-0.634095,1.918453,-0.159320,0.873013,1.142291,0.721435,0.404804,0.652762,0.469823,0.466427,1.924253
182.000000,1.000000,0.000000,0.000000,0.757291,-0.031269,0.216057,-0.333453,0.152729,2.093572,0.088229,0.612774,-0.281391,0.416130,0.625568,-0.095124,0.460211,0.886096,1.976717
183.000000,1.000000,0.000000,0.000000,0.751562,-0.031836,0.214684,-0.613451,0.232542,1.757820,-0.014143,0.545855,-0.925425,0.524841,0.436397,-0.471438,0.294922,1.092716,2.156174
184.000000,1.000000,0.000000,0.000000,0.766727,-0.027330,0.173979,-0.619151,0.497138,1.561444,-0.037679,0.162895,-1.242909,0.360083,0.236539,-0.407465,0.293359,0.945424,1.998794
185.000000,1.000000,0.000000,0.000000,0.794023,-0.013569,0.047083,-0.248221,0.613899,1.601139,-0.219235,-0.101562,-1.260459,0.343883,0.205490,-0.706804,0.177831,0.804143,2.273752
186.000000,1.000000,0.000000,0.000000,0.821224,-0.005992,0.018692,-0.445763,0.348668,1.657032,-0.312754,-0.412919,-1.198894,0.266291,-0.160584,-0.725123,0.479257,0.870861,2.187398
187.000000,1.000000,0.000000,0.000000,0.843538,-0.007489,-0.015224,-0.407581,0.201723,1.974452,-0.213427,-0.879004,-0.992487,0.210904,-0.494662,-0.823317,0.541774,0.765036,2.084281
188.000000,1.000000,0.000000,0.000000,0.869024,-0.011358,0.024000,-0.626933,0.174928,1.856068,-0.134953,-1.068882,-0.827112,0.210218,-0.622721,-0.882726,0.762506,0.778000,2.042596
189.000000,1.000000,0.000000,0.000000,0.892601,-0.022026,0.092186,-0.682780,0.037171,2.024011,-0.080782,-1.344263,-0.405707,0.258932,-0.955558,-0.821311,0.895593,0.660971,2.109422
190.000000,1.000000,0.000000,0.000000,0.927477,-0.037737,0.068136,-0.252004,0.198514,2.397165,-0.041750,-1.588533,0.198388,0.230619,-1.082018,-0.733436,0.804140,0.599218,2.294223
191.000000,1.000000,0.000000,0.000000,0.960519,-0.063939,0.172654,-0.711671,-0.004834,2.347789,-0.022249,-1.423944,0.471061,0.227138,-1.343376,-0.139530,0.979412,0.718457,2.162802
192.000000,1.000000,0.000000,0.000000,1.008108,-0.089027,0.164435,-0.223889,0.267951,2.620530,-0.038353,-1.424327,0.888773,0.168094,-1.472177,0.268349,0.709432,0.663533,2.473844
193.000000,1.000000,0.000000,0.000000,1.045543,-0.097844,0.126014,-0.034441,0.448359,2.383832,-0.142999,-1.245001,1.345037,-0.052699,-1.517368,0.783413,0.467944,0.519952,2.685811
194.000000,1.000000,0.000000,0.000000,1.012869,-0.069803,0.075815,-0.088039,0.353432,2.356591,-0.145161,-0.839088,1.731276,-0.030734,-1.335121,1.182242,0.102133,0.169805,2.467632
195.000000,1.000000,0.000000,0.000000,0.938248,-0.045279,0.182398,-0.242535,0.570167,1.791597,-0.179612,-0.416241,1.740255,-0.219130,-0.780360,1.715547,-0.058616,0.354778,1.769792
196.000000,1.000000,0.000000,0.000000,0.855628,-0.029808,0.215366,-0.047611,0.947656,0.915970,0.185019,-0.308575,2.079234,-0.380304,0.141670,1.829511,-0.283413,0.127872,0.870170
197.000000,1.000000,0.000000,0.000000,0.802398,-0.013297,0.098387,0.217009,1.195791,-0.652462,0.619491,-0.406821,1.781430,-0.768029,0.740637,1.548804,-0.418984,0.219205,-0.296791
198.000000,1.000000,0.000000,0.000000,0.777014,-0.012175,0.082619,0.182601,0.893531,-1.342981,0.570055,-0.194877,1.617489,-0.693609,0.657774,1.843114,-0.216224,0.416278,-0.997483
199.000000,1.000000,0.000000,0.000000,0.775416,-0.020127,0.099198,0.228769,0.418519,-1.410352,0.626195,-0.097899,1.422241,-0.340948,0.624076,1.863544,-0.119787,0.320913,-0.982725
200.000000,1.000000,0.000000,0.000000,0.779037,-0.031816,0.125887,0.236124,-0.068873,-1.449946,0.649142,-0.016400,1.323742,-0.215646,0.426524,1.750661,-0.216652,0.233180,-1.170317
201.000000,0.000000,0.000000,1.000000,0.775891,-0.031686,0.070457,0.197269,-0.502877,-1.472209,0.864982,-0.456753,1.592182,-0.606590,0.394244,1.646928,-0.205012,-0.120956,-1.380502
202.000000,0.000000,0.000000,1.000000,0.780842,-0.025902,0.051270,0.217936,-0.882101,-1.328224,0.635544,-0.306451,1.825979,-0.608420,0.481825,1.661301,-0.132613,-0.361521,-1.419689
203.000000,0.000000,0.000000,1.000000,0.752261,-0.003449,0.051666,0.006167,-0.416877,-0.240544,0.187462,-1.585443,1.424284,-0.351802,-0.492875,0.729407,-0.236167,0.006680,-0.601746
204.000000,0.000000,0.000000,1.000000,0.717653,0.024193,0.119599,0.105124,-0.444432,0.437449,-0.071530,-1.805159,1.630176,-0.017508,-0.591349,0.702163,-0.398279,0.004732,-0.448857
205.000000,0.000000,0.000000,1.000000,0.682565,0.065557,0.097905,0.069209,-0.512250,0.805509,0.133803,-1.969292,1.811677,-0.260121,-0.166877,0.586225,-0.540291,-0.216129,-0.343326
206.000000,0.000000,0.000000,1.000000,0.645869,0.100862,0.150195,-0.033614,-0.828384,1.044834,-0.348283,-1.532932,1.747573,-0.370687,0.078001,0.592424,-0.335377,-0.204746,-0.184011
207.000000,0.000000,0.000000,1.000000,0.577238,0.094508,0.196990,-0.062239,-0.917164,1.470202,-0.437007,-1.248252,1.602436,-0.361688,0.024574,0.757935,-0.088188,-0.485740,0.154493
208.000000,0.000000,0.000000,1.000000,0.500094,0.079440,0.222117,-0.087299,-0.909561,1.313712,0.167152,-1.119052,1.299522,0.044046,0.066759,0.389067,-0.158397,-0.633659,0.523232
209.000000,0.000000,0.000000,1.000000,0.428467,0.078246,0.299881,-0.393413,-0.817180,0.887732,0.542357,-1.588571,1.560020,0.206519,0.123967,0.118669,-0.351870,-0.693184,0.566781
210.000000,0.000000,0.000000,1.000000,0.355616,0.074385,0.249186,-0.512035,-0.861459,1.247536,0.439050,-1.430560,1.127499,0.254435,0.106507,0.163358,-0.209397,-0.377721,0.676622
211.000000,0.000000,0.000000,1.000000,0.297741,0.052628,0.188272,-0.396207,-0.660296,1.689962,-0.025521,-0.454331,0.299641,0.352357,0.207839,0.029504,0.633076,0.041122,1.003263
212.000000,0.000000,0.000000,1.000000,0.244595,0.032455,0.176883,-0.593948,-0.923881,1.610491,-0.136930,0.205884,-0.243660,0.309329,0.355389,0.083806,0.800217,0.121460,1.243596
213.000000,0.000000,0.000000,1.000000,0.207950,0.014676,0.128725,-0.333150,-0.880596,1.812865,-0.132000,0.339209,-0.395053,0.270476,0.381292,-0.081932,0.722266,0.032585,1.273836
214.000000,0.000000,0.000000,1.000000,0.176930,0.003192,0.205344,-0.890276,-1.175046,1.559893,-0.205353,0.366820,-0.404970,0.268765,0.351621,-0.153431,0.821723,0.055416,1.294526
215.000000,0.000000,0.000000,1.000000,0.153490,-0.006380,0.155330,-0.434773,-0.975900,1.637498,-0.223639,0.263883,-0.458600,0.212019,0.455750,-0.212296,0.506917,-0.167017,1.247446
216.000000,0.000000,0.000000,1.000000,0.145940,-0.003641,0.109348,-0.275848,-0.793853,1.343440,-0.370026,0.364656,-0.603164,0.281477,0.481904,-0.397767,0.524722,-0.056358,1.652090
217.000000,0.000000,0.000000,1.000000,0.130250,-0.013858,0.097372,-0.360989,-0.979428,1.680693,-0.300860,0.224521,-0.311703,0.117518,0.391187,-0.409739,0.656674,-0.132685,1.298153
218.000000,0.000000,0.000000,1.000000,0.122007,-0.019931,0.131168,-0.488906,-0.820406,1.519547,-0.302620,0.261055,-0.306922,0.177003,0.407193,-0.456397,0.754571,0.013857,1.415658
219.000000,0.000000,0.000000,1.000000,0.125846,-0.019687,0.094575,-0.450437,-0.381937,1.643331,-0.367683,0.268071,-0.211237,0.128750,0.438008,-0.530854,0.560532,0.063592,1.656377
220.000000,0.000000,0.000000,1.000000,0.126569,-0.023505,0.065102,-0.320868,-0.344377,1.463355,-0.287520,0.079971,-0.226669,0.141571,0.215455,-0.105164,0.503668,0.180129,1.435718
221.000000,0.000000,0.000000,1.000000,0.125656,-0.031196,0.064630,-0.296758,-0.322286,1.545272,-0.215568,-0.147273,-0.107756,0.076675,0.096384,-0.074393,0.794313,0.329671,1.372562
222.000000,0.000000,0.000000,1.000000,0.120187,-0.034018,0.004644,-0.469261,-0.576629,1.573201,-0.071091,-0.055893,0.156773,0.179738,0.069821,-0.048210,0.290306,0.010701,1.488961
223.000000,0.000000,0.000000,1.000000,0.120351,-0.039523,0.050472,-0.650364,-0.547284,1.378553,0.086222,-0.097409,0.471813,0.279855,-0.026617,0.397867,0.598633,0.338043,1.441576
224.000000,0.000000,0.000000,1.000000,0.117559,-0.044876,0.026041,-0.165835,-0.368288,1.440454,-0.038470,-0.308016,0.912373,0.112594,0.047620,0.680473,0.624091,0.188984,1.339092
225.000000,0.000000,0.000000,1.000000,0.110359,-0.039045,0.081438,-0.111137,-0.155578,0.986830,-0.293268,-0.369806,1.253399,-0.062270,0.036314,0.918141,0.403180,0.211758,1.103724
226.000000,0.000000,0.000000,1.000000,0.099984,-0.036055,0.023545,0.096712,0.072147,0.631529,0.290753,-0.330586,1.397086,-0.144644,0.196584,1.086247,-0.137494,0.118359,0.397730
227.000000,0.000000,0.000000,1.000000,0.089865,-0.036406,-0.008495,0.142022,0.073477,0.267096,0.438955,-0.312701,1.476856,-0.506157,0.242636,1.369666,-0.059403,0.310891,-0.063535
228.000000,0.000000,0.000000,1.000000,0.078344,-0.037662,0.079649,0.200389,0.174324,-0.267764,0.440299,-0.456656,1.621486,0.017041,0.094915,1.560002,-0.148842,0.485879,-0.184231
229.000000,0.000000,0.000000,1.000000,0.070802,-0.035617,0.107276,0.192383,0.225200,-0.413984,0.377246,-0.545065,1.650095,-0.426917,0.165507,1.609614,-0.164966,0.513701,-0.222375
230.000000,0.000000,0.000000,1.000000,0.068158,-0.031546,0.093013,0.180378,0.332399,-0.440826,0.621619,-0.495751,1.704222,-0.475793,0.227409,1.541605,-0.207739,0.530489,-0.313858
231.000000,0.000000,0.000000,1.000000,0.062995,-0.028950,0.068368,0.124837,0.298750,-0.390947,0.736835,-0.592327,1.658533,-0.535697,0.080703,1.549865,-0.230937,0.504301,-0.358284
232.000000,0.000000,0.000000,1.000000,0.053380,-0.023076,0.122551,0.096383,0.230047,-0.442143,0.535118,-0.550698,1.823178,-0.384367,-0.119347,1.447509,-0.137702,0.457741,-0.421805
233.000000,0.000000,0.000000,1.000000,0.048192,-0.016986,0.042078,0.177059,0.340583,-0.354995,0.880946,-0.658056,1.612414,-0.647486,0.058284,1.398908,-0.221475,0.386842,-0.281457
234.000000,0.000000,0.000000,1.000000,0.035187,-0.008441,0.010527,0.114047,0.209121,-0.239450,0.690830,-0.791020,1.685439,-0.585031,-0.052677,1.297725,-0.211997,0.313602,-0.317122
235.000000,0.000000,0.000000,1.000000,0.027364,-0.004508,0.103755,0.097186,0.121955,-0.082212,0.245402,-0.519638,1.724595,-0.325336,-0.139333,1.397127,-0.154346,0.387783,-0.311072
236.000000,0.000000,0.000000,1.000000,0.028139,0.000085,0.090276,0.187309,0.131341,0.179461,0.468447,-0.363637,1.593766,-0.562456,0.186408,1.369270,-0.143404,0.205355,-0.110981
237.000000,0.000000,0.000000,1.000000,0.031404,-0.000621,0.137096,0.267813,0.107985,0.372892,0.417693,-0.383126,1.693711,-0.419909,0.073594,1.648740,-0.096253,0.132572,0.262245
238.000000,0.000000,0.000000,1.000000,0.028154,0.003401,0.093775,0.098835,-0.051059,0.523042,0.673780,-0.517836,1.505550,-0.421934,0.277771,1.343473,-0.276910,-0.097806,0.508779
239.000000,0.000000,0.000000,1.000000,0.015332,0.012387,-0.006365,-0.171696,-0.225755,0.655804,0.650579,-0.432950,1.476761,-0.573024,0.346254,1.115150,-0.127912,-0.380023,0.612148
240.000000,0.000000,0.000000,1.000000,0.013303,0.007662,-0.005382,-0.072252,-0.228492,1.040603,0.226566,-0.030244,1.156232,-0.183052,0.048652,1.174286,0.097006,-0.209422,0.842464
241.000000,0.000000,0.000000,1.000000,0.009328,0.009076,-0.003980,-0.300611,-0.223998,1.142484,0.168449,0.034297,0.632837,-0.009712,0.113917,0.397631,0.466572,-0.079162,1.100724
242.000000,0.000000,0.000000,1.000000,0.000474,0.001230,0.035810,-0.514937,-0.462235,1.509601,-0.118916,0.071501,0.319273,0.077932,0.187996,0.175626,0.771302,-0.016636,1.196068
243.000000,0.000000,0.000000,1.000000,0.007469,0.000952,0.051837,-0.497382,-0.187256,1.559627,-0.185508,0.140085,0.233600,0.147359,0.270831,-0.162825,0.744870,0.394763,1.691867
244.000000,0.000000,0.000000,1.000000,-0.004772,-0.012961,0.122725,-0.833626,-0.637871,1.476184,-0.225774,0.217153,-0.174540,0.220698,0.097845,-0.173595,0.691439,0.025200,1.226355
245.000000,0.000000,0.000000,1.000000,-0.002754,-0.020926,0.175405,-0.775640,-0.489801,1.545011,-0.197600,0.293436,-0.290107,0.257305,0.243224,-0.294343,0.892623,0.242849,1.615575
246.000000,0.000000,0.000000,1.000000,0.002412,-0.033943,0.080689,-0.078768,-0.145065,1.775012,-0.142246,0.050375,-0.331997,0.132468,0.380685,-0.411718,0.830611,0.199104,1.456171
247.000000,0.000000,0.000000,1.000000,0.004046,-0.047224,0.124324,-0.620583,-0.376052,1.694825,-0.228793,0.044036,-0.305008,0.169229,0.234148,-0.429342,1.047716,0.308565,1.494670
248.000000,0.000000,0.000000,1.000000,0.007125,-0.059536,0.117545,-0.550542,-0.435540,1.766298,-0.145119,0.008234,-0.489556,0.152586,0.297025,-0.463010,0.851531,0.314089,1.585822
249.000000,0.000000,0.000000,1.000000,0.015562,-0.072732,0.154479,-0.427406,-0.294870,1.681360,-0.349175,0.053894,-0.328973,0.099176,0.248186,-0.455893,1.062133,0.453263,1.475888
250.000000,0.000000,0.000000,1.000000,0.036167,-0.069434,0.039941,-0.202707,0.080694,1.489145,-0.422584,0.031116,-0.103371,0.075351,0.319619,-0.453446,0.431669,0.307308,1.761858
251.000000,0.000000,0.000000,1.000000,0.061642,-0.068047,-0.055966,-0.164598,0.250363,1.519203,-0.422782,-0.083125,0.086627,0.139625,0.363192,-0.347526,0.562254,0.418490,1.797406
252.000000,0.000000,0.000000,1.000000,0.080984,-0.069271,-0.026179,-0.490430,0.133852,1.479263,-0.198816,-0.185454,0.624760,0.058889,0.070845,0.027371,0.989971,0.505892,1.713907
253.000000,0.000000,0.000000,1.000000,0.083561,-0.058622,0.048613,-0.475271,0.089819,1.254190,-0.392032,-0.238740,0.741107,0.099097,0.067555,0.314977,0.716967,0.339961,1.239047
254.000000,0.000000,0.000000,1.000000,0.070256,-0.058934,-0.030544,-0.158753,-0.280212,1.500644,0.078959,-0.373691,0.694264,0.076322,-0.099599,0.655380,0.321338,0.067496,1.074940
255.000000,0.000000,0.000000,1.000000,0.061996,-0.060086,0.007460,-0.334644,-0.169870,1.061786,0.152119,-0.267154,1.025695,0.147945,-0.088012,0.863710,0.125016,0.150816,0.812020
256.000000,0.000000,0.000000,1.000000,0.062568,-0.054844,0.012145,0.033918,-0.008191,0.523661,0.381200,-0.204990,1.245054,-0.063062,0.083276,1.112980,-0.043560,0.287638,0.495621
257.000000,0.000000,0.000000,1.000000,0.056689,-0.045104,0.095277,0.089826,0.065101,0.033259,0.284877,-0.286821,1.537442,-0.073004,-0.002470,1.229296,-0.071779,0.381134,0.149144
258.000000,0.000000,0.000000,1.000000,0.048096,-0.036288,0.077578,0.113213,0.137931,-0.069208,0.575401,-0.343024,1.621191,-0.435501,0.123500,1.293945,-0.166977,0.375590,-0.247832
259.000000,0.000000,0.000000,1.000000,0.036514,-0.030972,0.104349,0.092719,0.177979,-0.287520,0.560013,-0.438767,1.660792,-0.425009,-0.140536,1.420419,-0.124935,0.433524,-0.308655
260.000000,0.000000,0.000000,1.000000,0.035865,-0.032694,0.122773,0.117650,0.294446,-0.379893,0.656936,-0.339897,1.667161,-0.480380,-0.046363,1.710053,-0.175093,0.556194,-0.317597
261.000000,0.000000,0.000000,1.000000,0.033841,-0.028549,0.121117,0.190835,0.328630,-0.369713,0.514267,-0.255694,1.623108,-0.597028,0.026762,1.376665,-0.146117,0.447641,-0.355275
262.000000,0.000000,0.000000,1.000000,0.031438,-0.023837,0.027568,0.198696,0.278479,-0.365890,0.893367,-0.521392,1.724353,-0.903144,0.195594,1.563933,-0.205488,0.395837,-0.354413
263.000000,0.000000,0.000000,1.000000,0.023507,-0.018015,-0.014898,0.125829,0.114162,-0.343557,0.811283,-0.515922,1.719551,-0.792685,0.060142,1.395566,-0.135511,0.306246,-0.366398
264.000000,0.000000,0.000000,1.000000,0.021208,-0.017720,0.036640,0.154772,0.165756,-0.377219,0.556748,-0.277082,1.625741,-0.423917,-0.039417,1.377964,-0.110703,0.404022,-0.393768
265.000000,0.000000,0.000000,1.000000,0.019416,-0.015010,0.028085,0.152594,0.152825,-0.142413,0.528695,-0.436711,1.668410,-0.766308,0.028345,1.463074,-0.072390,0.376165,-0.252750
266.000000,0.000000,0.000000,1.000000,0.017832,-0.012346,-0.016560,0.183448,0.142786,-0.033083,0.716599,-0.489556,1.612082,-0.639888,0.163769,1.469348,-0.121125,0.139699,-0.000582
267.000000,0.000000,0.000000,1.000000,0.015255,-0.015353,-0.031120,0.096195,0.046370,0.255376,0.714335,-0.498883,1.371807,-0.276773,0.146297,1.392029,-0.278436,0.075482,0.247449
268.000000,0.000000,0.000000,1.000000,0.017164,-0.015030,-0.040037,0.143378,-0.094027,0.601640,0.505957,-0.296596,1.410133,-0.461510,0.282303,1.381579,-0.149590,-0.068998,0.351795
269.000000,0.000000,0.000000,1.000000,0.005870,-0.004962,-0.072041,-0.125434,-0.258691,0.732615,0.569269,-0.296785,1.500799,-0.269425,0.161421,1.067334,-0.180508,-0.259352,0.533522
270.000000,0.000000,0.000000,1.000000,-0.002165,0.012075,-0.043377,-0.115092,-0.237839,0.818842,0.157914,-0.078955,1.714712,-0.187127,0.236553,0.893544,0.018742,-0.247724,0.801748
271.000000,0.000000,0.000000,1.000000,-0.000941,0.014671,-0.014902,-0.068340,-0.127329,1.141506,-0.185668,0.079626,0.872047,-0.001387,0.108093,0.574064,0.246250,0.042467,1.060891
272.000000,0.000000,0.000000,1.000000,0.002573,0.014235,0.010155,-0.388022,-0.146633,1.347266,-0.097446,0.207829,0.391682,0.239867,0.055454,0.237846,0.388300,0.102832,1.362927
273.000000,0.000000,0.000000,1.000000,0.009307,0.009803,0.023651,-0.403514,-0.245992,1.558491,-0.140465,0.240596,0.102444,0.225671,0.230304,-0.098230,0.696419,0.338098,1.553517
274.000000,0.000000,0.000000,1.000000,0.014988,0.002435,0.111171,-0.633119,-0.232477,1.531282,-0.148059,0.264247,-0.169677,0.254727,0.115579,-0.292938,0.958308,0.521053,1.606892
275.000000,0.000000,0.000000,1.000000,0.029643,0.004368,0.020304,-0.448570,0.067442,1.666645,-0.145251,0.175213,-0.350968,0.198886,0.296879,-0.375344,0.442867,0.368014,1.857188
276.000000,0.000000,0.000000,1.000000,0.041295,-0.000093,0.108452,-0.737277,-0.255370,1.488964,-0.248506,0.282313,-0.316401,0.208710,0.192042,-0.289717,0.975942,0.589621,1.696707
277.000000,0.000000,0.000000,1.000000,0.047008,-0.005635,0.123524,-0.621126,-0.350045,1.609288,-0.339134,0.310476,-0.403025,0.134514,0.362467,-0.481919,0.914475,0.226197,1.649177
278.000000,0.000000,0.000000,1.000000,0.056577,-0.010380,0.072515,-0.465119,-0.119300,1.711252,-0.277880,0.153568,-0.316864,0.229580,0.437020,-0.535205,0.666831,0.241324,1.712361
279.000000,0.000000,0.000000,1.000000,0.059719,-0.025221,0.039545,-0.285698,-0.237282,1.740808,-0.210781,0.019425,-0.263924,0.104186,0.263748,-0.416102,0.801545,0.301638,1.434492
280.000000,0.000000,0.000000,1.000000,0.068491,-0.030564,0.086838,-0.676472,-0.285413,1.580661,-0.331680,0.049279,-0.073749,0.141206,0.264103,-0.457922,0.997558,0.317417,1.770803
281.000000,0.000000,0.000000,1.000000,0.067468,-0.046919,0.079818,-0.361742,-0.416499,1.593192,-0.232259,-0.135151,0.020050,0.062175,0.240564,-0.210743,0.808504,0.202726,1.277374
282.000000,0.000000,0.000000,1.000000,-0.100247,0.187612,-0.679899,-0.243167,-0.239927,1.165624,-0.017954,-0.227748,0.532795,0.054087,0.078948,0.382666,0.470090,0.211791,1.178956
283.000000,0.000000,0.000000,1.000000,-0.121976,0.188695,-0.342550,-1.332734,-1.083241,0.990301,0.029866,0.015466,1.178304,0.377946,-0.210667,1.001134,1.018876,0.171677,1.143513
284.000000,0.000000,0.000000,1.000000,-0.127278,0.156017,0.123882,-1.187580,-0.858337,1.203856,-0.239127,0.182570,1.210943,0.414468,-0.200474,1.207171,0.977099,0.334169,0.926792
285.000000,0.000000,0.000000,1.000000,-0.119167,0.130016,0.434099,-0.672472,-0.403275,0.873718,-0.118696,0.067539,1.233967,0.225035,0.092828,1.269921,0.800495,0.236546,0.669220
286.000000,0.000000,0.000000,1.000000,-0.106018,0.118010,0.667345,0.010339,0.015731,0.394061,-0.348686,0.156859,1.829090,-0.044590,-0.031093,1.418860,0.357847,0.236021,0.195327
287.000000,0.000000,0.000000,1.000000,-0.090251,0.105438,0.817649,0.158170,0.278680,-0.016328,0.087960,0.056759,1.846097,-0.045806,-0.230470,1.671560,0.071815,0.399379,-0.036925
288.000000,0.000000,0.000000,1.000000,-0.072809,0.091181,0.852371,0.156145,0.489563,-0.274844,0.353094,-0.000046,1.805879,-0.354976,-0.130247,1.923066,-0.196814,0.613313,-0.634093
289.000000,0.000000,0.000000,1.000000,-0.045689,0.083077,0.790905,0.203351,0.671279,-0.553958,0.645557,0.290495,1.904519,-0.643869,0.314166,1.965398,-0.340670,0.555599,-0.699493
290.000000,0.000000,0.000000,1.000000,-0.032806,0.076606,0.833898,0.191633,0.554363,-0.791231,0.588257,0.135773,2.045298,-0.492173,-0.060168,1.919587,-0.248575,0.572990,-0.752740
291.000000,0.000000,0.000000,1.000000,-0.017500,0.069177,0.819521,0.283219,0.727255,-0.806448,0.617712,0.065723,1.901720,-0.729246,-0.062452,2.011725,-0.276956,0.511294,-0.706555
292.000000,0.000000,0.000000,1.000000,-0.003067,0.070058,0.798977,0.276380,0.769349,-0.741367,0.898180,0.108079,2.164592,-0.641883,-0.003911,1.904195,-0.332374,0.376297,-0.509771
293.000000,0.000000,0.000000,1.000000,0.002016,0.070008,0.876550,0.223936,0.487840,-0.548552,0.502767,0.197354,2.103587,-0.549949,-0.420278,1.688749,-0.216676,0.255223,-0.522698
294.000000,0.000000,0.000000,1.000000,0.012393,0.075595,0.847964,0.373747,0.493931,-0.195739,0.501274,0.069305,2.162939,-1.028411,-0.178516,1.774127,-0.343515,0.164909,-0.477946
295.000000,0.000000,0.000000,1.000000,0.020465,0.075808,0.855232,0.385674,0.547745,0.072654,0.905517,-0.082592,2.260074,-0.623184,-0.358723,2.004592,-0.487618,0.083653,-0.273849
296.000000,0.000000,0.000000,1.000000,0.033487,0.072177,0.929777,0.388725,0.394161,0.227601,0.327646,0.250697,2.049858,-0.573234,-0.381334,1.801780,-0.429845,0.113946,-0.199036
297.000000,0.000000,0.000000,1.000000,0.050388,0.069212,0.953713,0.501992,0.428927,0.639565,0.602957,0.329783,2.152829,-0.703340,-0.315981,1.949112,-0.502622,-0.217737,0.148942
298.000000,0.000000,0.000000,1.000000,0.063250,0.075380,0.951714,0.094976,0.296401,0.624450,0.859404,0.189388,2.226013,-0.725591,-0.209900,1.692276,-0.453343,-0.400972,0.422016
299.000000,0.000000,0.000000,1.000000,0.071240,0.051891,0.887137,0.223412,0.030379,0.909534,0.675852,0.180906,1.901605,-0.711634,-0.229019,1.696224,-0.407193,-0.510318,0.676719
300.000000,0.000000,0.000000,1.000000,0.070568,0.011152,0.909311,-0.161251,-0.270659,1.280642,0.656247,0.395268,1.650021,0.098383,-0.579471,1.480550,-0.262387,-0.485767,1.007192
301.000000,0.000000,0.000000,1.000000,0.067968,-0.016451,0.790471,-0.401709,-0.451197,1.540673,0.574161,0.405390,1.289110,0.295220,-0.529658,1.083618,-0.049460,-0.326415,1.178294
302.000000,0.000000,0.000000,1.000000,0.061385,-0.030811,0.774568,-0.959832,-0.916027,1.481510,0.209925,0.436354,0.791023,0.484346,-0.438929,0.505304,0.799636,0.092510,1.504895
303.000000,0.000000,0.000000,1.000000,0.054317,-0.040613,0.750734,-1.292687,-1.059010,1.642406,0.206020,0.404099,-0.097295,0.288951,-0.022255,-0.020981,1.038692,0.365064,1.573324
304.000000,0.000000,0.000000,1.000000,0.037530,-0.050061,0.721343,-0.886647,-1.273884,1.659414,0.324960,0.227164,-0.582361,0.134297,0.195259,-0.310458,0.883212,0.150502,1.503620
305.000000,0.000000,0.000000,1.000000,0.038460,-0.055409,0.750272,-0.430222,-0.832444,1.580287,0.020555,0.299888,-0.439117,0.232104,0.325678,-0.415134,1.073258,0.372923,1.850252
306.000000,0.000000,0.000000,1.000000,0.046990,-0.059459,0.736113,-0.222908,-0.382764,1.669627,-0.265741,0.114125,-0.449420,0.160639,0.385588,-0.568431,0.817556,0.386949,1.862408
307.000000,0.000000,0.000000,1.000000,0.045148,-0.072697,0.773615,-0.318839,-0.646332,1.818389,-0.244122,-0.067164,-0.276119,0.202102,0.294170,-0.723939,0.844544,0.268954,1.638610
308.000000,0.000000,0.000000,1.000000,0.057186,-0.083360,0.819064,-0.441267,-0.304781,1.696196,-0.200077,-0.065540,-0.220822,0.100625,0.354234,-0.465102,0.899927,0.496361,1.672186
309.000000,0.000000,0.000000,1.000000,0.067913,-0.096175,0.871417,-0.518222,-0.489776,1.844102,-0.138891,-0.076687,-0.177631,0.016628,0.311015,-0.490660,1.071156,0.483891,1.806661
310.000000,0.000000,0.000000,1.000000,0.079562,-0.103251,0.897707,-0.245895,-0.373130,1.511392,-0.299579,-0.179797,0.031147,-0.050375,0.439381,-0.559358,1.070822,0.367099,1.733476
311.000000,0.000000,0.000000,1.000000,0.092214,-0.115590,0.883480,-0.315378,-0.133144,1.575794,-0.162508,-0.332350,0.351417,-0.145999,0.337880,-0.282800,0.919254,0.396441,1.517812
312.000000,0.000000,0.000000,1.000000,0.092439,-0.131439,0.827188,-0.297004,-0.458859,1.529250,0.029178,-0.454612,0.514346,-0.055072,0.230482,0.033887,0.616349,0.063598,1.369171
313.000000,0.000000,0.000000,1.000000,0.091465,-0.112856,0.814149,-0.161201,-0.011294,1.098933,-0.177334,-0.459031,1.309535,-0.288455,0.262066,0.351662,0.868925,0.009556,1.608241
314.000000,0.000000,0.000000,1.000000,0.075693,-0.091494,0.839747,-0.331938,-0.081183,0.983291,-0.236293,-0.545369,1.475826,-0.199985,0.075286,0.658262,0.550508,-0.000094,1.179007
315.000000,0.000000,0.000000,1.000000,0.047353,-0.088637,0.756235,-0.319222,-0.393055,1.260149,0.302525,-0.596982,1.311969,0.024013,0.039429,1.012926,0.083595,-0.028506,0.626421
316.000000,0.000000,0.000000,1.000000,0.019387,-0.071411,0.648352,0.093953,-0.174407,0.471782,0.327920,-0.710529,1.747362,-0.235596,0.006104,1.164263,0.001106,-0.117880,0.307515
317.000000,0.000000,0.000000,1.000000,-0.014964,-0.053204,0.663940,0.206811,-0.138632,-0.104130,0.224640,-0.681806,1.934564,0.037993,-0.323438,1.246458,0.036754,0.087754,-0.302368
318.000000,0.000000,0.000000,1.000000,-0.023896,-0.039403,0.648365,0.062104,0.144991,-0.186767,0.421297,-0.235721,2.128671,-0.277110,-0.205140,1.735450,-0.204406,0.359060,-0.680224
319.000000,0.000000,0.000000,1.000000,-0.020680,-0.035053,0.684320,0.193991,0.347006,-0.384032,0.541028,-0.150181,1.897273,-0.109974,-0.215542,1.699657,-0.204721,0.361355,-0.507406
320.000000,0.000000,0.000000,1.000000,-0.019039,-0.033190,0.821441,0.156869,0.287887,-0.507107,0.270605,-0.119043,2.041120,-0.159413,-0.468738,1.721154,-0.170816,0.435622,-0.465318
321.000000,0.000000,0.000000,1.000000,-0.007232,-0.026321,0.743013,0.177267,0.551647,-0.433095,0.717709,-0.108658,1.927311,-0.852691,-0.003221,1.620184,-0.312672,0.311669,-0.347548
322.000000,0.000000,0.000000,1.000000,-0.005460,-0.018874,0.651814,0.178294,0.458183,-0.368016,0.990174,-0.485456,1.955896,-0.906156,-0.073085,1.575449,-0.246305,0.297362,-0.294152
323.000000,0.000000,0.000000,1.000000,-0.014471,-0.006988,0.676938,0.165106,0.360278,-0.353729,0.437868,-0.547174,2.096971,-0.738143,-0.346162,1.421057,-0.222458,0.319735,-0.530867
324.000000,0.000000,0.000000,1.000000,-0.004703,-0.007119,0.712044,0.333510,0.585224,-0.300912,0.499869,-0.172457,2.029685,-0.688258,-0.285972,1.910461,-0.241852,0.375552,-0.337974
325.000000,0.000000,0.000000,1.000000,-0.008640,0.003336,0.681607,0.146714,0.414784,-0.070320,0.768552,-0.393540,2.070628,-0.678113,-0.322332,1.522155,-0.322430,0.117859,-0.155962
326.000000,0.000000,0.000000,1.000000,-0.008732,0.008112,0.658786,0.200593,0.328979,0.153526,0.854478,-0.309696,2.031913,-0.529794,-0.280451,1.666275,-0.393097,-0.054095,0.098069
327.000000,0.000000,0.000000,1.000000,0.000113,0.011751,0.626801,0.370316,0.279032,0.410519,0.554067,-0.111989,2.006581,-0.909718,-0.104161,1.766785,-0.236248,-0.154148,0.252466
328.000000,0.000000,0.000000,1.000000,0.008114,0.014619,0.699768,0.353112,0.110900,0.646423,0.342146,0.215758,2.017265,-0.400746,-0.188354,1.542435,-0.262817,-0.291620,0.342271
329.000000,0.000000,0.000000,1.000000,0.012611,0.016744,0.779424,0.159240,0.058220,0.899190,0.295576,0.128223,2.017067,-0.278840,-0.211643,1.416315,-0.182320,-0.458376,0.728946
330.000000,0.000000,0.000000,1.000000,0.012301,0.016925,0.753576,-0.006407,-0.060377,1.138767,0.394277,0.170578,1.881838,-0.020007,-0.259620,1.288539,-0.177451,-0.455954,1.068213
331.000000,0.000000,0.000000,1.000000,0.026271,0.002666,0.557926,0.134018,-0.077908,1.454995,0.256643,0.284650,0.994346,0.018445,-0.166087,1.281708,-0.216413,-0.170145,1.342264
332.000000,0.000000,0.000000,1.000000,0.026609,-0.007407,0.590227,-0.554610,-0.649791,1.483790,0.010908,0.418642,0.877302,0.428993,-0.330879,0.593391,0.650408,0.119081,1.443244
333.000000,0.000000,0.000000,1.000000,0.029888,-0.013072,0.598726,-0.816716,-0.739493,1.524270,-0.091193,0.516026,0.324480,0.317761,-0.037988,0.093609,0.780341,0.437150,1.638171
334.000000,0.000000,0.000000,1.000000,0.033158,-0.021158,0.643199,-0.851448,-0.858516,1.600196,-0.094686,0.479156,-0.072888,0.208065,0.159285,-0.232761,1.000856,0.720593,1.781534
335.000000,0.000000,0.000000,1.000000,0.031639,-0.026741,0.634228,-0.705130,-0.718815,1.620630,-0.060530,0.259230,-0.442598,0.233435,0.279237,-0.426043,0.731746,0.416339,1.736093
336.000000,0.000000,0.000000,1.000000,0.030380,-0.032788,0.599883,-0.542499,-0.622665,1.627798,-0.098291,0.089792,-0.495688,0.233304,0.343975,-0.438056,0.516209,0.258642,1.657750
337.000000,0.000000,0.000000,1.000000,0.036701,-0.042114,0.594254,-0.402675,-0.485048,1.707710,-0.132813,0.047000,-0.368386,0.206334,0.362603,-0.361760,0.719453,0.373382,1.710607
338.000000,0.000000,0.000000,1.000000,0.047435,-0.053497,0.568724,-0.228397,-0.269814,1.831939,-0.242813,-0.091578,-0.320675,0.087394,0.393634,-0.487392,0.857400,0.415857,1.714937
339.000000,0.000000,0.000000,1.000000,0.055846,-0.067074,0.626704,-0.501022,-0.509541,1.829323,-0.317512,0.009530,-0.057000,0.086811,0.273996,-0.392491,1.064029,0.398593,1.771691
340.000000,0.000000,0.000000,1.000000,0.067605,-0.078383,0.684827,-0.470317,-0.433651,1.687096,-0.278180,-0.009849,0.286628,0.004276,0.335291,-0.421836,1.209208,0.409821,1.781994
341.000000,0.000000,0.000000,1.000000,0.068490,-0.092348,0.636335,-0.287358,-0.478932,1.655167,-0.282676,-0.217913,0.324595,0.005752,0.422821,-0.406087,0.718515,0.049486,1.459295
342.000000,0.000000,0.000000,1.000000,0.078421,-0.099227,0.559667,-0.341341,-0.170936,1.632364,-0.101100,-0.204192,0.508534,0.068105,0.380244,0.144027,0.529627,0.167417,1.648421
343.000000,0.000000,0.000000,1.000000,0.078740,-0.087963,0.638672,-0.452936,-0.252344,1.208184,-0.232980,-0.257348,1.110098,-0.132769,0.041661,0.474544,0.950070,0.313743,1.582819
344.000000,0.000000,0.000000,1.000000,0.067143,-0.081018,0.575605,-0.091455,-0.278057,1.286936,-0.130157,-0.507021,0.982195,-0.211842,0.081062,0.705765,0.545486,0.095852,1.159817
345.000000,0.000000,0.000000,1.000000,0.044531,-0.077308,0.573006,-0.339282,-0.497882,1.089336,0.145132,-0.413076,1.329040,-0.135261,-0.173160,1.155431,0.325511,0.039206,0.741002
346.000000,0.000000,0.000000,1.000000,0.030137,-0.068696,0.566358,-0.014786,-0.234090,0.521642,0.209814,-0.299186,1.752843,-0.089528,-0.080107,1.282837,0.049312,0.106241,0.294070
347.000000,0.000000,0.000000,1.000000,0.014727,-0.056097,0.532385,0.156490,-0.057768,0.060414,0.322092,-0.394081,1.830077,-0.164036,-0.150030,1.372180,-0.059666,0.185836,-0.110227
348.000000,0.000000,0.000000,1.000000,-0.001436,-0.039987,0.476338,0.200195,0.099600,-0.257885,0.577002,-0.578650,2.015967,-0.171053,-0.194103,1.488025,-0.173917,0.267132,-0.381646
349.000000,0.000000,0.000000,1.000000,-0.004071,-0.033180,0.521856,0.081119,0.132391,-0.320385,0.310678,-0.263526,2.027773,-0.336677,-0.232154,1.727080,-0.140797,0.471788,-0.544263
350.000000,0.000000,0.000000,1.000000,-0.008820,-0.024196,0.594478,0.094807,0.090122,-0.393161,0.256916,-0.270566,2.036043,-0.504749,-0.343942,1.491403,-0.039279,0.496913,-0.552070
351.000000,-0.500000,0.000000,0.000000,-0.007088,-0.014425,0.519466,0.152053,0.264446,-0.353322,0.674295,-0.486092,1.991748,-0.850779,0.004840,1.597442,-0.207172,0.420368,-0.464918
352.000000,-0.500000,0.000000,0.000000,-0.004783,-0.014776,0.599519,0.131825,0.220966,-0.350203,0.433956,-0.325682,2.010072,-0.370017,-0.259628,1.756264,-0.222426,0.535747,-0.555842
353.000000,-0.500000,0.000000,0.000000,-0.020203,-0.000976,0.575115,0.178030,0.485265,-0.384292,0.656183,-0.986027,2.001878,-0.664218,-0.556734,1.295957,-0.240304,0.632585,-0.464419
354.000000,-0.500000,0.000000,0.000000,-0.038124,0.014699,0.487139,0.188195,0.659441,-0.232378,0.815245,-1.261645,2.012849,-0.897612,-0.558442,1.402160,-0.295478,0.665430,-0.306822
355.000000,-0.500000,0.000000,0.000000,-0.065985,0.035171,0.506172,0.138608,0.396882,0.048868,0.343823,-1.164582,2.084955,-0.682979,-0.710913,1.153697,-0.233649,0.647082,-0.397217
356.000000,-0.500000,0.000000,0.000000,-0.077523,0.051124,0.485899,0.272337,0.554937,0.201858,0.544538,-0.929597,2.130792,-0.792417,-0.472567,1.522110,-0.240298,0.692571,-0.063312
357.000000,-0.500000,0.000000,0.000000,-0.080503,0.055166,0.455000,0.447873,0.705190,0.462346,0.563926,-0.701534,1.861097,-0.728445,-0.486902,1.780606,-0.280648,0.569102,0.123722
358.000000,-0.500000,0.000000,0.000000,-0.086120,0.057235,0.529011,0.432973,0.517738,0.744449,0.364231,-0.543869,1.859044,-0.407475,-0.692927,1.714894,-0.201127,0.618644,0.264979
359.000000,-0.500000,0.000000,0.000000,-0.111958,0.084045,0.547238,-0.115075,0.045906,1.039050,0.387191,-0.788135,2.130562,-0.254817,-0.581111,0.881155,-0.239345,0.014468,0.597550
360.000000,-0.500000,0.000000,0.000000,-0.139418,0.080349,0.540011,-0.307754,-0.575373,1.480979,0.300952,-0.621219,1.837612,-0.250300,-0.504778,0.842091,-0.112877,-0.266859,0.971292
361.000000,-0.500000,0.000000,0.000000,-0.154185,0.089072,0.444365,-0.389324,-0.562462,1.355164,0.414187,-0.358259,1.570086,-0.018881,-0.412002,0.784111,-0.000448,-0.436532,1.239477
362.000000,-0.500000,0.000000,0.000000,-0.160678,0.079578,0.486497,-0.555968,-0.988075,1.529024,-0.019104,0.086819,1.208355,0.216984,-0.511143,0.676338,0.502034,-0.181033,1.336808
363.000000,-0.500000,0.000000,0.000000,-0.169991,0.065940,0.441931,-0.648614,-1.458810,1.705060,-0.050869,0.237691,0.401290,0.211450,0.010731,0.104246,0.630125,-0.346093,1.332440
364.000000,-0.500000,0.000000,0.000000,-0.189447,0.045803,0.385096,-0.423214,-1.805814,1.908134,-0.090446,0.467036,0.100059,0.181701,0.280214,-0.252157,0.575031,-0.585065,1.253262
365.000000,-0.500000,0.000000,0.000000,-0.215629,0.024785,0.456093,-0.571029,-1.943537,1.767806,-0.021727,0.612758,0.182473,0.196522,0.366715,-0.375886,0.824558,-0.449854,1.258372
366.000000,-0.500000,0.000000,0.000000,-0.233163,0.011353,0.422359,-0.227936,-1.536251,1.778070,-0.174992,0.640657,-0.078264,0.111564,0.815784,-0.461547,0.621249,-0.453669,1.472009
367.000000,-0.500000,0.000000,0.000000,-0.245364,-0.001839,0.447108,-0.197675,-1.204853,1.761824,-0.221395,0.628300,-0.115949,0.090704,0.923668,-0.435697,0.852246,-0.131768,1.496875
368.000000,-0.500000,0.000000,0.000000,-0.263707,-0.015188,0.538046,-0.501369,-1.466482,1.799347,-0.368113,0.817931,-0.166276,0.009761,1.122570,-0.483369,1.067122,-0.207564,1.517116
369.000000,-0.500000,0.000000,0.000000,-0.285609,-0.026897,0.606977,-0.383370,-1.351449,1.687820,-0.251205,0.614225,-0.021629,-0.036051,1.124064,-0.603127,1.039225,-0.206588,1.388823
370.000000,-0.500000,0.000000,0.000000,-0.300563,-0.033945,0.546910,-0.211160,-1.144456,1.809787,-0.352310,0.757591,-0.020073,-0.068844,1.222938,-0.330024,0.569947,-0.435695,1.587361
371.000000,-0.500000,0.000000,0.000000,-0.320050,-0.044179,0.483618,-0.008326,-1.201646,1.843556,-0.299764,0.518388,0.142397,-0.090163,1.079411,-0.211934,0.679220,-0.395506,1.517417
372.000000,-0.500000,0.000000,0.000000,-0.341257,-0.057854,0.440710,-0.120875,-1.185288,1.858468,-0.249445,0.350749,0.325083,-0.046091,0.914928,0.129419,0.658195,-0.376525,1.298825
373.000000,-0.500000,0.000000,0.000000,-0.363646,-0.070341,0.475229,-0.494484,-1.437733,1.855804,0.024890,0.284683,0.721785,-0.084849,0.623603,0.484403,0.805869,-0.204379,1.360342
374.000000,-0.500000,0.000000,0.000000,-0.380904,-0.072733,0.484650,-0.302613,-1.206311,1.707053,0.001520,0.200847,0.987672,-0.062649,0.453278,0.855307,0.775141,-0.208703,1.191003
375.000000,-0.500000,0.000000,0.000000,-0.391654,-0.070792,0.522011,-0.436282,-1.180315,1.447365,0.316315,0.047772,1.210176,0.065256,0.151355,1.236871,0.376992,-0.236146,0.828467
376.000000,-0.500000,0.000000,0.000000,-0.365410,-0.074687,0.506496,-0.050325,-0.839799,0.787199,0.344667,-0.095197,1.327046,-0.216589,-0.109211,1.539377,0.118813,-0.110800,0.581723
377.000000,-0.500000,0.000000,0.000000,-0.337180,-0.074174,0.480583,0.209369,-0.459107,0.203582,0.582821,-0.524574,1.796431,-0.277073,-0.264492,1.590507,-0.061520,0.048124,0.002408
378.000000,-0.500000,0.000000,0.000000,-0.328276,-0.060915,0.472543,0.208078,-0.241637,-0.105807,0.436728,-0.774059,2.149915,-0.476347,-0.455272,1.372198,-0.160472,0.246655,-0.636765
379.000000,-0.500000,0.000000,0.000000,-0.324099,-0.051178,0.471543,0.215982,-0.005370,-0.324186,0.775003,-0.689766,2.116522,-0.343472,-0.484728,1.521662,-0.362223,0.447847,-0.885463
380.000000,-0.500000,0.000000,0.000000,-0.323526,-0.043284,0.466138,0.267567,0.170346,-0.556905,0.712024,-0.571184,1.978661,-0.645693,-0.505362,1.548120,-0.251000,0.582013,-0.723318
381.000000,-0.500000,0.000000,0.000000,-0.324790,-0.034487,0.399444,0.258292,0.443886,-0.538888,0.886527,-0.556463,1.922633,-0.803729,-0.306506,1.479232,-0.372904,0.725994,-0.723684
382.000000,-0.500000,0.000000,0.000000,-0.332488,-0.020736,0.365060,0.241939,0.560520,-0.677301,0.880075,-0.503353,2.152463,-0.877845,-0.351510,1.355225,-0.310280,0.781123,-0.573150
383.000000,-0.500000,0.000000,0.000000,-0.349531,-0.008804,0.319170,0.198739,0.674331,-0.633609,0.897084,-0.832887,2.039360,-0.919074,-0.535107,1.293761,-0.242717,0.899577,-0.440596
384.000000,-0.500000,0.000000,0.000000,-0.366718,0.000191,0.343549,0.169518,0.673409,-0.567434,0.611283,-0.661655,2.103457,-0.831399,-0.685413,1.361708,-0.116063,0.974382,-0.393368
385.000000,-0.500000,0.000000,0.000000,-0.376897,-0.000001,0.327510,0.257390,0.944987,-0.302852,0.826213,-0.770293,1.997496,-0.662025,-0.667366,1.689086,-0.193145,1.055504,-0.039697
386.000000,-0.500000,0.000000,0.000000,-0.387330,-0.000358,0.313984,0.168552,0.877629,-0.136314,0.796476,-0.678284,2.020670,-0.418148,-0.507028,1.628187,-0.270884,0.862518,0.210168
387.000000,-0.500000,0.000000,0.000000,-0.401374,-0.003764,0.379429,0.325933,0.683036,0.292728,0.368047,-0.584076,2.096002,-0.382553,-0.681755,1.682339,-0.184492,0.685722,0.207665
388.000000,-0.500000,0.000000,0.000000,-0.406967,-0.006976,0.368372,0.280324,0.787603,0.664855,0.686476,-0.615678,1.972859,-0.406560,-0.522478,1.644632,-0.159252,0.496234,0.886326
389.000000,-0.500000,0.000000,0.000000,-0.405110,0.011186,0.365182,0.273883,0.473657,0.866245,0.357196,-0.508441,2.095133,-0.240408,-0.573297,1.477948,-0.147965,0.271652,1.150663
390.000000,-0.500000,0.000000,0.000000,-0.393411,0.043136,0.356874,0.033187,0.127727,1.224845,-0.027598,-0.346815,2.007672,-0.410826,-0.578581,1.244424,0.024264,0.151319,1.140569
391.000000,-0.500000,0.000000,0.000000,-0.366550,0.049616,0.304170,0.252230,-0.092203,1.555682,-0.281833,-0.225212,1.743879,-0.323411,-0.676290,1.259119,0.170566,0.187628,1.288747
392.000000,-0.500000,0.000000,0.000000,-0.336722,0.053516,0.391815,-0.364026,-0.680186,1.650628,-0.483523,0.030653,1.536864,0.139964,-0.806415,0.832630,0.705143,0.077055,1.514927
393.000000,-0.500000,0.000000,0.000000,-0.309170,0.061430,0.362585,-0.353521,-1.237331,1.582003,-0.374211,0.293572,0.829853,0.326373,-0.290111,0.078507,0.532472,-0.322164,1.700272
394.000000,-0.500000,0.000000,0.000000,-0.289908,0.060957,0.360876,-0.436007,-1.407098,1.567257,-0.351084,0.503575,0.283595,0.293124,0.062248,-0.147301,0.619350,-0.234833,1.644100
395.000000,-0.500000,0.000000,0.000000,-0.286381,0.051708,0.353195,-0.487936,-1.151813,1.709832,-0.215986,0.407328,0.139871,0.216636,0.376005,-0.483634,0.677867,-0.095189,1.397511
396.000000,-0.500000,0.000000,0.000000,-0.292657,0.038862,0.421488,-0.610070,-1.329925,1.693082,-0.236481,0.679754,-0.341598,0.129969,0.810196,-0.630536,0.936427,0.011137,1.476388
397.000000,-0.500000,0.000000,0.000000,-0.301004,0.028072,0.456781,-0.439022,-1.096816,1.816996,-0.207982,0.840435,-0.337884,0.001571,0.990593,-0.554185,0.934768,-0.016067,1.659269
398.000000,-0.500000,0.000000,0.000000,-0.316940,0.013042,0.407275,0.096295,-0.865309,1.915550,-0.255276,0.517249,-0.308569,-0.070887,1.035427,-0.584694,0.754231,-0.042592,1.442763
399.000000,-0.500000,0.000000,0.000000,-0.325989,0.003660,0.379146,-0.095706,-0.793023,1.814899,-0.339405,0.609672,-0.044119,-0.109263,1.052305,-0.493417,0.685374,-0.040542,1.621320
400.000000,-0.500000,0.000000,0.000000,-0.336585,-0.008248,0.453535,-0.483472,-0.833397,1.739524,-0.250958,0.527292,0.093151,-0.004314,0.792667,-0.348815,0.953795,0.052734,1.501829
401.000000,-0.500000,0.000000,0.000000,-0.349394,-0.016048,0.434667,-0.340329,-1.091410,1.797907,-0.156024,0.565134,0.320942,-0.011912,0.958658,-0.114586,0.700426,-0.240181,1.590724
402.000000,-0.500000,0.000000,0.000000,-0.362286,-0.019517,0.355901,-0.195173,-1.118129,1.696730,-0.277550,0.500932,0.305016,-0.082576,1.077640,0.093970,0.521190,-0.413632,1.588091
403.000000,-0.500000,0.000000,0.000000,-0.378712,-0.027328,0.322789,-0.204511,-1.183127,1.792458,-0.127301,0.385306,0.642744,0.043980,0.754306,0.365786,0.615871,-0.345074,1.528582
404.000000,-0.500000,0.000000,0.000000,-0.392705,-0.025542,0.372822,-0.296625,-1.165503,1.534762,-0.074016,0.188572,0.990285,-0.044771,0.272964,0.853810,0.782102,-0.152849,1.211370
405.000000,-0.500000,0.000000,0.000000,-0.394609,-0.026085,0.371751,-0.188688,-0.992871,1.458288,0.241192,-0.016616,1.247952,-0.115165,0.079510,1.128917,0.352535,-0.271432,0.981968
406.000000,-0.500000,0.000000,0.000000,-0.368259,-0.037319,0.453255,-0.073426,-0.809041,0.790211,0.538071,0.017301,1.433397,-0.068052,-0.329329,1.480251,0.143358,-0.103368,0.374999
407.000000,-0.500000,0.000000,0.000000,-0.336233,-0.037304,0.358299,0.199899,-0.401710,0.434246,0.876252,-0.449324,1.711612,-0.486322,-0.193721,1.519085,-0.278193,-0.014038,0.022449
408.000000,-0.500000,0.000000,0.000000,-0.314442,-0.036794,0.250743,0.252611,-0.145366,-0.035951,1.014354,-0.953728,1.707379,-0.663979,-0.311134,1.614856,-0.303880,0.386481,-0.494227
409.000000,-0.500000,0.000000,0.000000,-0.304938,-0.025542,0.199479,0.212805,0.068162,-0.313431,0.853870,-0.772527,2.035735,-0.743181,-0.278309,1.484084,-0.287726,0.476393,-0.699130
410.000000,-0.500000,0.000000,0.000000,-0.307090,-0.013854,0.174828,0.216882,0.290763,-0.616939,0.809278,-0.607255,1.924224,-0.663298,-0.335416,1.256805,-0.368384,0.704428,-1.032976
411.000000,-0.500000,0.000000,0.000000,-0.316129,0.000417,0.191002,0.272912,0.406959,-0.703995,0.679744,-0.593621,2.121942,-0.818756,-0.434335,1.302271,-0.222896,0.869443,-0.893634
412.000000,-0.500000,0.000000,0.000000,-0.329071,0.011177,0.194858,0.284926,0.565992,-0.721725,0.680401,-0.676962,1.901750,-0.802970,-0.539807,1.303415,-0.164426,0.952466,-0.711060
413.000000,-0.500000,0.000000,0.000000,-0.343985,0.024730,0.165603,0.140020,0.589865,-0.539452,0.835187,-0.818135,2.055513,-0.742310,-0.371224,1.325739,-0.260398,1.000679,-0.472038
414.000000,-0.500000,0.000000,0.000000,-0.355259,0.029807,0.194905,0.164252,0.595119,-0.341119,0.548328,-0.725328,1.983382,-0.664578,-0.473101,1.562799,-0.178748,1.061384,-0.415731
415.000000,-0.500000,0.000000,0.000000,-0.360012,0.029831,0.188407,0.393721,0.850226,-0.090638,0.487667,-0.766957,1.715095,-0.624255,-0.467301,1.647980,-0.167993,1.083327,-0.287500
416.000000,-0.500000,0.000000,0.000000,-0.369940,0.033564,0.192205,0.277651,0.829725,0.094299,0.723090,-0.919271,2.045856,-0.440557,-0.489096,1.754743,-0.193699,0.987809,0.105950
417.000000,-0.500000,0.000000,0.000000,-0.373481,0.039084,0.190140,0.165217,0.785205,0.276431,0.494683,-0.582061,2.015587,-0.678791,-0.338565,1.594852,-0.111676,0.854154,0.291936
418.000000,-0.500000,0.000000,0.000000,-0.376221,0.036745,0.281260,0.316210,0.784841,0.617078,0.277159,-0.507286,2.065205,-0.406648,-0.500604,1.820146,0.008514,0.763051,0.590913
419.000000,-0.500000,0.000000,0.000000,-0.384783,0.036868,0.377906,0.108787,0.288040,0.904454,0.234578,-0.429783,1.976577,-0.152406,-0.535225,1.464476,-0.010657,0.359316,0.916848
420.000000,-0.500000,0.000000,0.000000,-0.355307,0.042195,0.274478,0.350553,0.272961,1.298574,0.294812,-0.419661,1.481896,-0.268903,-0.360033,1.536433,-0.032283,0.181544,1.434612
421.000000,-0.500000,0.000000,0.000000,-0.325322,0.038263,0.215691,-0.129530,-0.448622,1.334806,0.032014,-0.216579,1.171762,0.022080,-0.377130,0.939983,0.285148,-0.010217,1.367504
422.000000,-0.500000,0.000000,0.000000,-0.305620,0.043081,0.205600,-0.473110,-0.979119,1.431898,-0.194317,-0.056122,1.316359,0.222624,-0.245099,0.122548,0.472344,-0.364239,1.313155
423.000000,-0.500000,0.000000,0.000000,-0.293777,0.035307,0.310403,-0.849896,-1.440465,1.553289,-0.329611,0.267589,0.858760,0.315476,-0.162436,-0.220808,0.745888,-0.398538,1.255172
424.000000,-0.500000,0.000000,0.000000,-0.292163,0.022804,0.388824,-0.711764,-1.633334,1.609977,-0.209329,0.393584,0.349927,0.328184,0.026311,-0.502649,0.739764,-0.432834,1.256557
425.000000,-0.500000,0.000000,0.000000,-0.286808,0.012122,0.433917,-0.503911,-1.321161,1.514508,-0.134063,0.677941,0.195934,0.262697,0.443709,-0.625124,0.875731,-0.298821,1.452795
426.000000,-0.500000,0.000000,0.000000,-0.286367,-0.000951,0.375559,-0.275424,-1.028824,1.649524,-0.230577,0.733820,-0.321575,0.127171,0.836149,-0.500987,0.643038,-0.224032,1.454369
427.000000,-0.500000,0.000000,0.000000,-0.293032,-0.017349,0.410357,-0.319660,-0.858026,1.644429,-0.196523,0.527749,-0.374989,0.024354,0.793167,-0.564685,1.053549,0.169606,1.432943
428.000000,-0.500000,0.000000,0.000000,-0.299910,-0.033556,0.403336,-0.234460,-0.834538,1.778380,-0.160481,0.599943,-0.340981,0.031821,0.924552,-0.529812,0.883370,0.076215,1.531976
429.000000,-0.500000,0.000000,0.000000,-0.307580,-0.052694,0.432939,-0.302218,-0.768535,1.865608,-0.276861,0.491350,-0.114399,-0.011513,0.834283,-0.475789,1.042998,0.116779,1.476612
430.000000,-0.500000,0.000000,0.000000,-0.311948,-0.065085,0.447572,-0.310531,-0.827608,1.682534,-0.375081,0.609536,0.009160,0.062182,1.011065,-0.380579,1.001276,-0.120606,1.604488
431.000000,-0.500000,0.000000,0.000000,-0.314813,-0.077960,0.357217,0.088475,-0.678169,1.700299,-0.356861,0.369580,0.149339,-0.012329,1.013710,-0.253793,0.806997,-0.170513,1.537039
432.000000,-0.500000,0.000000,0.000000,-0.316744,-0.090244,0.300436,-0.144198,-0.732411,1.660667,-0.350774,0.392057,0.589450,-0.036292,0.908797,0.038107,0.781697,-0.268366,1.513214
433.000000,-0.500000,0.000000,0.000000,-0.334929,-0.087230,0.336469,-0.250155,-0.997472,1.686829,-0.237800,0.011264,1.039145,0.034123,0.534312,0.296782,0.624880,-0.383857,1.263994
434.000000,-0.500000,0.000000,0.000000,-0.342130,-0.076083,0.226375,-0.112331,-0.888436,1.491432,0.078276,0.127396,0.964660,-0.072162,0.572626,0.940733,0.140375,-0.520936,1.252468
435.000000,-0.500000,0.000000,0.000000,-0.341441,-0.059341,0.271219,-0.376301,-0.834836,1.042459,0.248342,0.123267,1.263879,0.101294,-0.022491,1.281643,0.171449,-0.193729,0.948146
436.000000,-0.500000,0.000000,0.000000,-0.322241,-0.053465,0.209866,-0.046798,-0.587146,0.782593,0.469869,-0.229292,1.293499,-0.246703,-0.174893,1.368973,-0.077910,-0.158929,0.689058
437.000000,-0.500000,0.000000,0.000000,-0.310139,-0.048951,0.291498,0.128930,-0.422819,0.305997,0.368750,-0.581459,1.785638,-0.131865,-0.508565,1.294261,0.019745,0.216853,-0.250519
438.000000,-0.500000,0.000000,0.000000,-0.308840,-0.036878,0.289821,0.186998,-0.138551,-0.079520,0.547075,-1.013561,1.947299,-0.475674,-0.641931,1.366815,-0.090966,0.392516,-0.580681
439.000000,-0.500000,0.000000,0.000000,-0.315340,-0.022477,0.241315,0.263656,0.047921,-0.320364,0.810145,-1.036646,1.965099,-0.502031,-0.503641,1.353149,-0.269338,0.441571,-0.763832
440.000000,-0.500000,0.000000,0.000000,-0.312618,-0.012363,0.190938,0.192284,0.254692,-0.385091,0.709279,-0.615671,1.955089,-0.909258,-0.282184,1.492672,-0.223059,0.666411,-0.669458
441.000000,-0.500000,0.000000,0.000000,-0.323071,-0.002143,0.176750,0.250800,0.370268,-0.499851,0.710286,-0.724195,1.865166,-0.662605,-0.378334,1.222751,-0.268274,0.734139,-0.739040
442.000000,-0.500000,0.000000,0.000000,-0.337761,0.009270,0.181318,0.247540,0.501036,-0.571661,0.594473,-0.789937,1.919710,-0.834712,-0.519288,1.213718,-0.140238,0.840083,-0.590088
443.000000,-0.500000,0.000000,0.000000,-0.346458,0.016165,0.195833,0.252573,0.626039,-0.547336,0.622096,-0.685077,2.082211,-0.901582,-0.501562,1.526611,-0.136602,1.118358,-0.506133
444.000000,-0.500000,0.000000,0.000000,-0.360229,0.024672,0.196597,0.216188,0.785207,-0.512043,0.677386,-0.803283,2.048710,-0.672930,-0.512059,1.392223,-0.175924,1.119069,-0.354890
445.000000,-0.500000,0.000000,0.000000,-0.373394,0.034761,0.122011,0.139002,0.787370,-0.268719,0.803467,-0.822876,2.022301,-0.896508,-0.381340,1.337776,-0.174610,0.866204,0.048897
446.000000,-0.500000,0.000000,0.000000,-0.388132,0.033954,0.182392,0.192184,0.777883,-0.070666,0.504186,-0.851388,2.019248,-0.426946,-0.628970,1.592182,-0.101884,0.851122,0.166374
447.000000,-0.500000,0.000000,0.000000,-0.396418,0.036439,0.232148,0.279841,0.804444,0.175286,0.462209,-0.620062,2.057412,-0.379128,-0.505607,1.398875,-0.061545,0.755877,0.551372
448.000000,-0.500000,0.000000,0.000000,-0.400116,0.031711,0.267722,0.271643,0.737107,0.537558,0.403607,-0.610147,1.907343,-0.453345,-0.394686,1.542647,-0.004862,0.644684,0.749092
449.000000,-0.500000,0.000000,0.000000,-0.396431,0.050559,0.292589,0.038888,0.214539,0.854902,0.269677,-0.456731,1.951968,-0.314876,-0.429149,1.167977,0.050556,0.277142,0.910545
450.000000,-0.500000,0.000000,0.000000,-0.390027,0.072052,0.264450,-0.274546,-0.218671,1.140086,0.201038,-0.459714,1.878196,-0.275473,-0.446295,0.873338,0.033833,0.108671,1.037188
451.000000,-0.500000,0.000000,0.000000,-0.355251,0.068520,0.235033,-0.067154,-0.267800,1.427124,-0.234674,-0.139526,1.299877,-0.121534,-0.446597,0.935442,0.237456,0.147525,1.377427
452.000000,-0.500000,0.000000,0.000000,-0.326897,0.065976,0.178029,-0.103105,-1.014043,1.527143,-0.132330,0.161667,0.940245,0.117277,-0.099927,0.351004,0.566040,-0.273475,1.385463
453.000000,-0.500000,0.000000,0.000000,-0.310741,0.064688,0.205685,-0.699146,-1.293335,1.536786,-0.269152,0.430467,0.433813,0.360548,0.099312,-0.327433,0.523552,-0.426314,1.364921
454.000000,-0.500000,0.000000,0.000000,-0.300729,0.058508,0.312416,-0.800175,-1.368701,1.473010,-0.335884,0.687042,-0.010359,0.281807,0.408541,-0.548677,0.944788,-0.040689,1.467764
455.000000,-0.500000,0.000000,0.000000,-0.304407,0.045803,0.226417,-0.125630,-1.157113,1.838978,-0.224872,0.600642,-0.658768,0.191965,0.756859,-0.621239,0.615990,-0.114300,1.450466
456.000000,-0.500000,0.000000,0.000000,-0.306063,0.038432,0.209107,-0.168223,-0.766589,1.714863,-0.231656,0.669101,-0.486620,0.160543,0.818357,-0.586261,0.781102,0.222996,1.597824
457.000000,-0.500000,0.000000,0.000000,-0.309422,0.032499,0.255276,-0.508097,-0.701685,1.702631,-0.295284,0.739479,-0.495422,0.036648,0.864067,-0.642784,0.932411,0.292205,1.641215
458.000000,-0.500000,0.000000,0.000000,-0.321796,0.023127,0.246645,-0.387059,-0.874988,1.826872,-0.227714,0.759613,-0.426964,0.016157,0.977326,-0.570566,0.685006,0.018207,1.482895
459.000000,-0.500000,0.000000,0.000000,-0.326373,0.021294,0.277097,-0.488472,-0.778356,1.740288,-0.197424,0.813876,-0.076642,0.090550,0.954937,-0.452282,0.871776,0.014494,1.791818
460.000000,-0.500000,0.000000,0.000000,-0.344725,0.012255,0.248955,-0.332917,-1.086131,1.951939,-0.333861,0.741467,-0.129244,0.045138,1.000079,-0.331224,0.697935,-0.314171,1.570835
461.000000,-0.500000,0.000000,0.000000,-0.358045,0.005002,0.271896,-0.454497,-1.082695,1.751235,-0.194266,0.772725,0.169813,0.007479,0.859196,0.007848,0.780018,-0.199429,1.469805
462.000000,-0.500000,0.000000,0.000000,-0.371911,-0.000309,0.332300,-0.546420,-1.170982,1.703132,-0.182577,0.625632,0.409977,-0.074713,0.805641,0.259999,1.034662,-0.157767,1.461457
463.000000,-0.500000,0.000000,0.000000,-0.391065,-0.006289,0.274751,-0.238696,-1.142120,2.034148,-0.115454,0.415955,0.541830,-0.026602,0.658261,0.524930,0.566180,-0.253044,1.494232
464.000000,-0.500000,0.000000,0.000000,-0.393482,-0.016463,0.247876,-0.241970,-1.011589,1.807003,-0.079294,0.274231,0.965083,-0.098124,0.442758,1.014472,0.610140,-0.108753,1.376983
465.000000,-0.500000,0.000000,0.000000,-0.370020,-0.022333,0.287973,-0.152800,-0.896228,1.298050,0.093585,0.245537,1.174839,-0.055649,0.281610,1.296285,0.511730,-0.078166,1.178596
466.000000,-0.500000,0.000000,0.000000,-0.337001,-0.027354,0.248943,-0.005892,-0.641594,1.046452,0.528339,-0.043064,1.390773,-0.014439,0.182658,1.450214,-0.153809,-0.230464,0.760640
467.000000,-0.500000,0.000000,0.000000,-0.308161,-0.029632,0.169994,0.255430,-0.360824,0.464531,0.599336,-0.705094,1.531748,-0.532999,-0.162919,1.428981,-0.139634,0.099352,0.098006
468.000000,-0.500000,0.000000,0.000000,-0.286555,-0.028713,0.187930,0.202427,-0.186488,0.058750,0.573484,-0.685471,1.880637,-0.401523,-0.344333,1.492767,-0.236912,0.342394,-0.554315
469.000000,-0.500000,0.000000,0.000000,-0.274429,-0.019175,0.106432,0.346577,0.007308,-0.384586,0.973580,-0.744904,2.015141,-0.765575,-0.198577,1.528105,-0.328944,0.415413,-0.821713
470.000000,-0.500000,0.000000,0.000000,-0.272794,-0.012173,0.078895,0.299891,0.210454,-0.591083,0.845680,-0.794798,1.876238,-0.719652,-0.367561,1.566785,-0.330370,0.698416,-0.806973
471.000000,-0.500000,0.000000,0.000000,-0.274381,0.000358,0.033263,0.214503,0.463933,-0.595235,0.802673,-0.747726,1.953408,-0.884789,-0.160414,1.460389,-0.317493,0.950615,-0.758629
472.000000,-0.500000,0.000000,0.000000,-0.286404,0.013557,0.059668,0.170565,0.492156,-0.632005,0.594331,-0.748134,1.918517,-0.640071,-0.313733,1.280577,-0.231794,1.081816,-0.621693
473.000000,-0.500000,0.000000,0.000000,-0.299551,0.026238,0.128049,0.247611,0.610341,-0.659188,0.497152,-0.663914,2.065585,-0.518646,-0.461814,1.361485,-0.111136,1.145484,-0.490126
474.000000,-0.500000,0.000000,0.000000,-0.310443,0.035544,0.135834,0.226434,0.582847,-0.188449,0.357818,-0.740780,1.862062,-0.726643,-0.354137,1.476674,-0.070671,1.069836,-0.402530
475.000000,-0.500000,0.000000,0.000000,-0.322001,0.047390,0.187273,0.252026,0.610444,0.047823,0.140621,-0.759259,1.937469,-0.482705,-0.352167,1.418139,-0.051923,1.018080,-0.357259
476.000000,-0.500000,0.000000,0.000000,-0.331545,0.059675,0.131532,0.251356,0.619912,0.207601,0.603058,-0.913353,1.889651,-0.607832,-0.182819,1.454429,-0.146271,0.723101,0.044403
477.000000,-0.500000,0.000000,0.000000,-0.341265,0.066619,0.143617,0.123712,0.468761,0.431435,0.424097,-0.841087,1.878511,-0.600472,-0.310997,1.485721,-0.041152,0.731257,0.281418
478.000000,-0.500000,0.000000,0.000000,-0.350691,0.069517,0.229493,0.151984,0.464480,0.589083,0.309548,-0.709335,1.887994,-0.329551,-0.518644,1.496526,0.083756,0.609944,0.593950
479.000000,-0.500000,0.000000,0.000000,-0.352433,0.069294,0.322381,0.361825,0.469300,0.918616,0.115161,-0.522663,1.931725,-0.281907,-0.383905,1.633520,-0.014326,0.518122,1.084421
480.000000,-0.500000,0.000000,0.000000,-0.333484,0.071048,0.140572,0.067429,-0.011801,1.221233,0.329272,-0.583314,1.273252,-0.378826,-0.174691,1.085525,-0.054733,0.161417,1.244341
481.000000,-0.500000,0.000000,0.000000,-0.314710,0.073224,0.186116,-0.416188,-0.530274,1.205979,-0.063089,-0.297586,1.224402,0.061115,-0.336935,0.644160,0.487769,0.187254,1.295613
482.000000,-0.500000,0.000000,0.000000,-0.302401,0.071207,0.070225,-0.415908,-1.168803,1.553838,0.114198,-0.104835,0.860561,0.236150,-0.098985,-0.034514,0.212052,-0.424166,1.329086
483.000000,-0.500000,0.000000,0.000000,-0.297256,0.060982,0.148995,-0.733979,-1.556831,1.486365,-0.131190,0.329236,0.486141,0.352121,0.023434,-0.223093,0.595074,-0.353575,1.275623
484.000000,-0.500000,0.000000,0.000000,-0.292906,0.044233,0.185022,-0.405919,-1.480486,1.736240,-0.263890,0.579056,-0.042661,0.230858,0.361193,-0.316430,0.778926,-0.236985,1.380627
485.000000,-0.500000,0.000000,0.000000,-0.292128,0.037249,0.209616,-0.546161,-1.131200,1.485363,-0.167636,0.704412,-0.298210,0.275484,0.569166,-0.497725,0.623495,-0.033219,1.471784
486.000000,-0.500000,0.000000,0.000000,-0.288329,0.032720,0.242704,-0.566835,-0.789474,1.565216,-0.204801,0.747341,-0.434392,0.194126,0.789542,-0.650011,0.791802,0.297609,1.619354
487.000000,-0.500000,0.000000,0.000000,-0.296064,0.021216,0.253055,-0.276106,-0.790109,1.694393,-0.062263,0.532974,-0.442022,0.075434,0.770906,-0.615359,0.955439,0.276296,1.442744
488.000000,-0.500000,0.000000,0.000000,-0.308516,0.008312,0.253149,-0.209136,-0.981363,1.819635,-0.270814,0.705552,-0.332350,0.013947,0.986507,-0.659237,0.973960,-0.005861,1.464297
489.000000,-0.500000,0.000000,0.000000,-0.320959,-0.000700,0.236664,-0.353031,-1.009220,1.780207,-0.282922,0.811639,-0.256440,0.066911,0.969846,-0.461085,0.706502,-0.180581,1.600331
490.000000,-0.500000,0.000000,0.000000,-0.334851,-0.010854,0.175809,-0.023862,-1.033802,1.757497,-0.344861,0.723200,-0.240327,0.057827,1.130403,-0.399934,0.694954,-0.234889,1.519523
491.000000,-0.500000,0.000000,0.000000,-0.350203,-0.024557,0.184143,-0.243064,-1.128429,1.859904,-0.304566,0.661241,0.163940,-0.087227,0.934272,-0.157607,0.975550,-0.168705,1.506369
492.000000,-0.500000,0.000000,0.000000,-0.371713,-0.037744,0.212774,-0.439361,-1.273738,1.764291,-0.216327,0.542353,0.292091,-0.052696,0.754469,0.111427,0.803613,-0.283661,1.302614
493.000000,-0.500000,0.000000,0.000000,-0.389038,-0.045719,0.191504,-0.352097,-1.203864,1.787465,-0.066719,0.556160,0.550197,0.075435,0.685366,0.436841,0.526992,-0.341038,1.368082
494.000000,-0.500000,0.000000,0.000000,-0.408359,-0.050397,0.131357,-0.105197,-1.096596,1.868160,-0.111654,0.244874,0.730950,0.023354,0.481587,0.708066,0.485267,-0.322795,1.143669
495.000000,-0.500000,0.000000,0.000000,-0.393783,-0.059015,0.196859,-0.193991,-1.002723,1.428544,0.036662,0.275951,1.150416,0.031647,0.222342,1.280662,0.436107,-0.217347,1.020393
496.000000,-0.500000,0.000000,0.000000,-0.353178,-0.054131,0.245728,0.023155,-0.677305,0.609217,0.121464,0.079434,1.414742,-0.161104,-0.008678,1.448879,0.178832,-0.021192,0.809703
497.000000,-0.500000,0.000000,0.000000,-0.317965,-0.049481,0.169468,0.215334,-0.286601,0.178629,0.638061,-0.444811,1.487563,-0.474557,-0.175538,1.365672,-0.249557,0.126953,0.463678
498.000000,-0.500000,0.000000,0.000000,-0.289218,-0.052343,0.132529,0.306497,-0.164229,-0.270163,1.016487,-0.592214,1.641303,-0.441734,-0.342991,1.694718,-0.303709,0.294973,-0.065940
499.000000,-0.500000,0.000000,0.000000,-0.279308,-0.048167,0.124758,0.193684,0.061740,-0.289481,0.842661,-0.722859,1.879010,-0.599832,-0.364452,1.532268,-0.366968,0.549846,-0.709728
500.000000,-0.500000,0.000000,0.000000,-0.291930,-0.030482,0.119990,0.206205,0.180211,-0.360007,0.628171,-0.982829,1.995268,-0.730662,-0.396409,1.162592,-0.257254,0.693447,-0.836988
501.000000,0.000000,0.500000,0.000000,-0.303274,-0.015730,0.132805,0.258314,0.374940,-0.555577,0.680258,-0.699225,2.024665,-0.629194,-0.339712,1.235679,-0.274525,0.866693,-0.823875
502.000000,0.000000,0.500000,0.000000,-0.318694,-0.001931,0.068819,0.238666,0.482155,-0.480742,0.722898,-0.874940,1.881161,-0.972765,-0.266588,1.257673,-0.225905,0.894592,-0.703255
503.000000,0.000000,0.500000,0.000000,-0.329409,0.002713,0.153610,0.499368,0.362477,-0.469785,0.369762,-0.420919,1.941049,-0.801772,-0.564255,1.557832,0.276227,0.660168,-0.592821
504.000000,0.000000,0.500000,0.000000,-0.330896,0.010305,0.185314,0.786019,0.398230,-0.466995,0.310156,-0.050548,1.981233,-0.966907,-0.417762,1.527812,0.303246,0.506261,-0.602673
505.000000,0.000000,0.500000,0.000000,-0.324697,0.017431,0.186061,0.631855,0.328058,-0.242197,0.483407,0.057461,1.944662,-0.912510,-0.129234,1.436391,0.374581,0.384147,-0.175665
506.000000,0.000000,0.500000,0.000000,-0.331032,0.026989,0.077520,0.408409,0.116921,0.210811,0.932635,-0.251747,1.680566,-0.734515,-0.142235,0.792735,0.151287,0.041762,0.344637
507.000000,0.000000,0.500000,0.000000,-0.329273,0.029662,0.184054,0.503670,0.125534,0.608588,0.165542,0.031251,1.637617,-0.374135,-0.562531,0.906628,0.248644,0.322471,1.192207
508.000000,0.000000,0.500000,0.000000,-0.311058,0.070041,0.181290,0.631945,-0.004919,0.778280,-0.097524,0.067028,1.800932,-0.536546,-0.306772,0.744059,0.165076,0.118168,1.418350
509.000000,0.000000,0.500000,0.000000,-0.286533,0.122505,0.065719,0.560956,-0.041228,0.872537,-0.110059,-0.087045,1.780979,-0.721713,-0.002330,0.599587,-0.092665,0.109940,1.345541
510.000000,0.000000,0.500000,0.000000,-0.258613,0.157298,0.083547,0.274277,-0.170865,0.872145,-0.510275,0.103477,1.774045,-0.453836,0.021423,0.721797,0.037784,0.221188,1.289945
511.000000,0.000000,0.500000,0.000000,-0.218585,0.192327,0.374665,0.459424,-0.467169,1.037194,-1.268629,0.768497,2.637847,-0.209213,-0.125258,1.206013,0.438490,0.458474,2.007632
512.000000,0.000000,0.500000,0.000000,-0.171176,0.209200,0.569427,0.316809,-0.285483,1.258147,-1.178244,0.669669,1.891659,0.119672,-0.174320,0.755851,0.523403,0.391847,1.813441
513.000000,0.000000,0.500000,0.000000,-0.128370,0.225624,0.685172,-0.505783,-0.618022,1.500640,-0.884124,0.495322,1.383392,0.349679,-0.224332,0.086095,0.349686,0.545450,2.034606
514.000000,0.000000,0.500000,0.000000,-0.098753,0.227982,0.811864,-1.019383,-0.998416,1.590906,-0.448455,0.450909,0.369444,0.559853,-0.187876,-0.000811,0.346532,0.768859,1.946182
515.000000,0.000000,0.500000,0.000000,-0.076269,0.244330,0.792265,-1.032773,-0.898590,1.480560,-0.028847,0.307460,-0.465527,0.617799,0.135182,-0.333912,-0.104729,0.742652,2.109201
516.000000,0.000000,0.500000,0.000000,-0.066382,0.257272,0.860647,-1.245998,-1.162736,1.549138,0.266289,0.237230,-0.503771,0.533466,0.161047,-0.420000,0.275078,0.944419,2.042574
517.000000,0.000000,0.500000,0.000000,-0.043474,0.273318,0.889953,-0.932740,-0.687835,1.553837,0.346755,0.185522,-0.500010,0.344002,0.259567,-0.511172,0.419320,1.246752,2.182215
518.000000,0.000000,0.500000,0.000000,-0.014433,0.290289,0.890431,-0.658999,-0.295783,1.638937,0.258245,0.032153,-0.335521,0.209880,0.308390,-0.508221,0.601655,1.154714,2.307743
519.000000,0.000000,0.500000,0.000000,-0.002293,0.304201,0.883326,-0.893905,-0.560940,1.717968,0.223718,-0.010180,-0.318591,0.472494,0.198204,-0.373966,0.093532,0.609064,2.083785
520.000000,0.000000,0.500000,0.000000,0.010650,0.311018,0.950304,-0.968477,-0.641228,2.000299,0.366058,-0.039221,0.055039,0.339380,0.146714,-0.175789,0.561684,0.784836,2.065180
521.000000,0.000000,0.500000,0.000000,0.023560,0.321259,1.009660,-1.057909,-0.639130,1.747755,0.361635,-0.116594,0.343370,0.365267,0.117112,0.285278,0.402969,0.681550,1.912306
522.000000,0.000000,0.500000,0.000000,0.021606,0.332659,0.935366,-0.720181,-0.802692,1.932495,0.462551,-0.219689,0.368699,0.395593,0.130128,0.550060,0.054843,0.072964,1.744046
523.000000,0.000000,0.500000,0.000000,0.020394,0.345277,0.960774,-1.020199,-0.880264,2.029479,0.499710,-0.012807,1.034049,0.396422,0.141713,0.894732,0.331374,0.159463,1.681723
524.000000,0.000000,0.500000,0.000000,0.027734,0.339462,0.953038,-0.830479,-0.838821,1.654283,0.484057,-0.060889,1.263091,0.128659,0.181388,1.615813,0.142538,0.256755,1.369599
525.000000,0.000000,0.500000,0.000000,0.045528,0.300418,0.953624,-0.624621,-0.532037,1.177495,0.511249,-0.103875,1.337113,-0.210060,0.239362,2.119040,0.006630,0.398361,0.639263
526.000000,0.000000,0.500000,0.000000,0.064667,0.272579,0.797644,0.009390,-0.128403,0.018718,0.267045,-0.264284,1.758606,-0.660009,0.285427,2.025025,-0.065184,0.284122,-0.068671
527.000000,0.000000,0.500000,0.000000,0.063163,0.257753,0.766702,0.311773,-0.045921,-0.696271,-0.326884,-0.390358,2.229165,-0.554644,-0.329363,1.762000,0.036437,0.322721,-0.600795
528.000000,0.000000,0.500000,0.000000,0.065097,0.259478,0.758537,0.552019,0.041084,-1.351281,-0.406429,-0.243751,2.460510,-0.673607,-0.165684,1.641422,-0.055204,0.218011,-0.832793
529.000000,0.000000,0.500000,0.000000,0.066118,0.267031,0.889275,0.424573,0.078425,-1.491498,-0.138177,-0.253326,2.240615,-0.159950,-0.425561,1.568760,-0.016384,0.177456,-0.879085
530.000000,0.000000,0.500000,0.000000,0.060169,0.283735,0.972254,0.390244,0.130061,-1.075304,0.199156,-0.694220,2.184905,-0.276734,-0.528810,1.381981,-0.031353,0.097890,-0.831284
531.000000,0.000000,0.500000,0.000000,0.044462,0.305165,0.938712,0.405654,0.127473,-0.652512,0.761513,-1.178366,2.074060,-0.523566,-0.691727,1.139712,-0.078061,0.076349,-0.722952
532.000000,0.000000,0.500000,0.000000,0.034548,0.325104,0.876549,0.475021,0.234765,-0.299872,0.484354,-1.240535,2.185466,-1.121355,-0.695948,1.442563,-0.022653,0.175222,-0.900420
533.000000,0.000000,0.500000,0.000000,-0.174538,0.067714,0.217402,0.714629,0.296006,-0.194461,0.561913,-0.710654,2.400350,-0.727402,-0.796211,1.544160,-0.002458,0.119591,-0.658682
534.000000,0.000000,0.500000,0.000000,-0.168482,0.094220,0.499011,0.869708,0.398106,-0.338844,-0.238793,0.045011,2.764012,-0.696899,-0.979481,1.883734,0.161738,0.280323,-0.640502
535.000000,0.000000,0.500000,0.000000,-0.157136,0.122285,0.760399,0.958928,0.457512,-0.207151,-0.343190,0.498818,2.768175,-0.667329,-0.835442,1.669138,0.236474,0.025653,-0.390299
536.000000,0.000000,0.500000,0.000000,-0.144940,0.147888,0.934938,1.030374,0.543665,0.103247,0.022229,0.475523,2.678462,-0.714222,-0.783759,1.553219,0.306542,-0.250664,-0.030337
537.000000,0.000000,0.500000,0.000000,-0.139304,0.173872,1.035116,0.955660,0.271850,0.364922,0.079949,0.111229,2.616729,-0.950526,-0.682998,1.447465,0.238467,-0.323258,0.201394
538.000000,0.000000,0.500000,0.000000,-0.131636,0.197712,1.123605,0.833270,0.152702,0.806017,0.143490,0.064108,2.666721,-0.896113,-0.598182,1.420823,0.207427,-0.510502,0.693015
539.000000,0.000000,0.500000,0.000000,-0.120374,0.218651,1.130610,0.873217,0.107132,1.130634,0.172912,0.013731,2.421073,-0.849772,-0.445062,1.369550,0.027455,-0.602879,1.061478
540.000000,0.000000,0.500000,0.000000,-0.102636,0.236256,1.025804,0.715253,-0.238810,1.294936,-0.000620,0.000733,2.223593,-0.767818,-0.407954,1.345454,-0.025880,-0.343024,1.326592
541.000000,0.000000,0.500000,0.000000,-0.098256,0.237544,0.877715,0.095135,-0.782205,1.674038,-0.122818,-0.089153,2.260042,-0.327741,-0.283961,0.802363,-0.018179,-0.623084,1.285404
542.000000,0.000000,0.500000,0.000000,-0.087862,0.240815,0.841097,-0.441959,-0.949123,1.539556,-0.311478,0.050767,2.244653,0.219335,-0.240202,0.433830,0.057421,-0.265668,1.714833
543.000000,0.000000,0.500000,0.000000,-0.085877,0.230964,0.771920,-1.081080,-1.272382,1.708228,-0.025187,0.109078,1.242268,0.417640,-0.027689,-0.307180,0.056287,0.037749,1.810629
544.000000,0.000000,0.500000,0.000000,-0.079077,0.227771,0.744148,-1.068096,-1.255337,1.542228,0.208747,0.309947,-0.088767,0.445046,0.224041,-0.599253,0.061782,0.759343,2.100938
545.000000,0.000000,0.500000,0.000000,-0.065008,0.231814,0.829063,-1.056512,-1.110165,1.419929,0.408761,0.337807,-0.636522,0.322054,0.284317,-0.616086,0.376106,1.320899,2.214947
546.000000,0.000000,0.500000,0.000000,-0.058570,0.230156,0.809160,-0.385908,-0.948092,1.572286,0.398378,-0.037426,-1.181762,0.148763,0.390762,-0.692369,0.581883,0.874440,2.017573
547.000000,0.000000,0.500000,0.000000,-0.035081,0.233752,0.894458,-0.488980,-0.667569,1.480346,0.044554,0.144554,-0.620226,0.078351,0.396987,-0.392223,0.881930,0.973857,2.247623
548.000000,0.000000,0.500000,0.000000,-0.014709,0.237999,0.957740,-0.429912,-0.487177,1.482742,-0.087498,0.092010,-0.288853,0.176797,0.383140,-0.425753,0.711265,0.702964,2.016834
549.000000,0.000000,0.500000,0.000000,0.000450,0.244387,0.925024,-0.618080,-0.527546,1.738815,0.153505,-0.000182,-0.148998,0.312662,0.436244,-0.472354,0.227594,0.391571,2.144660
550.000000,0.000000,0.500000,0.000000,0.011194,0.247829,0.883287,-0.557041,-0.583272,1.608628,0.359674,-0.075670,-0.118630,0.361043,0.296492,-0.291078,0.101075,0.365350,1.934245
551.000000,0.000000,0.500000,0.000000,0.023624,0.251782,0.873976,-0.789071,-0.535742,1.678330,0.372807,-0.094158,0.140595,0.499681,0.312436,-0.047718,0.139675,0.437203,1.897123
552.000000,0.000000,0.500000,0.000000,0.030241,0.255494,0.925323,-1.008837,-0.930376,1.651577,0.464108,-0.119220,0.416038,0.430221,0.184164,0.285811,0.401729,0.526425,1.913820
553.000000,0.000000,0.500000,0.000000,0.034472,0.263645,0.863295,-0.777868,-0.905992,1.593024,0.594988,-0.146586,0.602954,0.430529,0.205223,0.631401,-0.013320,0.274680,1.845479
554.000000,0.000000,0.500000,0.000000,0.035287,0.284657,0.821461,-0.658039,-0.776453,1.435228,0.089425,-0.066612,1.195483,0.173407,0.211380,1.062516,0.227320,0.435266,1.716366
555.000000,0.000000,0.500000,0.000000,0.031705,0.286317,0.764316,-0.330873,-0.702045,1.279272,0.126403,-0.205967,1.398520,-0.148430,0.089223,1.322941,0.091029,0.200212,1.329673
556.000000,0.000000,0.500000,0.000000,0.045711,0.264492,0.694143,-0.171083,-0.262603,0.504210,0.276886,-0.073123,1.536866,-0.618244,0.015046,1.778507,-0.132418,0.389743,0.662171
557.000000,0.000000,0.500000,0.000000,0.043989,0.244920,0.680207,0.314525,-0.118625,-0.052260,-0.142414,-0.365834,1.832482,-0.788030,-0.373272,1.673976,0.182632,0.434097,0.175349
558.000000,0.000000,0.500000,0.000000,0.035669,0.239696,0.713719,0.478079,0.193501,-0.875379,-0.215845,-0.287401,2.122888,-0.598200,-0.573939,1.379400,0.206436,0.378019,-0.093787
559.000000,0.000000,0.500000,0.000000,0.021230,0.248900,0.693605,0.435441,0.220067,-0.989007,-0.029876,-0.523816,2.201154,-0.867581,-0.585338,1.310003,0.049246,0.264575,-0.679292
560.000000,0.000000,0.500000,0.000000,0.016070,0.261796,0.777497,0.347284,0.255768,-1.095008,0.057548,-0.289706,2.340591,-0.552824,-0.579815,1.488653,0.022900,0.285675,-0.819907
561.000000,0.000000,0.500000,0.000000,0.011273,0.273448,0.899582,0.378868,0.352450,-0.949592,0.207584,-0.281931,2.097789,-0.284222,-0.812776,1.279852,0.104138,0.274341,-0.771229
562.000000,0.000000,0.500000,0.000000,0.009279,0.286083,0.852459,0.376671,0.346640,-0.483920,0.773619,-0.628868,2.093959,-0.798348,-0.603326,1.435128,0.009239,0.270805,-0.458983
563.000000,0.000000,0.500000,0.000000,0.002191,0.304602,0.775340,0.482729,0.282354,-0.249222,0.864225,-0.779659,2.245346,-0.917486,-0.536347,1.311352,-0.030939,0.188416,-0.482992
564.000000,0.000000,0.500000,0.000000,-0.000280,0.328570,0.725230,0.510178,0.140773,-0.073277,0.649649,-0.614069,2.643127,-1.257090,-0.377290,1.527136,-0.038450,-0.021765,-0.471168
565.000000,0.000000,0.500000,0.000000,0.012703,0.335966,0.775506,0.986531,0.255098,0.042403,0.355880,-0.236912,2.441603,-1.056831,-0.619694,1.895149,0.068671,0.149082,-0.525867
566.000000,0.000000,0.500000,0.000000,0.030471,0.347126,0.701942,0.814330,0.305351,0.380488,0.765131,-0.293096,2.275268,-1.256858,-0.403885,1.741335,0.102855,0.049145,-0.036483
567.000000,0.000000,0.500000,0.000000,0.039076,0.371879,0.797120,0.495053,-0.118632,0.514245,-0.095464,-0.016572,2.627869,-1.101632,-0.389663,1.220938,0.281545,-0.184758,-0.055956
568.000000,0.000000,0.500000,0.000000,0.052945,0.399985,0.766389,0.770990,-0.259501,1.168758,0.121790,-0.313230,2.746423,-1.330338,-0.179687,1.535305,-0.025726,-0.409277,0.264355
569.000000,0.000000,0.500000,0.000000,0.067656,0.402689,0.681362,0.725995,-0.305671,1.238938,0.062549,-0.145681,2.698309,-1.288216,-0.118055,1.478730,0.127979,-0.552029,0.615107
570.000000,0.000000,0.500000,0.000000,0.066086,0.383549,0.762742,0.152330,-0.697605,1.392784,-0.273404,-0.021263,2.683629,-0.556586,-0.312662,0.994748,0.233266,-0.612823,0.988185
571.000000,0.000000,0.500000,0.000000,0.054150,0.361219,0.652801,-0.152150,-0.892240,1.589107,0.015746,-0.135649,2.226754,-0.116690,-0.128033,0.654553,0.024255,-0.793715,1.461644
572.000000,0.000000,0.500000,0.000000,0.027860,0.331983,0.679014,-0.899880,-1.379524,1.790431,-0.012424,-0.035473,1.824193,0.414154,-0.167576,-0.050910,0.066695,-0.500074,1.486201
573.000000,0.000000,0.500000,0.000000,-0.005988,0.301028,0.691274,-0.981057,-1.655981,1.999754,0.127301,0.254363,0.119276,0.591273,-0.206688,-0.592692,-0.387139,-0.030785,1.666534
574.000000,0.000000,0.500000,0.000000,-0.022113,0.294164,0.724081,-0.786131,-1.296039,1.475158,0.239541,0.178548,-0.733064,0.496953,0.049362,-0.651334,-0.097812,0.415076,1.702251
575.000000,0.000000,0.500000,0.000000,-0.025161,0.295424,0.673812,-0.277837,-1.125762,1.496025,0.118939,-0.037158,-1.048670,0.295206,0.262682,-0.662624,0.203865,0.532039,1.922005
576.000000,0.000000,0.500000,0.000000,-0.020477,0.298016,0.646402,-0.141282,-0.911677,1.547030,-0.059507,0.005640,-0.752804,0.268547,0.335142,-0.580416,0.410074,0.424021,1.838038
577.000000,0.000000,0.500000,0.000000,-0.015712,0.308586,0.616193,-0.375867,-0.966930,1.527282,-0.030139,0.040416,-0.512699,0.403520,0.326125,-0.668616,0.042681,0.393341,1.961056
578.000000,0.000000,0.500000,0.000000,-0.012222,0.320521,0.666978,-0.695500,-1.148717,1.433684,0.097019,0.095114,-0.330873,0.497501,0.465844,-0.502874,0.337724,0.429772,1.943746
579.000000,0.000000,0.500000,0.000000,-0.009537,0.334016,0.592954,-0.406590,-0.997058,1.786942,0.101693,0.116610,-0.178944,0.399594,0.411512,-0.286098,0.018357,0.213341,2.046839
580.000000,0.000000,0.500000,0.000000,-0.023719,0.335405,0.666860,-0.772125,-1.274672,1.636203,0.371969,-0.037875,-0.039580,0.412493,0.053591,0.103746,0.310154,0.338357,1.516452
581.000000,0.000000,0.500000,0.000000,-0.032198,0.351609,0.653750,-0.876764,-1.237557,1.570732,0.459614,0.084438,0.314770,0.492111,0.181487,0.501346,-0.108767,0.185608,1.774298
582.000000,0.000000,0.500000,0.000000,-0.047702,0.360174,0.658342,-0.810978,-1.273311,1.853253,0.629397,-0.062114,0.415276,0.603147,0.165483,0.850798,-0.021492,0.004619,1.640407
583.000000,0.000000,0.500000,0.000000,-0.049500,0.341544,0.803061,-0.797746,-1.167312,1.838191,0.424079,-0.033021,0.829063,0.359375,0.030224,1.207299,0.011664,0.246754,1.485922
584.000000,0.000000,0.500000,0.000000,-0.032823,0.322167,0.778609,-0.205864,-0.686381,1.519098,0.400527,-0.218678,1.165462,0.024826,0.510847,1.647396,-0.143098,0.283697,1.391167
585.000000,0.000000,0.500000,0.000000,-0.003762,0.290692,0.660686,-0.062633,-0.209810,0.848496,0.512203,-0.272941,1.254938,-0.526122,0.763831,1.981755,-0.278396,0.303149,0.974143
586.000000,0.000000,0.500000,0.000000,0.031162,0.255551,0.505936,0.111189,0.108598,-0.052699,0.455533,-0.201793,1.425165,-0.681149,0.884650,2.184978,-0.276418,0.337018,0.330587
587.000000,0.000000,0.500000,0.000000,0.055838,0.224687,0.461264,0.289835,0.156281,-0.764514,0.036371,-0.213485,1.692971,-0.626389,0.445126,2.161469,-0.083393,0.500488,-0.135503
588.000000,0.000000,0.500000,0.000000,0.057498,0.217726,0.493147,0.428473,0.127637,-1.259971,-0.155185,-0.451848,1.813004,-0.397227,-0.088397,1.618364,-0.020694,0.379805,-0.519441
589.000000,0.000000,0.500000,0.000000,0.058648,0.227970,0.592676,0.292468,0.320742,-1.327670,-0.048009,-0.418828,2.186868,-0.116202,-0.105386,1.601886,-0.067393,0.286114,-0.552204
590.000000,0.000000,0.500000,0.000000,0.059686,0.242494,0.568368,0.362193,0.396561,-0.918203,0.552278,-0.629996,2.114386,-0.473196,0.002320,1.620073,-0.170817,0.287280,-0.565478
591.000000,0.000000,0.500000,0.000000,0.048635,0.256174,0.616417,0.348064,0.130400,-0.590972,0.618340,-0.715267,2.037991,-0.303401,-0.441217,1.377082,-0.068031,0.335267,-0.614300
592.000000,0.000000,0.500000,0.000000,0.044662,0.273377,0.558513,0.339304,0.262833,-0.332895,0.871515,-0.783143,2.198877,-0.834221,-0.270339,1.489135,-0.037000,0.361673,-0.434206
593.000000,0.000000,0.500000,0.000000,0.048314,0.283923,0.515491,0.432226,0.304199,-0.087547,0.744934,-0.587624,2.074708,-0.936322,-0.268122,1.626560,0.076013,0.399096,-0.263533
594.000000,0.000000,0.500000,0.000000,0.045836,0.307630,0.492869,0.592918,0.019069,-0.085507,0.381995,-0.409742,2.451538,-1.316207,-0.218695,1.424905,0.203427,0.097664,-0.527123
595.000000,0.000000,0.500000,0.000000,0.041865,0.332528,0.462435,0.785482,-0.013608,0.034325,0.392058,-0.511728,2.366902,-1.176668,-0.349755,1.286381,0.138056,0.045272,-0.575716
596.000000,0.000000,0.500000,0.000000,0.054878,0.354351,0.417768,0.791063,0.087829,0.211021,0.342710,-0.308317,2.413562,-1.387449,-0.067896,1.645600,0.175047,-0.000680,-0.341708
597.000000,0.000000,0.500000,0.000000,0.068797,0.376003,0.433557,0.927313,-0.125775,0.554407,0.078449,-0.158196,2.481945,-1.379787,-0.165353,1.594067,0.289331,-0.118046,-0.094653
598.000000,0.000000,0.500000,0.000000,0.096330,0.386103,0.461606,0.932699,-0.019455,0.858541,0.118551,0.034426,2.230235,-1.092385,-0.137351,1.786811,0.333125,0.048587,0.224982
599.000000,0.000000,0.500000,0.000000,0.104195,0.392438,0.474460,0.582493,-0.455804,1.386025,-0.141234,-0.119898,2.538248,-0.870435,-0.231671,1.386235,0.170004,-0.351359,0.695109
600.000000,0.000000,0.500000,0.000000,0.097710,0.348528,0.454218,0.255242,-0.907501,1.830508,-0.197652,0.041647,2.003593,-0.351940,-0.385045,1.161096,0.209462,-0.337959,1.122127
601.000000,0.000000,0.500000,0.000000,0.079229,0.315146,0.476645,-0.484754,-1.032747,1.762502,-0.041319,-0.129712,1.886206,0.263353,-0.353096,0.418710,0.116208,-0.396782,1.470679
602.000000,0.000000,0.500000,0.000000,0.060096,0.279553,0.556708,-1.034418,-1.169859,1.726046,-0.014252,0.034237,0.906209,0.496354,-0.139944,-0.306348,0.146690,-0.041205,1.610536
603.000000,0.000000,0.500000,0.000000,0.044898,0.252347,0.614477,-0.942247,-1.046624,1.727155,0.057508,0.067299,-0.348902,0.464033,0.039758,-0.601718,0.066372,0.287107,1.594447
604.000000,0.000000,0.500000,0.000000,0.039238,0.243324,0.581786,-0.586630,-0.955198,1.628420,0.101502,0.070592,-0.863205,0.387704,0.159815,-0.838867,-0.037275,0.367667,1.807970
605.000000,0.000000,0.500000,0.000000,0.035591,0.237475,0.561101,-0.431239,-0.977218,1.489967,0.103056,-0.113358,-1.176309,0.355559,0.115338,-0.858434,0.265442,0.406931,1.670332
606.000000,0.000000,0.500000,0.000000,0.053788,0.237905,0.534162,-0.068712,-0.434467,1.413897,0.074606,-0.183344,-0.831588,0.250103,0.359174,-0.714548,0.822545,0.589095,1.818521
607.000000,0.000000,0.500000,0.000000,0.068455,0.242114,0.505444,-0.491607,-0.668791,1.523241,-0.110627,0.080518,-0.546688,0.332864,0.327387,-0.620622,0.333004,0.331838,1.957283
608.000000,0.000000,0.500000,0.000000,0.082058,0.243633,0.551720,-0.739460,-0.733797,1.577958,0.110738,0.065966,-0.192449,0.284650,0.279470,-0.388300,0.708145,0.435833,1.999781
609.000000,0.000000,0.500000,0.000000,0.089014,0.243306,0.599017,-0.942094,-0.844900,1.625838,0.388129,0.009950,-0.049378,0.392626,0.198925,-0.318996,0.469128,0.473874,1.926665
610.000000,0.000000,0.500000,0.000000,0.090796,0.241931,0.580568,-0.602829,-0.804572,1.832522,0.415539,-0.117253,-0.042369,0.467370,0.177499,-0.289610,0.358845,0.281244,1.919433
611.000000,0.000000,0.500000,0.000000,0.086525,0.244849,0.510331,-0.548427,-0.850739,1.677417,0.362075,-0.134695,0.090118,0.559261,0.213743,-0.083996,0.019551,-0.076221,1.798560
612.000000,0.000000,0.500000,0.000000,0.085058,0.244640,0.569828,-0.909879,-0.908257,1.623417,0.327592,-0.137604,0.492306,0.561195,0.009256,0.451610,0.257838,0.318204,1.747252
613.000000,0.000000,0.500000,0.000000,0.078865,0.255248,0.547668,-0.638348,-0.866679,1.610023,0.276803,-0.091281,0.856703,0.546251,0.074470,0.566936,0.201923,0.229735,1.749177
614.000000,0.000000,0.500000,0.000000,0.060831,0.262238,0.472430,-0.776753,-0.991842,1.579421,0.479348,-0.169199,0.839583,0.386147,0.036222,1.215944,-0.092470,0.099244,1.409041
615.000000,0.000000,0.500000,0.000000,0.050515,0.251843,0.427395,-0.517313,-0.766524,1.364267,0.335115,-0.098874,1.203158,-0.001755,0.038038,1.527826,-0.194096,0.081806,1.171521
616.000000,0.000000,0.500000,0.000000,0.046483,0.232494,0.403284,-0.097432,-0.322193,0.468479,0.270916,-0.240440,1.491938,-0.474240,-0.013853,1.541931,-0.012101,0.226596,0.793809
617.000000,0.000000,0.500000,0.000000,0.037971,0.214249,0.412963,0.243642,-0.142506,-0.067232,-0.009922,-0.282617,1.804507,-0.719770,-0.386061,1.639885,0.153610,0.302307,0.211643
618.000000,0.000000,0.500000,0.000000,0.035494,0.206741,0.366660,0.370673,0.214775,-0.791696,-0.052122,-0.197290,2.040433,-0.797770,-0.278354,1.571144,-0.010405,0.396473,-0.343035
619.000000,0.000000,0.500000,0.000000,0.027951,0.212620,0.344435,0.404111,0.270645,-1.106816,-0.115070,-0.411680,2.159218,-1.071449,-0.447687,1.458451,0.041243,0.422519,-0.720673
620.000000,0.000000,0.500000,0.000000,0.022360,0.222705,0.346355,0.426103,0.322967,-1.131497,0.537872,-0.494108,2.196894,-0.553426,-0.416241,1.498180,-0.085204,0.375064,-0.753580
621.000000,0.000000,0.500000,0.000000,0.012423,0.238141,0.335210,0.360833,0.351026,-0.656847,0.787056,-0.697285,1.872776,-0.471374,-0.537591,1.110675,0.010290,0.280433,-0.143200
622.000000,0.000000,0.500000,0.000000,-0.006346,0.259027,0.298676,0.366612,0.166516,-0.404697,0.534215,-1.027989,2.274260,-1.063565,-0.466856,1.290233,0.026501,0.275415,-0.515264
623.000000,0.000000,0.500000,0.000000,-0.019154,0.273626,0.286066,0.505177,0.178033,-0.254115,0.677580,-0.894241,2.237213,-0.883425,-0.525674,1.437385,0.028751,0.325828,-0.639599
624.000000,0.000000,0.500000,0.000000,-0.021775,0.278439,0.370639,0.520280,0.108239,-0.215453,0.425822,-0.443204,2.060816,-0.650114,-0.693092,1.556603,0.150176,0.406942,-0.613796
625.000000,0.000000,0.500000,0.000000,-0.027194,0.297933,0.385394,0.708172,0.084947,0.004559,0.438986,-0.558754,2.370515,-0.885934,-0.546802,1.395788,0.151803,0.138833,-0.414809
626.000000,0.000000,0.500000,0.000000,-0.022652,0.317649,0.448786,0.784370,0.050720,0.185253,0.070656,-0.215691,2.483723,-1.036064,-0.449203,1.477072,0.230342,0.116664,-0.347187
627.000000,0.000000,0.500000,0.000000,-0.015723,0.338116,0.495564,0.749319,-0.005938,0.405211,0.129526,-0.134871,2.384501,-0.965906,-0.339414,1.286134,0.289173,-0.048721,-0.065613
628.000000,0.000000,0.500000,0.000000,-0.001472,0.350407,0.413777,0.933287,-0.079676,0.865879,0.386331,-0.398166,2.070064,-1.284566,-0.190733,1.596583,0.232580,0.007459,0.277096
629.000000,0.000000,0.500000,0.000000,0.004373,0.374523,0.395891,0.583510,-0.411207,1.123618,0.154864,-0.444169,2.323567,-1.247381,-0.094923,1.309420,0.245092,-0.226601,0.443891
630.000000,0.000000,0.500000,0.000000,0.001676,0.383813,0.395307,0.427620,-0.425127,1.195088,-0.096060,-0.233690,2.733553,-0.829146,-0.033921,1.072840,0.089112,-0.465317,0.878805
631.000000,0.000000,0.500000,0.000000,-0.008242,0.367809,0.397938,-0.125119,-0.860009,1.501692,-0.075416,-0.188514,2.035604,-0.263122,-0.197097,0.779358,0.155540,-0.490863,1.256245
632.000000,0.000000,0.500000,0.000000,-0.012151,0.347288,0.429535,-0.549990,-0.937873,1.549759,-0.180939,0.078086,1.622391,0.252503,-0.094279,0.051773,-0.017968,-0.113606,1.679280
633.000000,0.000000,0.500000,0.000000,-0.022407,0.316163,0.456237,-0.839024,-0.988088,1.790406,0.052836,0.136753,0.109794,0.452371,-0.101081,-0.513605,-0.069371,0.376906,1.635430
634.000000,0.000000,0.500000,0.000000,-0.034180,0.295303,0.460244,-0.620048,-0.833983,1.891812,0.068733,0.040038,-0.731255,0.516479,-0.157718,-0.787940,-0.132203,0.483971,1.677404
635.000000,0.000000,0.500000,0.000000,-0.027894,0.302107,0.412029,-0.389645,-0.680514,1.436351,-0.032716,0.044915,-0.935703,0.405172,0.198144,-0.927685,-0.000037,0.577473,2.027094
636.000000,0.000000,0.500000,0.000000,-0.023729,0.307332,0.450471,-0.565596,-0.891861,1.320359,-0.022501,0.054057,-1.059635,0.404137,0.289051,-0.719623,0.433670,0.568919,1.779648
637.000000,0.000000,0.500000,0.000000,-0.017286,0.324971,0.317082,-0.187888,-0.784023,1.377148,-0.142778,0.044207,-0.801423,0.338954,0.390716,-0.781647,-0.080547,0.123278,2.050175
638.000000,0.000000,0.500000,0.000000,-0.015849,0.337422,0.257930,-0.461626,-0.932186,1.335537,0.112341,0.136807,-0.525853,0.497527,0.337668,-0.690377,-0.143651,0.193645,1.905706
639.000000,0.000000,0.500000,0.000000,-0.020424,0.340674,0.276783,-0.581493,-1.085116,1.453300,0.327093,0.021097,-0.421500,0.534992,0.245710,-0.368515,0.214584,0.351836,1.820436
640.000000,0.000000,0.500000,0.000000,-0.030701,0.340137,0.323009,-0.680923,-1.196730,1.617501,0.401057,0.032947,-0.142070,0.519553,0.195626,-0.111332,0.301961,0.339728,1.725445
641.000000,0.000000,0.500000,0.000000,-0.031574,0.347580,0.319423,-0.552790,-0.802414,1.756687,0.214705,0.061210,0.096875,0.465408,0.326853,0.130399,0.226733,0.397503,1.880087
642.000000,0.000000,0.500000,0.000000,-0.037651,0.357407,0.329801,-0.558741,-0.800501,1.633312,0.172800,0.011923,0.461805,0.374270,0.103097,0.678165,0.210170,0.307414,1.777374
643.000000,0.000000,0.500000,0.000000,-0.041044,0.333063,0.416765,-0.585965,-0.781470,1.527622,0.381198,-0.090671,0.626100,0.407501,0.097591,1.326983,-0.118977,0.211222,1.340304
644.000000,0.000000,0.500000,0.000000,-0.037318,0.303641,0.465505,-0.191392,-0.670677,1.335340,0.305341,-0.174041,1.043931,0.103414,0.331586,1.533652,0.020256,0.079020,1.305442
645.000000,0.000000,0.500000,0.000000,-0.023250,0.269241,0.442686,0.040485,-0.258618,0.964440,0.304378,-0.070585,1.276947,-0.389166,0.454871,1.580977,-0.192229,0.065713,0.899276
646.000000,0.000000,0.500000,0.000000,0.000624,0.239942,0.408414,0.126747,-0.011792,-0.012071,0.335680,-0.098418,1.328268,-0.707162,0.294590,1.756877,-0.157608,0.354088,0.646478
647.000000,0.000000,0.500000,0.000000,0.007927,0.222298,0.271491,0.384719,0.110091,-0.618965,0.217041,-0.350941,1.704305,-1.292164,0.130806,1.734960,-0.087920,0.340230,-0.317598
648.000000,0.000000,0.500000,0.000000,0.014872,0.218486,0.232451,0.481179,0.272863,-1.134139,0.229393,-0.269934,1.989189,-0.808442,0.116031,1.610454,-0.116315,0.429576,-0.641448
649.000000,0.000000,0.500000,0.000000,0.016999,0.226330,0.224471,0.394552,0.396325,-1.208066,0.298173,-0.344418,1.947447,-0.688410,-0.020697,1.517403,-0.135854,0.390244,-0.707958
650.000000,0.000000,0.500000,0.000000,0.023852,0.231970,0.296112,0.335004,0.412183,-1.105494,0.354588,-0.147035,1.981764,-0.377504,-0.034148,1.703178,-0.165886,0.449415,-0.842609
651.000000,1.500000,0.000000,0.000000,0.024939,0.239642,0.288038,0.399836,0.384026,-0.691393,0.739481,-0.450400,1.762101,-0.560391,-0.196449,1.506338,-0.034779,0.433523,-0.605980
652.000000,1.500000,0.000000,0.000000,0.018346,0.253259,0.223563,0.383056,0.273168,-0.316415,0.868478,-0.785545,1.945790,-0.843231,-0.224081,1.503425,-0.038643,0.424723,-0.503505
653.000000,1.500000,0.000000,0.000000,0.059941,0.238078,0.231173,0.240957,-0.629952,-0.891737,1.076732,1.215092,1.741663,-0.281414,0.989960,2.234596,-0.360140,-0.083789,-0.850406
654.000000,1.500000,0.000000,0.000000,0.113796,0.223055,0.266545,0.427322,-1.127712,-1.368430,0.810865,1.521464,1.944976,-0.476549,1.378432,2.354391,-0.346021,-0.447765,-1.177472
655.000000,1.500000,0.000000,0.000000,0.177885,0.206761,0.311885,0.558759,-1.267019,-1.485014,0.604587,1.517339,1.955659,-0.587663,1.382033,2.378296,-0.273526,-0.651968,-1.211808
656.000000,1.500000,0.000000,0.000000,0.246991,0.184142,0.363975,0.577400,-1.487378,-1.030543,0.491744,1.584229,1.757543,-0.569657,1.226696,2.356555,-0.247172,-0.856732,-0.926548
657.000000,1.500000,0.000000,0.000000,0.331918,0.165177,0.356238,0.766288,-1.466495,-0.452172,0.628877,1.673143,2.022276,-0.804365,1.591902,2.606683,-0.328411,-0.930877,-0.472930
658.000000,1.500000,0.000000,0.000000,0.425046,0.145728,0.340884,0.652409,-1.277900,0.014552,0.971302,1.671817,2.154829,-0.665526,1.717156,2.771330,-0.315453,-1.068722,0.057341
659.000000,1.500000,0.000000,0.000000,0.513895,0.126038,0.293455,0.664028,-1.165958,0.546355,0.835687,1.528307,2.021205,-0.794045,1.589171,2.770566,-0.264760,-1.299576,0.394569
660.000000,1.500000,0.000000,0.000000,0.605443,0.107636,0.376084,0.490416,-1.021839,0.904008,0.417052,1.643773,2.210088,-0.460939,1.481878,2.817142,-0.183807,-1.276288,0.512370
661.000000,1.500000,0.000000,0.000000,0.681587,0.098242,0.471424,0.328193,-0.732496,1.364015,0.303429,1.371735,2.110031,-0.237568,1.271634,2.256191,-0.059902,-1.052755,1.183537
662.000000,1.500000,0.000000,0.000000,0.700807,0.044238,0.343974,0.016613,-0.219054,1.830889,0.411996,0.844227,1.360545,-0.082310,1.052740,1.904559,-0.295286,-0.671030,1.813453
663.000000,1.500000,0.000000,0.000000,0.704724,0.018985,0.275269,-0.258471,0.371518,1.693630,0.338707,0.819688,0.495944,0.581257,0.676856,1.247783,0.113150,0.480050,2.113096
664.000000,1.500000,0.000000,0.000000,0.711875,0.011708,0.334726,-0.780884,1.186151,1.774463,0.238831,0.414299,-0.667360,0.574995,0.260934,0.254240,0.302392,1.636773,2.240759
665.000000,1.500000,0.000000,0.000000,0.731752,0.017360,0.371645,-0.862699,1.416577,1.672777,0.180042,0.089453,-1.322396,0.449126,-0.120853,-0.382807,0.091929,1.778951,2.474736
666.000000,1.500000,0.000000,0.000000,0.777860,0.034457,0.320011,-0.655904,1.567506,1.708377,0.147315,-0.322408,-1.690371,0.350093,-0.076316,-0.948180,0.286064,1.885548,2.838538
667.000000,1.500000,0.000000,0.000000,0.830274,0.049719,0.247207,-0.468862,1.504732,1.871996,-0.164324,-0.625460,-1.845071,0.442374,-0.161869,-1.390355,0.374752,1.468403,2.735038
668.000000,1.500000,0.000000,0.000000,0.893664,0.066483,0.183099,-0.490400,1.594339,1.883361,-0.162510,-1.187676,-1.529349,0.245973,-0.437866,-1.238223,0.627218,1.432261,2.767661
669.000000,1.500000,0.000000,0.000000,0.947116,0.065930,0.224434,-0.563411,0.986197,2.096561,-0.139963,-1.365374,-1.085475,0.135671,-0.842878,-0.996576,0.948908,1.402802,2.549988
670.000000,1.500000,0.000000,0.000000,1.003930,0.065749,0.209622,-0.568078,1.032396,2.292626,0.051547,-1.824967,-0.896021,0.172089,-1.137243,-0.963316,0.753735,1.268224,2.778323
671.000000,1.500000,0.000000,0.000000,1.054998,0.057192,0.238412,-0.537649,0.806631,2.465918,0.163718,-1.971500,-0.418949,0.137875,-1.502119,-0.825355,0.994256,0.899816,2.743184
672.000000,1.500000,0.000000,0.000000,1.104653,0.040361,0.285523,-0.779391,0.490062,2.718135,0.151569,-1.785658,-0.014908,0.168659,-1.877985,-0.303953,0.841473,0.580418,2.793581
673.000000,1.500000,0.000000,0.000000,1.153786,0.012532,0.339553,-0.633225,0.117408,2.991971,0.128319,-1.641246,0.330694,0.299614,-2.010444,0.341333,0.750555,0.496901,2.882337
674.000000,1.500000,0.000000,0.000000,1.206683,-0.014518,0.401479,-0.365874,0.151365,3.064034,-0.049845,-1.491623,0.950668,0.007261,-1.941638,0.942332,0.911089,0.303819,3.164266
675.000000,1.500000,0.000000,0.000000,1.249941,-0.031096,0.368476,-0.140529,0.621627,2.696327,-0.178480,-1.023668,1.575169,-0.160925,-1.509032,1.443254,0.329053,0.056975,3.193911
676.000000,1.500000,0.000000,0.000000,1.182234,0.003255,0.306561,0.049383,1.326559,2.175329,-0.074753,-0.579815,2.113525,-0.321230,-0.567776,1.787432,-0.151481,-0.085104,2.825418
677.000000,1.500000,0.000000,0.000000,1.076339,0.017151,0.370805,0.002111,1.691868,0.364826,-0.023788,-0.166811,2.113475,-0.485188,0.175244,1.995906,-0.329333,0.007587,1.325065
678.000000,1.500000,0.000000,0.000000,1.010782,0.018029,0.322420,0.221428,1.545401,-1.209370,0.636728,0.055359,1.896253,-0.470880,0.927171,2.023318,-0.436002,0.236807,-0.405337
679.000000,1.500000,0.000000,0.000000,0.987505,0.007054,0.248258,0.240362,0.967416,-1.897877,0.961419,0.331915,1.649834,-0.699510,1.076615,2.149673,-0.373659,0.292247,-1.254735
680.000000,1.500000,0.000000,0.000000,0.990122,-0.011683,0.300909,0.224538,0.151879,-2.050152,0.658159,0.461048,1.481226,-0.393927,0.787013,2.043906,-0.179578,0.273719,-1.426443
681.000000,1.500000,0.000000,0.000000,1.004900,-0.033736,0.271920,0.314349,-0.469069,-2.190774,0.905349,0.438155,1.220142,-0.451521,0.842988,1.984825,-0.303361,-0.060883,-1.768371
682.000000,1.500000,0.000000,0.000000,1.012274,-0.047040,0.270788,0.336731,-1.036181,-2.078438,0.959228,0.173438,1.438211,-0.270622,0.478398,1.723079,-0.322981,-0.409016,-1.898161
683.000000,1.500000,0.000000,0.000000,1.026072,-0.044215,0.193099,0.355317,-1.437614,-1.855745,0.764382,0.074525,1.792135,-0.932363,0.672592,1.669721,-0.293621,-0.623152,-1.937289
684.000000,1.500000,0.000000,0.000000,1.051561,-0.040786,0.203640,0.304968,-1.728694,-1.286487,0.509871,0.462116,2.022899,-0.714150,0.645830,1.776228,-0.113367,-0.778011,-1.492262
685.000000,1.500000,0.000000,0.000000,1.091146,-0.034043,0.247852,0.329766,-2.105139,-0.283522,0.287229,0.772015,2.636767,-0.655990,0.915677,2.044323,-0.116421,-1.096595,-0.982077
686.000000,1.500000,0.000000,0.000000,1.146230,-0.025447,0.250617,0.346075,-1.982910,0.426599,0.380744,0.806028,2.994160,-0.630113,1.103987,2.206162,-0.160950,-1.349031,-0.486432
687.000000,1.500000,0.000000,0.000000,1.199378,-0.013679,0.256722,0.121727,-2.009745,1.005306,0.321803,0.541531,3.314424,-0.577231,0.982936,2.277732,-0.291173,-1.725950,0.062033
688.000000,1.500000,0.000000,0.000000,1.251270,-0.004725,0.229737,0.127585,-1.742366,1.327738,0.396048,0.289397,3.401650,-0.592030,0.702870,2.422527,-0.290315,-1.873757,0.664794
689.000000,1.500000,0.000000,0.000000,1.293990,-0.001330,0.205386,0.272922,-1.347872,1.741754,0.323531,0.318062,3.318327,-0.208620,0.800574,2.524127,-0.387096,-1.813185,1.366062
690.000000,1.500000,0.000000,0.000000,1.245821,-0.025570,0.187854,0.092181,-1.234945,2.182954,0.042552,0.168385,3.436140,-0.028019,0.596584,2.422637,-0.358360,-1.675093,1.892068
691.000000,1.500000,0.000000,0.000000,1.134779,-0.038846,0.114358,-0.143783,-0.785841,2.052579,-0.123390,1.080945,2.178385,0.699058,0.548141,1.393088,0.191208,-0.136074,2.305649
692.000000,1.500000,0.000000,0.000000,1.067572,-0.050286,0.261668,-0.837021,-0.486368,2.053378,-0.072295,1.244393,0.388966,0.897737,0.662352,-0.121291,0.755177,1.673385,2.393124
693.000000,1.500000,0.000000,0.000000,1.053071,-0.052433,0.251917,-0.503622,0.301692,1.903661,0.161441,0.721529,-1.142547,0.656146,0.664212,-0.741210,0.643761,1.992398,2.465533
694.000000,1.500000,0.000000,0.000000,1.084503,-0.040161,0.267150,-0.789796,0.647628,1.527826,0.196332,0.434063,-1.466699,0.489921,0.457642,-0.709314,0.535500,2.187422,2.750129
695.000000,1.500000,0.000000,0.000000,1.123827,-0.029129,0.166777,-0.370827,0.882993,1.732574,-0.080463,-0.031082,-1.834647,0.433118,0.258339,-0.934278,0.195105,1.654843,2.582111
696.000000,1.500000,0.000000,0.000000,1.172710,-0.011922,0.092302,-0.344084,0.925036,1.642870,-0.251921,-0.397446,-1.929396,0.349348,-0.006656,-1.272213,0.210775,1.508563,2.690153
697.000000,1.500000,0.000000,0.000000,1.218826,-0.010309,0.111694,-0.468935,0.849142,1.962008,-0.207362,-0.954644,-1.500934,0.238480,-0.461704,-1.049136,0.639409,1.461745,2.482314
698.000000,1.500000,0.000000,0.000000,1.251230,-0.019900,0.206106,-0.852380,0.357040,2.137197,-0.040449,-1.404781,-1.353263,0.274575,-0.993020,-1.054847,0.711312,1.333105,2.453892
699.000000,1.500000,0.000000,0.000000,1.281389,-0.038164,0.278786,-0.813846,0.245534,2.352703,0.111630,-1.651980,-0.944636,0.354267,-1.218812,-0.988026,0.676066,1.070193,2.411741
700.000000,1.500000,0.000000,0.000000,1.321587,-0.063513,0.303258,-0.474191,0.555059,2.766295,0.214487,-2.088782,-0.478219,0.202796,-1.724009,-0.660555,0.696219,1.211049,2.679289
701.000000,1.500000,0.000000,0.000000,1.367032,-0.085602,0.416953,-0.448966,0.596120,2.659699,-0.014226,-1.905428,0.223663,0.150576,-1.937065,-0.192471,1.008271,0.829684,2.959259
702.000000,1.500000,0.000000,0.000000,1.420761,-0.109463,0.377943,-0.043425,0.668773,3.102791,-0.078466,-1.772434,1.081176,-0.116413,-2.076659,0.232735,0.608860,0.377799,3.238211
703.000000,1.500000,0.000000,0.000000,1.463939,-0.138421,0.331432,0.048919,0.459651,3.138551,-0.282453,-1.438750,1.613691,-0.091460,-2.074253,0.955079,0.247454,0.161362,3.296128
704.000000,1.500000,0.000000,0.000000,1.394280,-0.114992,0.192334,0.022842,0.516565,2.893998,-0.025832,-1.100603,1.907705,-0.012301,-1.670887,1.356352,-0.244851,-0.012563,2.968506
705.000000,1.500000,0.000000,0.000000,1.269443,-0.056198,0.106376,-0.052458,0.809855,1.884206,-0.036601,-0.301883,2.170491,-0.327344,-0.863097,1.844052,-0.388756,-0.204655,2.083108
706.000000,1.500000,0.000000,0.000000,1.145825,-0.042036,0.215851,0.004846,1.352726,0.318872,0.125194,-0.145568,1.976480,-0.478518,0.084354,2.025084,-0.432145,-0.206706,0.965902
707.000000,1.500000,0.000000,0.000000,1.068529,-0.028083,0.125077,0.239700,1.609504,-1.119729,0.608625,-0.037517,1.871025,-0.762642,0.950062,1.975156,-0.395345,0.254352,-0.374909
708.000000,1.500000,0.000000,0.000000,1.032073,-0.027992,0.094881,0.264600,0.984332,-1.722257,0.766172,0.094294,1.645766,-0.528076,0.960175,2.007209,-0.333467,0.299472,-1.101566
709.000000,1.500000,0.000000,0.000000,1.024199,-0.038141,0.163742,0.251571,0.268819,-1.805214,0.452204,0.302318,1.378969,-0.302368,0.665299,1.828513,-0.128118,0.203000,-1.355317
710.000000,1.500000,0.000000,0.000000,1.024102,-0.055749,0.158526,0.252337,-0.321233,-1.792884,0.729760,0.108239,1.079507,-0.327106,0.496587,1.788777,-0.304415,0.034790,-1.663037
711.000000,1.500000,0.000000,0.000000,1.026618,-0.060239,0.107052,0.317384,-0.914400,-1.976283,0.829043,-0.118123,1.457017,-0.630692,0.626029,1.695141,-0.315761,-0.303960,-1.950489
712.000000,1.500000,0.000000,0.000000,1.043357,-0.064782,0.144772,0.205000,-1.384216,-1.751070,0.591207,0.266755,1.702604,-0.458551,0.531107,1.782725,-0.252001,-0.421794,-1.779009
713.000000,1.500000,0.000000,0.000000,1.069323,-0.056475,0.140444,0.367438,-1.817079,-1.250774,0.249540,0.430728,2.222805,-0.889358,0.808024,1.719108,-0.113589,-0.692255,-1.700767
714.000000,1.500000,0.000000,0.000000,1.098609,-0.046599,0.140542,0.288407,-1.983691,-0.554472,0.430420,0.345171,2.548957,-0.661065,0.798166,1.822256,-0.092950,-1.073534,-1.260384
715.000000,1.500000,0.000000,0.000000,1.131114,-0.032663,0.106150,0.193317,-2.173820,0.148214,0.459972,0.125355,2.893846,-0.646907,0.909642,1.949452,-0.286796,-1.455178,-0.846174
716.000000,1.500000,0.000000,0.000000,1.181412,-0.021587,0.073534,0.134577,-2.035568,0.677590,0.495828,0.222899,3.241104,-0.620875,1.007443,2.284607,-0.211767,-1.665635,-0.248438
717.000000,1.500000,0.000000,0.000000,1.212172,-0.006263,0.048060,-0.007594,-2.000161,1.095869,0.436903,-0.243778,3.357877,-0.514517,0.585709,2.108494,-0.359779,-1.932353,0.351305
718.000000,1.500000,0.000000,0.000000,1.257852,0.002262,0.066774,0.040990,-1.586827,1.632112,0.040701,-0.038172,3.651821,-0.285470,0.618621,2.550884,-0.268079,-1.811726,0.999365
719.000000,1.500000,0.000000,0.000000,1.265051,-0.002604,0.162426,0.135489,-1.531706,1.994639,-0.088582,0.264771,3.719427,0.119891,0.589381,2.442601,-0.321219,-1.633421,1.682886
720.000000,1.500000,0.000000,0.000000,1.151865,-0.025229,0.024877,0.095999,-1.380183,2.072068,-0.165422,0.732888,3.136078,0.316829,0.725625,2.009302,-0.176764,-0.952497,2.110330
721.000000,1.500000,0.000000,0.000000,1.054725,-0.035470,0.073284,-0.391891,-0.941798,2.138363,-0.207727,1.543768,1.580103,0.940065,0.596422,0.940567,0.524864,0.898728,2.424903
722.000000,1.500000,0.000000,0.000000,1.011867,-0.043634,0.215539,-0.835398,-0.311868,2.059229,0.056818,1.051948,-0.100148,0.742958,0.667286,-0.264699,0.909236,2.143073,2.351546
723.000000,1.500000,0.000000,0.000000,1.011310,-0.038205,0.222256,-0.740446,0.267984,1.676682,0.201159,0.599100,-1.233394,0.508206,0.484081,-0.544706,0.639348,1.985675,2.484732
724.000000,1.500000,0.000000,0.000000,1.039908,-0.022883,0.211960,-0.776360,0.520171,1.526393,0.013824,0.375333,-1.639659,0.539831,0.384650,-0.833027,0.397795,1.917114,2.673906
725.000000,1.500000,0.000000,0.000000,1.092314,-0.001903,0.107091,-0.488475,0.948566,1.566787,-0.086110,0.028871,-1.733268,0.397287,0.264327,-0.902331,0.120801,1.774273,2.752683
726.000000,1.500000,0.000000,0.000000,1.135714,0.011638,0.092712,-0.647581,0.668951,1.620066,-0.236450,-0.387429,-1.580774,0.325236,-0.167264,-0.927122,0.343065,1.380308,2.525586
727.000000,1.500000,0.000000,0.000000,1.189932,0.018061,0.115971,-0.607047,1.075760,1.944804,-0.268516,-0.917047,-1.372976,0.310577,-0.515263,-0.903884,0.635407,1.625464,2.664364
728.000000,1.500000,0.000000,0.000000,1.237692,0.019090,0.087346,-0.788516,0.972855,2.180182,-0.062899,-1.261415,-1.039842,0.267419,-0.846675,-0.853909,0.263680,1.352657,2.585503
729.000000,1.500000,0.000000,0.000000,1.274936,0.007486,0.154411,-0.828440,0.702985,2.411381,0.110126,-1.715805,-0.868640,0.379533,-1.330721,-0.934933,0.700582,1.198086,2.563153
730.000000,1.500000,0.000000,0.000000,1.318749,-0.009913,0.235174,-0.757013,0.655168,2.683367,0.048327,-1.966579,-0.376204,0.402923,-1.624359,-0.771055,0.807075,1.160557,2.809875
731.000000,1.500000,0.000000,0.000000,1.363261,-0.038942,0.315819,-0.377026,0.512538,3.011351,0.062571,-2.015800,0.273328,0.023793,-1.993124,-0.192617,1.060546,0.951531,2.913203
732.000000,1.500000,0.000000,0.000000,1.406866,-0.068188,0.419636,-0.477061,0.287910,2.983179,-0.030536,-1.730095,0.778152,-0.018651,-2.151667,0.358775,0.947125,0.624185,3.179111
733.000000,1.500000,0.000000,0.000000,1.452029,-0.097112,0.400272,-0.393013,0.158775,3.203863,-0.074377,-1.584700,1.314005,0.099306,-2.113636,0.792345,0.344127,0.323336,3.559134
734.000000,1.500000,0.000000,0.000000,1.420004,-0.105417,0.358013,-0.063738,0.140839,3.253849,-0.218411,-1.331822,1.915567,0.020281,-2.017438,1.350174,0.189777,0.088934,3.312458
735.000000,1.500000,0.000000,0.000000,1.304834,-0.043680,0.195550,0.054893,0.862101,2.349406,-0.120060,-0.688649,2.255208,-0.389259,-1.183249,1.892289,-0.280197,-0.230731,2.683553
736.000000,1.500000,0.000000,0.000000,1.165300,-0.030457,0.317997,-0.049962,1.033660,1.103764,0.045481,-0.432701,2.103216,-0.655779,-0.248945,2.256180,-0.410773,-0.364385,1.230181
737.000000,1.500000,0.000000,0.000000,1.074406,-0.018106,0.226063,0.165227,1.605967,-0.524268,0.510036,-0.282472,2.048230,-0.500495,0.732689,2.187551,-0.499611,0.215813,0.181584
738.000000,1.500000,0.000000,0.000000,1.027336,-0.009417,0.142764,0.332891,1.397497,-1.588266,0.760647,-0.193631,1.762751,-0.643096,0.904044,1.858243,-0.363784,0.207238,-0.709314
739.000000,1.500000,0.000000,0.000000,1.009983,-0.016216,0.123147,0.170308,0.558747,-1.798116,0.599886,-0.028201,1.515477,-0.651846,0.757185,1.975827,-0.254885,0.304558,-1.348714
740.000000,1.500000,0.000000,0.000000,1.008765,-0.028413,0.085834,0.270556,0.009070,-1.937442,0.842425,0.020137,1.256302,-0.473962,0.551581,1.782400,-0.211011,-0.043430,-1.663535
741.000000,1.500000,0.000000,0.000000,1.015284,-0.041333,0.054875,0.186997,-0.692071,-1.900634,0.868241,-0.042407,1.298316,-0.527224,0.546600,1.845741,-0.277233,-0.154259,-1.765553
742.000000,1.500000,0.000000,0.000000,1.030901,-0.041888,0.035088,0.244455,-1.352445,-1.864113,0.599906,0.182856,1.720957,-0.763139,0.793730,1.724885,-0.222624,-0.386309,-1.936337
743.000000,1.500000,0.000000,0.000000,1.053245,-0.041142,-0.030547,0.360175,-1.644850,-1.420455,0.875770,0.250390,1.879801,-0.734306,0.795009,1.847504,-0.226941,-0.791731,-1.666227
744.000000,1.500000,0.000000,0.000000,1.081374,-0.030989,-0.031771,0.221536,-1.981541,-0.788595,0.398733,0.255174,2.380858,-0.719704,0.863911,1.839722,-0.201622,-0.897662,-1.348217
745.000000,1.500000,0.000000,0.000000,1.115464,-0.018626,-0.012146,0.275116,-2.081725,-0.025601,0.385191,0.303852,2.759878,-0.512061,0.890954,1.901615,-0.131256,-1.274997,-0.888766
746.000000,1.500000,0.000000,0.000000,1.160928,-0.006789,0.002798,0.052801,-2.103093,0.633682,0.460331,0.275236,3.119465,-0.562387,0.830248,2.181693,-0.178141,-1.453974,-0.180970
747.000000,1.500000,0.000000,0.000000,1.214411,0.001579,-0.012254,0.042796,-1.822772,1.114296,0.442333,0.267281,3.272577,-0.490798,0.829131,2.418067,-0.285669,-1.596778,0.315277
748.000000,1.500000,0.000000,0.000000,1.270746,0.009911,0.008302,0.059085,-1.762035,1.547296,0.199767,0.330435,3.723945,-0.433969,0.639665,2.661487,-0.257556,-1.792417,0.817342
749.000000,1.500000,0.000000,0.000000,1.285375,0.019246,0.055027,0.107804,-1.691352,1.729092,0.188791,0.133231,3.900698,-0.238834,0.717574,2.279674,-0.356756,-1.796190,1.494793
750.000000,1.500000,0.000000,0.000000,1.196684,-0.012716,0.080083,-0.049926,-1.174982,2.015238,-0.169476,0.879998,3.025635,0.368464,0.659049,1.955018,-0.001893,-0.768482,2.032264
751.000000,1.500000,0.000000,0.000000,1.102089,-0.018975,0.008924,-0.046996,-0.497381,2.128934,-0.091222,1.259817,1.193065,0.784415,0.713904,1.011365,0.429994,0.700697,2.438545
752.000000,1.500000,0.000000,0.000000,1.056184,-0.026483,0.135839,-0.867090,-0.183731,1.940622,-0.000628,0.967191,-0.353796,0.688856,0.573591,-0.110286,0.664768,1.857696,2.213836
753.000000,1.500000,0.000000,0.000000,1.053228,-0.019261,0.137651,-0.837972,0.366369,1.672771,0.183266,0.643770,-1.166401,0.538446,0.441589,-0.529050,0.269828,1.791418,2.409154
754.000000,1.500000,0.000000,0.000000,1.081729,-0.002896,0.132035,-0.823410,0.578609,1.422915,0.040698,0.417661,-1.473090,0.537208,0.379438,-0.744973,0.280315,1.777176,2.581337
755.000000,1.500000,0.000000,0.000000,1.122236,0.012112,0.043837,-0.488885,0.785455,1.493585,-0.079988,0.046679,-1.646647,0.402813,0.254589,-0.932626,0.197919,1.430551,2.481674
756.000000,1.500000,0.000000,0.000000,1.167494,0.021655,0.017710,-0.519732,0.821093,1.758697,-0.255065,-0.419088,-1.658185,0.411714,-0.098325,-1.062652,0.453489,1.407760,2.568841
757.000000,1.500000,0.000000,0.000000,1.215141,0.024503,-0.031264,-0.460345,1.025736,2.036892,-0.241978,-0.863921,-1.536959,0.319350,-0.395381,-1.106488,0.431522,1.228865,2.492705
758.000000,1.500000,0.000000,0.000000,1.255504,0.012712,0.022539,-0.622690,0.801070,2.301452,-0.055636,-1.445680,-1.222028,0.237672,-0.981648,-0.933035,0.717027,1.451820,2.440355
759.000000,1.500000,0.000000,0.000000,1.283242,-0.013978,0.156595,-0.741914,0.351921,2.530586,0.083894,-1.763362,-0.850678,0.280504,-1.503067,-0.821216,0.969004,1.334290,2.314756
760.000000,1.500000,0.000000,0.000000,1.320017,-0.035648,0.289882,-0.870297,0.358912,2.528157,0.130853,-1.890601,-0.414878,0.233817,-1.678258,-0.673406,1.121121,0.930428,2.708587
761.000000,1.500000,0.000000,0.000000,1.360206,-0.065794,0.270791,-0.303016,0.257977,3.136330,0.126007,-2.129240,0.157060,0.176984,-2.009900,-0.479602,0.739991,0.442451,2.880202
762.000000,1.500000,0.000000,0.000000,1.402026,-0.100268,0.329609,-0.404370,0.139105,3.249507,-0.029501,-1.868074,0.852762,0.136700,-2.276708,0.159184,0.782708,0.363629,3.120427
763.000000,1.500000,0.000000,0.000000,1.442569,-0.133889,0.331375,-0.236408,0.157068,3.291316,-0.072644,-1.645107,1.301821,0.008041,-2.231717,0.825892,0.468590,0.169217,3.439623
764.000000,1.500000,0.000000,0.000000,1.382563,-0.132626,0.325316,0.047551,0.027661,3.334944,-0.325430,-1.366401,1.930433,0.061831,-2.136534,1.405281,0.254814,0.005962,3.152291
765.000000,1.500000,0.000000,0.000000,1.268026,-0.072359,0.105694,-0.009883,0.717304,2.631854,-0.107307,-0.914946,2.117703,-0.422869,-1.227303,1.955965,-0.412436,-0.504625,2.921273
766.000000,1.500000,0.000000,0.000000,1.121142,-0.043710,0.247232,-0.013234,1.358302,1.003033,-0.253054,-0.400627,2.489199,-0.601616,-0.358967,2.057514,-0.414307,-0.570215,1.824883
767.000000,1.500000,0.000000,0.000000,1.030269,-0.022881,0.081820,0.253368,2.029322,-0.790025,0.527873,-0.347140,1.870091,-0.625861,0.600222,1.643912,-0.563357,-0.165320,0.646755
768.000000,1.500000,0.000000,0.000000,0.967938,-0.012616,-0.033944,0.333059,1.480200,-1.512516,0.642151,-0.256741,1.764256,-0.582397,0.732705,1.875411,-0.393913,0.066989,-0.600728
769.000000,1.500000,0.000000,0.000000,0.947946,-0.019075,-0.010554,0.202689,0.708435,-1.767895,0.546039,0.331550,1.544377,-0.120033,0.681182,2.035986,-0.184455,0.202636,-1.225506
770.000000,1.500000,0.000000,0.000000,0.952815,-0.034188,0.015924,0.183210,-0.002104,-1.925565,0.498660,0.610191,1.286892,-0.221595,0.717754,1.933037,-0.252259,0.129311,-1.802754
771.000000,1.500000,0.000000,0.000000,0.962708,-0.047193,0.071952,0.260975,-0.730534,-2.098081,0.364761,0.501726,1.321842,-0.322128,0.643030,1.797489,-0.227665,-0.166317,-2.013127
772.000000,1.500000,0.000000,0.000000,0.973652,-0.059774,0.068850,0.288384,-1.192867,-1.969086,0.785328,0.242726,1.361632,-0.287716,0.587148,1.703527,-0.331096,-0.459332,-2.011648
773.000000,1.500000,0.000000,0.000000,0.983624,-0.067350,0.113255,0.271955,-1.588421,-1.495408,0.577449,0.135738,1.699829,-0.344780,0.338629,1.666103,-0.219597,-0.678970,-1.817580
774.000000,1.500000,0.000000,0.000000,1.003000,-0.069444,0.117033,0.196950,-1.820572,-0.889197,0.626196,0.274998,2.069275,-0.576042,0.463617,1.786067,-0.168020,-1.037225,-1.319034
775.000000,1.500000,0.000000,0.000000,1.030723,-0.066080,0.122706,0.245586,-2.059089,-0.182044,0.595953,0.369166,2.526006,-0.484474,0.694324,1.825183,-0.187918,-1.405687,-0.857704
776.000000,1.500000,0.000000,0.000000,1.080938,-0.065377,0.090815,0.056948,-1.984002,0.480367,0.550263,0.463617,2.846256,-0.786662,0.860956,2.297114,-0.171133,-1.531600,-0.247701
777.000000,1.500000,0.000000,0.000000,1.134591,-0.060357,0.068623,0.142106,-1.875970,0.986384,0.573839,0.229057,3.222088,-0.606105,0.823885,2.309910,-0.261190,-1.672223,0.234923
778.000000,1.500000,0.000000,0.000000,1.175812,-0.040573,0.107639,-0.085686,-1.864011,1.184180,0.413864,-0.172106,3.690857,-0.330949,0.908524,1.934279,-0.373747,-1.677205,0.898667
779.000000,1.500000,0.000000,0.000000,1.217740,-0.042204,0.137937,0.134644,-1.503712,1.647908,0.098714,0.124759,3.435716,-0.072075,0.721035,2.421187,-0.335833,-1.477474,1.360565
780.000000,1.500000,0.000000,0.000000,1.190684,-0.030133,0.101006,0.141237,-1.472977,1.879276,-0.081965,0.375391,3.469770,0.319566,0.861050,1.982798,-0.231556,-0.902791,2.082363
781.000000,1.500000,0.000000,0.000000,1.107503,-0.020298,-0.048721,-0.094584,-0.798177,2.058934,-0.106175,1.012799,1.855682,0.501156,1.057291,1.041244,0.151740,0.576181,2.489238
782.000000,1.500000,0.000000,0.000000,1.063387,-0.023805,0.001543,-0.435669,-0.035992,2.089684,0.019972,0.921590,-0.042743,0.685934,0.731701,-0.064209,0.593636,1.949576,2.429840
783.000000,1.500000,0.000000,0.000000,1.063956,-0.019231,0.115708,-0.854750,0.248898,1.720503,0.091338,0.705517,-1.018363,0.566950,0.419395,-0.543703,0.647350,2.347648,2.616776
784.000000,1.500000,0.000000,0.000000,1.088197,-0.008319,0.149226,-0.765865,0.437138,1.556242,0.054148,0.314493,-1.529620,0.535830,0.317490,-0.731729,0.370004,2.038110,2.649060
785.000000,1.500000,0.000000,0.000000,1.132034,0.004089,0.149971,-0.754949,0.740901,1.529509,-0.075527,0.037484,-1.550716,0.429617,0.087879,-0.683254,0.294097,1.796157,2.606086
786.000000,1.500000,0.000000,0.000000,1.182058,0.014174,0.133404,-0.563921,0.914994,1.667215,-0.094413,-0.505958,-1.549394,0.304848,-0.137141,-0.944635,0.452632,1.730168,2.640968
787.000000,1.500000,0.000000,0.000000,1.234815,0.020459,0.128624,-0.635967,1.055338,1.779952,-0.186502,-0.902319,-1.407864,0.266117,-0.390421,-0.898224,0.439779,1.564522,2.613642
788.000000,1.500000,0.000000,0.000000,1.278487,0.013185,0.165120,-0.619149,0.845980,2.226301,-0.025563,-1.522433,-1.175638,0.276518,-0.768205,-1.046291,0.783565,1.389665,2.630858
789.000000,1.500000,0.000000,0.000000,1.314895,-0.006573,0.226998,-0.584255,0.631425,2.482665,-0.033378,-1.858683,-0.819564,0.248162,-1.292505,-0.946927,0.838175,1.173049,2.583036
790.000000,1.500000,0.000000,0.000000,1.363292,-0.022092,0.203661,-0.592882,0.863569,2.646509,0.012143,-1.901794,-0.445914,0.257003,-1.539092,-0.878252,0.463454,0.864452,2.879340
791.000000,1.500000,0.000000,0.000000,1.411244,-0.044254,0.186471,-0.071279,0.819842,2.940303,0.032825,-1.999208,0.433566,0.098163,-1.820104,-0.415597,0.679635,0.655300,3.037119
792.000000,1.500000,0.000000,0.000000,1.447139,-0.076839,0.266705,-0.566609,0.200594,3.019131,-0.027679,-1.752018,0.796383,0.191354,-2.117374,0.283682,0.666378,0.575083,3.118661
793.000000,1.500000,0.000000,0.000000,1.480398,-0.109856,0.248827,-0.172863,0.216696,3.164804,-0.059570,-1.559073,1.371742,0.126988,-2.139396,0.831063,0.317878,0.290526,3.381295
794.000000,1.500000,0.000000,0.000000,1.414666,-0.088131,0.217955,0.068869,0.467492,2.837251,-0.287395,-1.246526,1.982904,-0.064420,-1.783059,1.389490,0.142946,-0.104279,3.529754
795.000000,1.500000,0.000000,0.000000,1.287752,-0.031670,0.124137,-0.046085,0.826830,2.331640,-0.133523,-0.651407,2.057686,-0.262036,-1.142511,1.755735,-0.366395,-0.415287,2.859202
796.000000,1.500000,0.000000,0.000000,1.143845,-0.013190,0.281673,0.053991,1.166957,1.083580,0.010889,-0.303431,2.288197,-0.565193,-0.317173,2.067039,-0.415912,-0.451594,1.491939
797.000000,1.500000,0.000000,0.000000,1.051299,0.001327,0.181731,0.166503,1.756163,-0.665665,0.483017,-0.193930,1.918465,-0.879581,0.668003,2.000658,-0.519900,0.332651,0.088194
798.000000,1.500000,0.000000,0.000000,1.007190,0.008431,0.127503,0.311286,1.417079,-1.632626,0.744318,0.083682,1.688295,-0.787151,0.857567,1.891529,-0.308802,0.329051,-0.785451
799.000000,1.500000,0.000000,0.000000,0.783691,0.050879,1.069496,-0.189300,0.339811,-0.654159,0.067429,-0.669716,2.444278,-0.266696,-0.770559,1.616704,-0.056564,0.807348,-0.963573
800.000000,1.500000,0.000000,0.000000,0.767807,0.028495,1.052833,0.123727,0.446493,-1.555170,0.712621,0.033826,1.420393,-0.718496,0.155757,1.697975,-0.332981,0.304106,-1.543471
801.000000,1.500000,0.000000,0.000000,0.762726,0.004481,1.026912,0.325485,-0.243486,-1.897810,0.732948,-0.025128,1.436581,-0.725130,0.247279,1.718288,-0.280650,-0.067226,-1.827512
802.000000,1.500000,0.000000,0.000000,0.763362,-0.018312,0.974709,0.493633,-0.869562,-2.001133,0.754395,-0.050038,1.430206,-0.642040,0.211687,1.623360,-0.446174,-0.380478,-1.975161
803.000000,1.500000,0.000000,0.000000,0.784333,-0.033865,1.032455,0.545516,-1.458531,-1.863829,0.243627,0.609056,1.981466,-0.708093,0.384992,1.719541,-0.324890,-0.700755,-1.712110
804.000000,1.500000,0.000000,0.000000,0.811264,-0.047792,1.033301,0.728864,-1.570902,-1.244054,0.568281,0.605190,2.171453,-0.691945,0.417104,1.733626,-0.299931,-1.121747,-1.282196
805.000000,1.500000,0.000000,0.000000,0.840736,-0.057297,0.944915,0.747869,-1.739556,-0.586158,0.754353,0.443959,2.317130,-0.832451,0.648076,1.795233,-0.492128,-1.620489,-0.917937
806.000000,1.500000,0.000000,0.000000,0.886126,-0.066219,0.962632,0.646945,-1.812399,0.146279,0.711888,0.804088,2.884609,-0.535917,0.769237,1.934732,-0.424516,-2.019267,-0.151719
807.000000,1.500000,0.000000,0.000000,0.933543,-0.072374,0.969690,0.389168,-1.721815,0.712986,0.694100,0.529527,3.182384,-0.574679,0.670298,1.946651,-0.606857,-2.326459,0.526525
808.000000,1.500000,0.000000,0.000000,0.991525,-0.076537,0.952715,0.186462,-1.547835,1.171169,0.727259,0.010541,3.531298,-0.689165,0.838443,2.181881,-0.657979,-2.336651,0.999671
809.000000,1.500000,0.000000,0.000000,1.041996,-0.081911,1.015937,0.176292,-1.570039,1.415704,0.621949,0.216651,3.690842,-0.166249,0.855269,1.849566,-0.654881,-1.697986,1.799593
810.000000,1.500000,0.000000,0.000000,1.050393,-0.078749,0.839910,0.029327,-1.207484,1.540416,0.455853,0.424161,3.037796,0.119380,0.870086,1.806377,-0.548009,-0.876511,2.154925
811.000000,1.500000,0.000000,0.000000,0.990453,-0.077326,0.707634,-0.520409,-0.718522,1.823759,-0.021935,0.900859,1.909315,0.643154,0.587418,1.297290,0.110695,0.828557,2.418293
812.000000,1.500000,0.000000,0.000000,0.956898,-0.080502,0.811780,-0.907719,-0.062346,1.908137,0.138979,0.871433,-0.078551,0.671520,0.504637,0.023746,0.904183,2.729910,2.793269
813.000000,1.500000,0.000000,0.000000,0.966929,-0.074835,0.908308,-1.008383,0.619374,1.723134,0.329735,0.548610,-1.346483,0.490122,0.245001,-0.583839,0.632492,3.009748,2.994762
814.000000,1.500000,0.000000,0.000000,1.008835,-0.056577,0.922305,-0.854947,0.883818,1.480861,0.321381,0.227241,-1.764572,0.487106,0.242911,-0.888654,0.215875,2.855368,3.196375
815.000000,1.500000,0.000000,0.000000,1.064527,-0.034047,0.843580,-0.740751,1.106933,1.549270,0.112585,-0.095648,-1.787609,0.486280,0.047347,-1.122654,-0.213203,2.321269,3.162606
816.000000,1.500000,0.000000,0.000000,1.123223,-0.018949,0.739977,-0.527395,1.183605,1.763277,0.076857,-0.634767,-1.812704,0.422632,-0.169489,-1.224249,-0.050745,1.969832,2.975301
817.000000,1.500000,0.000000,0.000000,1.193920,-0.006966,0.704215,-0.669744,1.325052,1.883065,0.140382,-1.106459,-1.497554,0.330247,-0.363578,-1.141966,0.320585,2.140534,3.154972
818.000000,1.500000,0.000000,0.000000,1.254616,-0.011098,0.834134,-1.127594,0.979644,1.925082,0.126124,-1.266090,-1.186683,0.200693,-0.776690,-0.945168,0.825799,2.003723,2.950186
819.000000,1.500000,0.000000,0.000000,1.311103,-0.025845,0.871752,-0.756263,0.984595,2.370806,0.121773,-1.579943,-0.814553,0.268028,-0.958790,-0.968557,0.750311,1.513647,2.996262
820.000000,1.500000,0.000000,0.000000,1.359117,-0.052078,0.969726,-1.122068,0.939707,2.470195,0.247391,-1.837468,-0.316193,0.174970,-1.352250,-0.587207,0.952074,1.392043,2.972781
821.000000,1.500000,0.000000,0.000000,1.405289,-0.083437,1.035688,-1.001519,0.788182,2.633584,0.346082,-2.063185,0.108423,0.088239,-1.620800,-0.354844,0.970932,1.007594,3.278400
822.000000,1.500000,0.000000,0.000000,1.439960,-0.126327,1.045753,-0.627002,0.509926,2.895005,0.334562,-1.985769,0.722471,0.052511,-1.780371,-0.068308,0.839352,0.453144,3.238432
823.000000,1.500000,0.000000,0.000000,1.480934,-0.158212,1.019154,-0.246477,0.884522,2.563555,-0.058761,-1.601688,1.731533,-0.219600,-1.646106,0.500100,0.529376,0.107010,3.784236
824.000000,1.500000,0.000000,0.000000,1.435395,-0.169111,1.000006,0.034850,0.756399,2.323215,-0.408480,-1.209270,2.521324,-0.318590,-1.362288,1.170358,0.454672,-0.242924,3.463613
825.000000,1.500000,0.000000,0.000000,1.315031,-0.121355,0.803021,0.043518,1.093843,1.616438,-0.305683,-0.519306,2.544269,-0.411646,-0.626732,1.435970,-0.249409,-0.672625,3.068832
826.000000,1.500000,0.000000,0.000000,1.181346,-0.093955,0.854790,0.048385,0.957512,0.545292,-0.391400,-0.071005,2.665457,-0.539849,-0.346062,1.572644,-0.234730,-0.749133,1.487635
827.000000,1.500000,0.000000,0.000000,1.090180,-0.092088,0.853567,0.185549,1.277861,-0.741257,0.341773,-0.061788,2.020330,-0.289618,0.212393,1.804826,-0.138499,-0.319716,-0.113955
828.000000,1.500000,0.000000,0.000000,1.024969,-0.086259,0.823489,0.165050,0.816102,-1.618792,0.374136,-0.022349,2.197532,-0.489790,0.334764,1.858820,-0.217994,0.150732,-1.278584
829.000000,1.500000,0.000000,0.000000,1.008261,-0.091317,0.822586,0.199710,0.367574,-1.811787,0.287893,0.206739,1.758929,-0.643046,0.437913,1.779102,-0.195197,0.073583,-1.639840
830.000000,1.500000,0.000000,0.000000,1.004788,-0.102470,0.867936,0.224497,-0.352074,-1.909383,0.170801,0.079632,1.683553,-0.525449,0.325027,1.735804,-0.207662,0.082008,-1.930391
831.000000,1.500000,0.000000,0.000000,1.005026,-0.107164,0.848799,0.341284,-0.773342,-1.803645,0.365218,-0.125745,1.749542,-0.713200,0.272122,1.434552,-0.202640,-0.210051,-1.834343
832.000000,1.500000,0.000000,0.000000,1.011617,-0.113801,0.834244,0.367051,-1.148225,-1.559736,0.474252,-0.056333,1.942542,-0.610121,0.241954,1.614951,-0.299844,-0.487958,-1.680964
833.000000,1.500000,0.000000,0.000000,1.024853,-0.116883,0.773304,0.525373,-1.491163,-1.211944,0.570109,0.173152,2.205651,-0.811171,0.304595,1.670432,-0.310904,-0.912077,-1.481740
834.000000,1.500000,0.000000,0.000000,1.045125,-0.114353,0.777900,0.507082,-1.795478,-0.583489,0.362904,0.310976,2.735421,-0.666173,0.314052,1.743054,-0.249261,-1.303772,-1.025856
835.000000,1.500000,0.000000,0.000000,1.075704,-0.109001,0.777225,0.409082,-1.921611,0.191911,0.324697,0.223077,3.197552,-0.596180,0.458853,1.964573,-0.363421,-1.767381,-0.455582
836.000000,1.500000,0.000000,0.000000,1.103971,-0.095701,0.753015,0.452100,-1.955561,0.793703,0.475797,-0.053780,3.573974,-0.397705,0.528922,1.813589,-0.549120,-2.347375,0.268701
837.000000,1.500000,0.000000,0.000000,1.143451,-0.090433,0.800055,0.261689,-1.946519,1.246315,0.182939,-0.025691,3.805911,-0.226221,0.479096,2.045202,-0.570103,-2.175249,0.985776
838.000000,1.500000,0.000000,0.000000,1.180183,-0.088074,0.818108,0.176056,-1.814597,1.676387,0.240042,-0.094804,4.021612,-0.125567,0.672043,2.101800,-0.595931,-2.109977,1.686289
839.000000,1.500000,0.000000,0.000000,1.175592,-0.088302,0.824131,0.119584,-1.753042,1.695673,0.033700,0.089775,4.031932,0.269449,0.570332,1.832264,-0.531559,-1.430174,2.124174
840.000000,1.500000,0.000000,0.000000,1.067027,-0.084078,0.589524,-0.149099,-1.458268,2.029183,-0.018131,0.388255,3.286534,0.539841,0.761509,1.279798,-0.073629,0.008107,2.606797
841.000000,1.500000,0.000000,0.000000,1.003676,-0.083601,0.655260,-0.716970,-0.632613,1.947348,-0.083059,1.055751,1.174294,0.834246,0.657527,0.024631,0.666972,2.418575,2.883241
842.000000,1.500000,0.000000,0.000000,0.988916,-0.078681,0.773931,-0.928088,0.032339,1.796323,0.201780,0.826204,-0.732978,0.709911,0.561481,-0.565565,0.776764,3.001917,2.898939
843.000000,1.500000,0.000000,0.000000,1.004893,-0.065638,0.861012,-1.114117,0.299316,1.652658,0.140868,0.577646,-1.442525,0.665187,0.366415,-0.723615,0.576252,2.786931,3.059773
844.000000,1.500000,0.000000,0.000000,1.046258,-0.047969,0.787819,-0.802500,0.846238,1.643112,0.105936,0.209885,-1.743540,0.555494,0.220665,-0.734508,0.155597,2.232394,3.000345
845.000000,1.500000,0.000000,0.000000,1.104938,-0.025673,0.730967,-0.818730,1.051971,1.459479,0.015897,-0.125902,-1.846870,0.456506,0.032497,-0.983049,0.136105,2.136279,2.989779
846.000000,1.500000,0.000000,0.000000,1.159614,-0.011168,0.723856,-0.952095,0.903037,1.463747,0.037524,-0.492024,-1.784354,0.359491,-0.390351,-1.070559,0.129736,1.859111,2.799950
847.000000,1.500000,0.000000,0.000000,1.210717,-0.007539,0.731280,-1.026703,0.915991,1.739974,0.106122,-0.872919,-1.596752,0.442601,-0.714076,-1.051962,0.125343,1.689606,2.706174
848.000000,1.500000,0.000000,0.000000,1.261055,-0.015071,0.786363,-1.114730,0.886345,2.028229,0.261592,-1.396210,-1.336046,0.366183,-0.945304,-0.979616,0.592182,1.636027,2.831300
849.000000,1.500000,0.000000,0.000000,1.307487,-0.035175,0.819322,-0.952453,0.887236,2.362449,0.393676,-1.798049,-0.958669,0.342062,-1.178933,-0.991455,0.715558,1.394528,2.828741
850.000000,1.500000,0.000000,0.000000,1.351125,-0.065753,0.882405,-0.772273,0.880150,2.596152,0.266063,-2.096190,-0.427982,0.207352,-1.441428,-0.671143,0.997647,1.104447,2.914612
851.000000,0.000000,0.000000,0.000000,1.400108,-0.100344,0.974711,-0.607885,0.849731,2.668283,0.140618,-1.957438,0.469889,-0.023550,-1.576153,-0.194238,1.186314,0.864682,3.258870
852.000000,0.000000,0.000000,0.000000,1.440763,-0.141640,0.969075,-0.438532,0.683401,2.862334,0.070128,-1.857721,1.074799,-0.065898,-1.692436,0.192073,0.737776,0.506302,3.382617
853.000000,0.000000,0.000000,0.000000,1.421700,-0.189657,0.829396,-0.221276,-1.208986,2.316808,0.169903,-1.144003,2.262515,-0.135100,-1.110011,0.755342,0.214542,-0.842861,1.612975
854.000000,0.000000,0.000000,0.000000,1.275261,-0.160485,0.742495,-0.143590,-0.990047,1.622578,-0.085610,-1.467115,3.401918,-0.253587,-0.809877,1.114783,-0.087772,-1.160485,1.184779
855.000000,0.000000,0.000000,0.000000,1.095757,-0.110390,0.728427,-0.277815,-0.399072,1.012282,-0.202750,-1.183561,3.228174,-0.695950,-0.727324,1.681231,-0.199859,-0.182551,0.424716
856.000000,0.000000,0.000000,0.000000,0.955142,-0.094545,0.829352,-0.112719,-0.190785,0.591297,-0.025350,-1.273831,2.732367,-0.906429,-0.648236,1.787550,0.123828,0.298270,-0.048087
857.000000,0.000000,0.000000,0.000000,0.864738,-0.082783,0.827864,-0.028954,0.429886,-0.131756,0.425043,-1.158513,2.507748,-0.690062,-0.656342,1.597569,-0.039885,0.611965,-0.208383
858.000000,0.000000,0.000000,0.000000,0.810153,-0.079400,0.730749,0.113711,0.736997,-0.432262,0.571484,-1.293127,1.870055,-0.933236,-0.634128,1.379268,-0.092305,0.700058,-0.323221
859.000000,0.000000,0.000000,0.000000,0.773993,-0.082148,0.706820,0.092825,0.746019,-0.384324,0.321586,-1.135998,1.816087,-0.864579,-0.810991,1.513149,0.010758,0.644308,-0.173139
860.000000,0.000000,0.000000,0.000000,0.732108,-0.081983,0.717323,0.100955,0.420772,-0.454010,0.224224,-1.411014,1.981629,-0.614067,-0.870168,1.354501,0.042705,0.630095,-0.454935
861.000000,0.000000,0.000000,0.000000,0.682041,-0.075621,0.669838,0.095836,0.266383,-0.381376,0.319691,-1.881760,1.892098,-0.492219,-0.902283,1.128240,-0.080750,0.424407,-0.557614
862.000000,0.000000,0.000000,0.000000,0.639117,-0.069384,0.638376,0.136384,0.220582,-0.195740,0.395266,-1.815986,1.964788,-0.262640,-0.849827,1.314338,-0.210197,0.267240,-0.575242
863.000000,0.000000,0.000000,0.000000,0.601309,-0.064191,0.696015,0.177249,-0.016991,0.033693,0.006189,-1.501130,1.924780,-0.009405,-0.865797,1.299948,-0.307696,0.286447,-0.644847
864.000000,0.000000,0.000000,0.000000,0.568794,-0.049859,0.724219,0.187633,-0.140391,0.186972,0.017882,-1.450629,2.137563,-0.252068,-0.710802,1.318929,-0.299446,0.056345,-0.436175
865.000000,0.000000,0.000000,0.000000,0.541607,-0.032970,0.761140,0.252994,-0.336197,0.503452,-0.286878,-1.040939,2.034640,-0.298442,-0.563075,1.162153,-0.287999,-0.129102,-0.286059
866.000000,0.000000,0.000000,0.000000,0.521323,-0.008952,0.796215,0.103079,-0.341554,0.592711,-0.109235,-1.045980,2.309653,-0.372831,-0.454422,1.204768,-0.242583,-0.347719,-0.048117
867.000000,0.000000,0.000000,0.000000,0.502346,0.025187,0.773745,0.215141,-0.498179,0.843915,0.052861,-1.380231,2.613638,-0.365214,-0.209494,1.216108,-0.553818,-0.724430,0.359327
868.000000,0.000000,0.000000,0.000000,0.486518,0.040254,0.737231,0.147626,-0.628526,1.290169,-0.089649,-0.960789,2.320951,-0.496527,0.010108,1.313766,-0.438555,-0.877451,0.602629
869.000000,0.000000,0.000000,0.000000,0.445822,0.032074,0.737188,-0.032581,-0.929144,1.642564,0.150310,-0.814163,2.091549,-0.075814,-0.057523,1.030306,-0.500017,-1.103731,0.883796
870.000000,0.000000,0.000000,0.000000,0.406196,0.016568,0.847368,-0.140127,-0.937112,1.468931,0.181495,-0.428420,2.054576,0.350365,-0.225358,1.010195,-0.216297,-0.808685,1.097466
871.000000,0.000000,0.000000,0.000000,0.345217,0.019653,0.755019,-0.387933,-1.053214,1.596158,0.276664,-0.527554,1.661212,0.432117,0.034798,0.283536,-0.118924,-0.756679,1.304424
872.000000,0.000000,0.000000,0.000000,0.287959,-0.003785,0.676501,-0.483104,-1.298282,2.034304,0.012981,-0.104897,0.835686,0.440768,0.118536,0.049870,0.358026,-0.200352,1.397470
873.000000,0.000000,0.000000,0.000000,0.248633,-0.027767,0.716122,-0.704375,-1.317877,1.994291,0.097521,0.236233,0.337529,0.396132,0.236170,-0.274363,0.963550,0.416183,1.576227
874.000000,0.000000,0.000000,0.000000,0.232836,-0.040963,0.709682,-0.433631,-0.887573,1.903957,-0.029929,0.299323,-0.302746,0.345369,0.463690,-0.414128,1.007082,0.722054,1.927090
875.000000,0.000000,0.000000,0.000000,0.207751,-0.059532,0.654444,-0.284648,-1.216290,1.854282,-0.133460,0.108081,-0.610007,0.256828,0.362307,-0.385697,0.440479,0.131445,1.441942
876.000000,0.000000,0.000000,0.000000,0.183378,-0.079070,0.697622,-0.382949,-1.534708,1.875356,-0.269345,0.054895,-0.645553,0.405459,0.276114,-0.527711,0.682445,0.148914,1.528636
877.000000,0.000000,0.000000,0.000000,0.181337,-0.087217,0.613420,-0.129252,-0.977801,1.844353,-0.282680,0.121867,-0.280331,0.224473,0.478450,-0.429460,0.342970,0.061203,1.758467
878.000000,0.000000,0.000000,0.000000,0.182744,-0.093585,0.569058,-0.202994,-0.887869,1.735873,-0.171174,0.025508,-0.111255,0.093795,0.439801,-0.449010,0.547460,0.141173,1.790429
879.000000,0.000000,0.000000,0.000000,0.170020,-0.108651,0.670723,-0.732803,-1.296742,1.671754,-0.106632,-0.000823,0.012721,0.147165,0.239040,-0.395488,0.864066,0.036755,1.506342
880.000000,0.000000,0.000000,0.000000,0.167584,-0.124285,0.734889,-0.552115,-0.995517,1.754862,-0.081743,-0.066797,0.210583,-0.006592,0.387695,-0.330917,1.033051,0.196332,1.576514
881.000000,0.000000,0.000000,0.000000,0.156319,-0.144447,0.715158,-0.412940,-1.055936,1.867242,0.109849,-0.187135,0.245113,0.022895,0.210783,-0.176298,0.609225,-0.035459,1.448500
882.000000,0.000000,0.000000,0.000000,0.160160,-0.159699,0.713113,-0.236510,-0.455041,1.580956,-0.051667,-0.387080,0.771846,0.011181,0.138113,0.296917,0.811017,0.234338,1.458611
883.000000,0.000000,0.000000,0.000000,0.154715,-0.147701,0.623525,0.039365,-0.224643,1.327234,-0.162132,-0.691382,1.373327,-0.251011,0.185944,0.589224,0.607960,-0.013690,1.640098
884.000000,0.000000,0.000000,0.000000,0.133484,-0.132540,0.631828,-0.158930,-0.188373,1.390764,-0.280570,-0.606433,1.552205,-0.252321,0.002473,0.845486,0.542345,0.052223,1.167174
885.000000,0.000000,0.000000,0.000000,0.101325,-0.115358,0.691365,-0.205798,-0.411070,0.979942,-0.193050,-0.509906,1.884291,-0.158684,-0.179516,1.149653,0.304761,-0.117442,0.849120
886.000000,0.000000,0.000000,0.000000,0.075963,-0.097492,0.679683,0.112038,-0.188373,0.367038,0.053567,-0.418209,1.904116,-0.193731,-0.104832,1.215972,0.062790,0.090933,0.323849
887.000000,0.000000,0.000000,0.000000,0.051967,-0.077386,0.516836,0.292388,0.200435,-0.003573,0.541000,-0.750374,1.900980,-0.209267,0.011074,1.271970,-0.226417,0.070749,0.108470
888.000000,0.000000,0.000000,0.000000,0.029641,-0.062215,0.406099,0.201301,0.200387,-0.289414,0.522091,-0.620035,2.044758,-0.327499,-0.183790,1.536200,-0.227715,0.210242,-0.328176
889.000000,0.000000,0.000000,0.000000,0.005680,-0.057454,0.512041,0.058221,0.047504,-0.459914,0.322826,-0.662364,2.108700,0.236709,-0.577798,1.652742,-0.162699,0.376270,-0.622665
890.000000,0.000000,0.000000,0.000000,-0.010426,-0.053112,0.589118,0.202144,0.150646,-0.396992,0.188814,-0.543897,1.896031,-0.206072,-0.633150,1.401779,-0.109210,0.408869,-0.639450
891.000000,0.000000,0.000000,0.000000,-0.021404,-0.046843,0.537476,0.251934,0.250620,-0.427274,0.675220,-0.757350,1.847337,-0.611344,-0.374422,1.433315,-0.213944,0.368771,-0.470165
892.000000,0.000000,0.000000,0.000000,-0.024866,-0.048669,0.584171,0.124267,0.250812,-0.299355,0.532057,-0.536846,1.933545,-0.438483,-0.390803,1.716524,-0.208285,0.417013,-0.368074
893.000000,0.000000,0.000000,0.000000,-0.033032,-0.043880,0.528772,0.190771,0.349795,-0.161061,0.710680,-0.711417,1.864840,-0.626501,-0.232416,1.485507,-0.319693,0.203983,-0.244816
894.000000,0.000000,0.000000,0.000000,-0.046234,-0.042259,0.610338,0.172486,0.241308,-0.096261,0.577416,-0.558789,1.974734,-0.170903,-0.522131,1.468941,-0.236873,0.090754,-0.124610
895.000000,0.000000,0.000000,0.000000,-0.056527,-0.035415,0.536999,0.149602,0.308405,-0.030252,0.700342,-0.769786,1.953764,-0.893189,-0.252538,1.545166,-0.272186,0.028270,0.111510
896.000000,0.000000,0.000000,0.000000,-0.061587,-0.031600,0.550296,0.217838,0.275583,0.132434,0.440055,-0.417676,2.101234,-0.659524,-0.168129,1.598433,-0.259314,-0.011198,0.119585
897.000000,0.000000,0.000000,0.000000,-0.078341,-0.022965,0.542138,0.186098,0.147926,0.295846,0.563873,-0.544945,1.803576,-0.358622,-0.226625,1.043294,-0.225232,-0.218239,0.362441
898.000000,0.000000,0.000000,0.000000,-0.081672,-0.019253,0.614385,0.379377,0.201422,0.777557,0.175470,-0.291704,1.687641,-0.240360,-0.545980,1.414976,-0.140723,0.035958,0.962770
899.000000,0.000000,0.000000,0.000000,-0.074754,0.003188,0.577518,0.359078,0.123681,0.983575,0.074552,0.031547,1.657011,-0.393152,-0.122856,1.289941,-0.081267,-0.168662,0.892436
900.000000,0.000000,0.000000,0.000000,-0.067304,0.030150,0.556677,0.337325,-0.031185,1.110752,-0.240434,0.107124,2.072206,-0.191074,-0.167845,1.088666,0.083883,-0.048489,1.263650
901.000000,0.000000,0.000000,0.000000,-0.045830,0.050495,0.490957,0.178183,0.060465,1.308231,-0.492362,0.250103,1.291355,-0.111873,-0.035439,0.707531,0.228740,0.374331,1.507282
902.000000,0.000000,0.000000,0.000000,-0.025480,0.052730,0.561522,-0.301172,-0.308445,1.499119,-0.575302,0.402850,0.712914,0.115302,-0.217930,0.452710,0.898123,0.767525,1.638798
903.000000,0.000000,0.000000,0.000000,-0.006282,0.057063,0.594768,-0.674354,-0.455309,1.583044,-0.321760,0.337102,0.436943,0.159771,0.044295,-0.081702,1.060346,0.853261,1.917260
904.000000,0.000000,0.000000,0.000000,0.000184,0.055122,0.525712,-0.538700,-0.459463,1.644983,-0.134113,0.202368,-0.124816,0.137504,0.243691,-0.266557,0.723059,0.431307,1.651611
905.000000,0.000000,0.000000,0.000000,0.003630,0.052924,0.437263,-0.461823,-0.392992,1.679879,-0.199091,0.140752,-0.437628,0.167194,0.227079,-0.174077,0.417802,0.255985,1.667622
906.000000,0.000000,0.000000,0.000000,0.013039,0.053138,0.367267,-0.274722,-0.293491,1.649411,-0.174969,0.234586,-0.485049,0.294193,0.341451,-0.329359,0.407620,0.350138,1.813096
907.000000,0.000000,0.000000,0.000000,0.016880,0.043291,0.383997,-0.437824,-0.399201,1.763619,-0.207731,0.077123,-0.455824,0.137981,0.214363,-0.386055,0.765481,0.504582,1.603236
908.000000,0.000000,0.000000,0.000000,0.022006,0.039409,0.381431,-0.495576,-0.329166,1.708308,-0.182345,-0.028074,-0.311809,0.193197,0.300231,-0.542655,0.728909,0.339784,1.744862
909.000000,0.000000,0.000000,0.000000,0.029632,0.033514,0.349839,-0.420229,-0.218446,1.659278,-0.213992,0.004393,-0.169116,0.142298,0.213691,-0.347258,0.513428,0.335270,1.574004
910.000000,0.000000,0.000000,0.000000,0.034805,0.023080,0.431625,-0.730659,-0.388006,1.624569,-0.214552,0.030997,-0.041467,0.129489,0.123290,-0.219429,0.948988,0.488647,1.467900
911.000000,0.000000,0.000000,0.000000,0.037117,0.016768,0.380800,-0.405317,-0.418943,1.627948,-0.156214,-0.066945,0.049118,0.083630,0.192964,-0.019336,0.604513,0.196782,1.499660
912.000000,0.000000,0.000000,0.000000,0.047757,0.015927,0.372624,-0.288133,-0.136377,1.376577,-0.274423,-0.239996,0.646474,0.014030,0.172664,0.119453,0.957033,0.362103,1.557459
913.000000,0.000000,0.000000,0.000000,0.042503,0.014227,0.392898,-0.601545,-0.483444,1.496412,-0.150673,-0.318142,0.768912,0.017382,0.016381,0.427377,0.809551,0.289406,1.425089
914.000000,0.000000,0.000000,0.000000,0.031189,0.007018,0.450063,-0.555823,-0.528792,1.265248,-0.048039,-0.282574,0.767608,0.009819,-0.073242,0.672592,0.658969,0.228336,1.153275
915.000000,0.000000,0.000000,0.000000,0.034216,0.005518,0.394152,-0.229218,-0.221101,1.141475,0.143685,-0.307371,1.074533,-0.065438,0.182393,0.984502,0.348533,0.224922,1.128435
916.000000,0.000000,0.000000,0.000000,0.033077,0.009493,0.440806,0.043296,-0.114444,0.408787,0.005553,-0.089833,1.643307,-0.137720,-0.039449,1.202949,0.178719,0.250769,0.435655
917.000000,0.000000,0.000000,0.000000,0.032084,0.012312,0.413249,0.144750,0.051520,0.095395,0.418705,-0.120266,1.774715,-0.305767,0.034934,1.412338,-0.100457,0.311478,-0.205175
918.000000,0.000000,0.000000,0.000000,0.032606,0.016654,0.362724,0.179219,0.185194,-0.161238,0.561257,-0.208910,1.842724,-0.537858,0.093587,1.550171,-0.183124,0.411486,-0.453175
919.000000,0.000000,0.000000,0.000000,0.031812,0.017305,0.430536,0.112633,0.141884,-0.457179,0.417217,-0.185647,1.946732,-0.431394,-0.123959,1.689859,-0.115778,0.534044,-0.541519
920.000000,0.000000,0.000000,0.000000,0.036241,0.020148,0.410702,0.205921,0.365505,-0.536487,0.702386,-0.198829,1.848745,-0.534956,0.013376,1.588905,-0.231508,0.453018,-0.499612
921.000000,0.000000,0.000000,0.000000,0.040479,0.022970,0.473281,0.121154,0.303628,-0.562460,0.457289,-0.112276,1.977983,-0.499720,-0.049102,1.621933,-0.171832,0.486300,-0.530505
922.000000,0.000000,0.000000,0.000000,0.042083,0.023340,0.518530,0.123601,0.362895,-0.548878,0.693059,-0.284362,1.902397,-0.380706,-0.197310,1.667520,-0.192745,0.446646,-0.411348
923.000000,0.000000,0.000000,0.000000,0.042717,0.027120,0.492078,0.091200,0.239941,-0.383188,0.688882,-0.390350,1.809256,-0.663351,-0.069600,1.585967,-0.222623,0.430360,-0.412188
924.000000,0.000000,0.000000,0.000000,0.040870,0.036016,0.453629,0.111398,0.275146,-0.223689,0.691679,-0.483099,1.849378,-0.693567,-0.120315,1.482468,-0.205973,0.333125,-0.364906
925.000000,0.000000,0.000000,0.000000,0.045853,0.043955,0.444838,0.246491,0.263019,-0.055424,0.483188,-0.175613,1.849458,-0.721337,-0.059092,1.504145,-0.134402,0.232528,-0.328683
926.000000,0.000000,0.000000,0.000000,0.051127,0.050102,0.395858,0.357796,0.322136,0.200971,0.697830,-0.385320,1.754501,-0.607169,-0.017548,1.600997,-0.246972,0.110822,-0.013656
927.000000,0.000000,0.000000,0.000000,0.058348,0.057580,0.339453,0.142243,0.067257,0.504560,0.704324,-0.228136,1.765926,-0.698365,0.210712,1.556624,-0.307335,-0.079772,0.084767
928.000000,0.000000,0.000000,0.000000,0.065296,0.063172,0.320262,0.062271,0.029714,0.608886,0.650735,-0.132869,2.011166,-0.741298,0.224280,1.592225,-0.230939,-0.267926,0.320919
929.000000,0.000000,0.000000,0.000000,0.068306,0.050318,0.289273,0.052706,-0.059638,0.719652,0.691198,-0.045551,1.613817,-0.545496,0.131703,1.414976,-0.126517,-0.291586,0.589830
930.000000,0.000000,0.000000,0.000000,0.064905,0.044833,0.211765,0.126827,-0.165494,0.871678,0.542380,-0.093927,1.385809,-0.255844,0.022627,1.079275,-0.025169,-0.235599,0.998510
931.000000,0.000000,0.000000,0.000000,0.050684,0.026518,0.317090,-0.559637,-0.679651,1.309832,0.031351,0.234457,0.999841,0.412766,-0.198838,0.697402,0.331123,-0.187103,0.980738
932.000000,0.000000,0.000000,0.000000,0.041803,0.000166,0.361063,-0.484314,-0.812922,1.406890,-0.012917,0.408326,0.438342,0.326804,-0.088675,0.578052,0.662198,0.007381,1.191031
933.000000,0.000000,0.000000,0.000000,0.027326,-0.014209,0.400149,-0.859466,-0.967430,1.558890,0.006050,0.397301,0.059385,0.332767,0.064004,0.085080,0.885101,0.171332,1.388823
934.000000,0.000000,0.000000,0.000000,0.021262,-0.023171,0.383401,-0.541166,-0.673500,1.622293,0.074967,0.297193,-0.246995,0.235410,0.252570,-0.273281,0.945850,0.330798,1.608053
935.000000,0.000000,0.000000,0.000000,0.014946,-0.031241,0.450278,-0.767169,-0.721568,1.443751,-0.168921,0.252519,-0.404073,0.197310,0.229645,-0.206519,0.992551,0.332936,1.497772
936.000000,0.000000,0.000000,0.000000,0.016156,-0.039197,0.404596,-0.298952,-0.504142,1.779030,-0.249838,0.205764,-0.385232,0.121377,0.382165,-0.341953,0.836270,0.225336,1.675718
937.000000,0.000000,0.000000,0.000000,0.024275,-0.041493,0.427048,-0.466726,-0.255564,1.514159,-0.293755,0.115845,-0.377864,0.168205,0.293278,-0.538895,0.830430,0.467896,1.677463
938.000000,0.000000,0.000000,0.000000,0.034057,-0.045106,0.482952,-0.612630,-0.317655,1.510510,-0.267511,0.118802,-0.299839,0.141229,0.330908,-0.545444,0.968029,0.488924,1.672839
939.000000,0.000000,0.000000,0.000000,0.046305,-0.048059,0.509763,-0.579733,-0.306575,1.560564,-0.279177,0.094982,-0.181683,0.050151,0.354173,-0.456771,0.973549,0.425010,1.771812
940.000000,0.000000,0.000000,0.000000,0.044872,-0.059073,0.450393,-0.313672,-0.613062,1.795798,-0.233026,-0.017898,-0.226849,0.105570,0.318155,-0.473582,0.558846,0.158972,1.579528
941.000000,0.000000,0.000000,0.000000,0.057846,-0.062039,0.466201,-0.544463,-0.235644,1.437435,-0.143682,-0.124933,0.164252,0.134129,0.339777,-0.213679,0.813016,0.433494,1.691543
942.000000,0.000000,0.000000,0.000000,0.073769,-0.063792,0.365797,-0.112034,0.013922,1.451277,-0.258048,-0.361723,0.520356,-0.001303,0.325028,0.005377,0.600879,0.285904,1.665373
943.000000,0.000000,0.000000,0.000000,0.083971,-0.056173,0.346359,-0.257521,0.005056,1.303951,-0.132052,-0.172814,0.939873,-0.025830,0.186699,0.345204,0.691369,0.331638,1.567000
944.000000,0.000000,0.000000,0.000000,0.078965,-0.045113,0.284061,-0.252550,-0.102519,1.333772,0.022314,-0.303454,1.021073,0.003821,0.013416,0.675741,0.348267,0.183957,1.285752
945.000000,0.000000,0.000000,0.000000,0.066145,-0.052435,0.341016,-0.303461,-0.323555,1.116490,0.070612,-0.186725,1.221036,0.134362,-0.174134,1.037738,0.240096,0.167553,0.732213
946.000000,0.000000,0.000000,0.000000,0.058059,-0.049915,0.251445,0.010625,-0.130210,0.741850,0.425403,-0.306708,1.464003,-0.114285,0.068781,1.201675,-0.142059,0.114100,0.464184
947.000000,0.000000,0.000000,0.000000,0.047595,-0.042910,0.325213,0.170328,-0.081518,-0.010381,0.292427,-0.215883,1.778161,0.058344,-0.098636,1.386015,0.005428,0.264543,0.052980
948.000000,0.000000,0.000000,0.000000,0.037261,-0.033586,0.319545,0.166729,0.039018,-0.205270,0.361386,-0.400639,1.793873,-0.329698,-0.072754,1.471000,-0.128804,0.412260,-0.343575
949.000000,0.000000,0.000000,0.000000,0.032506,-0.025766,0.287235,0.210134,0.130878,-0.318408,0.609526,-0.475021,1.788139,-0.480784,-0.010981,1.562207,-0.136007,0.452500,-0.372131
950.000000,0.000000,0.000000,0.000000,0.028967,-0.018306,0.365523,0.108745,0.194478,-0.449086,0.371712,-0.246599,1.869144,-0.296054,-0.203337,1.422338,-0.110259,0.532256,-0.573862
951.000000,0.000000,0.000000,0.000000,0.030528,-0.009651,0.334972,0.186243,0.310527,-0.386815,0.646661,-0.392616,1.913393,-0.702379,-0.035718,1.584035,-0.189921,0.395499,-0.375052
952.000000,0.000000,0.000000,0.000000,0.034913,-0.006403,0.275337,0.221266,0.325345,-0.288653,0.828805,-0.452118,1.746814,-0.780786,0.003573,1.660187,-0.208258,0.436091,-0.283646
953.000000,0.000000,0.000000,0.000000,0.034935,0.001626,0.236614,0.096492,0.135448,-0.283744,0.730689,-0.351014,1.866130,-0.806809,0.066929,1.503768,-0.272497,0.360915,-0.462146
954.000000,0.000000,0.000000,0.000000,0.026577,0.014306,0.225256,0.151217,0.201305,-0.211430,0.787532,-0.603414,1.926629,-0.568997,-0.147188,1.303364,-0.232514,0.250860,-0.311883
955.000000,0.000000,0.000000,0.000000,0.024065,0.021918,0.282224,0.134061,0.181120,-0.077228,0.405430,-0.366840,1.822937,-0.475087,-0.178930,1.368651,-0.168358,0.262342,-0.251998
956.000000,0.000000,0.000000,0.000000,0.029988,0.028556,0.228654,0.231516,0.137322,0.271640,0.547678,-0.334660,1.734539,-0.876985,0.131559,1.529452,-0.153381,0.119572,-0.065916
957.000000,0.000000,0.000000,0.000000,0.041602,0.033571,0.223277,0.318234,0.107819,0.328365,0.515184,0.023318,1.698370,-0.701293,0.201035,1.422520,-0.076225,0.101629,0.041502
958.000000,0.000000,0.000000,0.000000,0.048118,0.034265,0.218373,0.127048,-0.050641,0.645432,0.642100,-0.003249,1.731589,-0.531203,0.166866,1.472528,-0.187714,-0.207357,0.287348
959.000000,0.000000,0.000000,0.000000,0.044409,0.014707,0.250632,-0.109184,-0.180870,0.873562,0.633344,0.043143,1.385906,-0.122454,-0.001060,1.232796,-0.202737,-0.268233,0.582519
960.000000,0.000000,0.000000,0.000000,0.031252,0.023301,0.245185,-0.179752,-0.309961,0.914290,0.382715,0.076390,1.473928,0.143174,0.006765,0.766042,-0.107325,-0.466909,0.955865
961.000000,0.000000,0.000000,0.000000,0.022081,0.021876,0.227147,-0.401930,-0.334164,1.233350,0.238855,0.081789,1.036943,0.163561,0.028425,0.634102,0.095390,-0.252849,1.053022
962.000000,0.000000,0.000000,0.000000,0.004365,0.019504,0.266250,-0.597696,-0.596602,1.463069,0.058089,0.135329,0.857452,0.341769,0.041568,0.164833,0.502546,-0.146466,1.154579
963.000000,0.000000,0.000000,0.000000,-0.008306,0.007867,0.248248,-0.570985,-0.641017,1.512906,-0.012577,0.276313,0.109632,0.262755,0.121348,-0.044837,0.562813,0.080586,1.292476
964.000000,0.000000,0.000000,0.000000,-0.016009,0.001121,0.230622,-0.706361,-0.634903,1.553442,-0.071534,0.261798,-0.146080,0.233504,0.294318,-0.167007,0.593721,0.198147,1.505731
965.000000,0.000000,0.000000,0.000000,-0.012118,-0.004985,0.181266,-0.317261,-0.285805,1.694522,-0.155553,0.213859,-0.325102,0.171184,0.378941,-0.304043,0.772588,0.344076,1.646161
966.000000,0.000000,0.000000,0.000000,-0.003195,-0.005232,0.295083,-0.825688,-0.340708,1.423460,-0.256766,0.297550,-0.276792,0.194002,0.228026,-0.449737,1.118624,0.633316,1.770616
967.000000,0.000000,0.000000,0.000000,-0.003257,-0.008139,0.235535,-0.421903,-0.478664,1.648353,-0.227284,0.196953,-0.575575,0.161238,0.348550,-0.558012,0.541537,0.194036,1.638662
968.000000,0.000000,0.000000,0.000000,-0.000243,-0.010960,0.318883,-0.847290,-0.533626,1.517406,-0.280928,0.288078,-0.449525,0.199243,0.276654,-0.531311,0.915798,0.332340,1.646568
969.000000,0.000000,0.000000,0.000000,0.007976,-0.015074,0.317034,-0.523070,-0.342883,1.708994,-0.233373,0.131139,-0.383782,0.152177,0.454326,-0.492143,0.907325,0.371347,1.708525
970.000000,0.000000,0.000000,0.000000,0.015349,-0.019296,0.332315,-0.429007,-0.419922,1.572341,-0.343147,0.078775,-0.155234,0.042366,0.377463,-0.319431,0.966107,0.420963,1.670441
971.000000,0.000000,0.000000,0.000000,0.015878,-0.024083,0.349937,-0.483444,-0.385193,1.429274,-0.146959,-0.211996,0.055533,0.159404,0.101268,-0.159250,0.815528,0.343695,1.503111
972.000000,0.000000,0.000000,0.000000,0.021265,-0.026810,0.327106,-0.539602,-0.343654,1.543384,-0.098417,-0.218147,0.436837,0.169828,0.205007,0.123705,0.709594,0.211750,1.620900
973.000000,0.000000,0.000000,0.000000,0.024409,-0.031226,0.268743,-0.186623,-0.178723,1.465992,-0.078548,-0.350494,0.691622,-0.011235,0.062685,0.356195,0.781406,0.246462,1.348779
974.000000,0.000000,0.000000,0.000000,0.030081,-0.017206,0.276210,-0.285479,-0.017686,1.147431,-0.137715,-0.154497,1.211868,-0.101398,0.076447,0.643234,0.601725,0.271123,1.430332
975.000000,0.000000,0.000000,0.000000,0.035978,-0.010129,0.195390,-0.171275,0.017461,0.946937,0.194416,-0.200844,1.184607,-0.020917,0.147320,0.919306,0.004073,0.112195,1.010323
976.000000,0.000000,0.000000,0.000000,0.045811,-0.008320,0.244600,0.090598,-0.017958,0.335576,0.089321,-0.002190,1.402642,0.039346,0.069515,1.350393,0.064927,0.245188,0.547134
977.000000,0.000000,0.000000,0.000000,0.052809,-0.001574,0.297561,0.235988,0.122248,-0.091378,0.195494,-0.062897,1.820646,-0.045156,0.092928,1.470601,-0.160042,0.345195,0.174180
978.000000,0.000000,0.000000,0.000000,0.053869,0.001475,0.230037,0.211057,0.134003,-0.064510,0.555575,-0.281836,1.617931,-0.497179,0.200236,1.425622,-0.165808,0.365842,-0.308874
979.000000,0.000000,0.000000,0.000000,0.053449,-0.000097,0.272871,0.170503,0.179152,-0.283512,0.488254,-0.350275,1.704146,-0.318167,-0.053772,1.657965,-0.187836,0.533106,-0.477930
980.000000,0.000000,0.000000,0.000000,0.057780,-0.002195,0.306968,0.163279,0.240203,-0.438790,0.585963,-0.227629,1.648581,-0.387713,-0.041108,1.681333,-0.190975,0.573413,-0.473681
981.000000,0.000000,0.000000,0.000000,0.064852,0.002968,0.274137,0.128111,0.341546,-0.442050,0.811700,-0.206622,1.827366,-0.545103,0.209917,1.627409,-0.290252,0.439297,-0.376770
982.000000,0.000000,0.000000,0.000000,0.066939,0.011649,0.226845,0.161545,0.191838,-0.384020,0.881150,-0.244293,1.943181,-0.769996,0.195660,1.534286,-0.262486,0.356948,-0.464088
983.000000,0.000000,0.000000,0.000000,0.062128,0.022487,0.195830,0.068265,0.065239,-0.286920,0.617586,-0.426850,1.786427,-1.005657,-0.020393,1.388792,-0.077192,0.317028,-0.478728
984.000000,0.000000,0.000000,0.000000,0.068121,0.032773,0.133144,0.169515,0.300990,-0.232155,0.752521,-0.321425,1.853791,-0.958078,0.165180,1.522704,-0.152829,0.379714,-0.424432
985.000000,0.000000,0.000000,0.000000,0.067628,0.037105,0.138905,0.236274,0.220559,-0.076032,0.598119,-0.346394,1.546502,-0.508954,-0.078371,1.335546,-0.130929,0.341523,-0.343032
986.000000,0.000000,0.000000,0.000000,0.066244,0.043518,0.229872,0.140788,0.005108,0.255839,0.166313,-0.136836,1.595357,-0.359899,-0.133023,1.226776,-0.110742,0.247333,-0.212783
987.000000,0.000000,0.000000,0.000000,0.065947,0.054626,0.199197,0.146111,-0.044137,0.518344,0.565367,-0.313693,1.608181,-0.555687,0.121332,1.266609,-0.245247,-0.060211,0.051997
988.000000,0.000000,0.000000,0.000000,0.054777,0.033670,0.158830,0.055125,-0.273735,0.955477,0.558164,-0.287037,1.239074,-0.339420,-0.014937,1.240884,-0.297022,-0.051442,0.212844
989.000000,0.000000,0.000000,0.000000,0.045963,0.013204,0.236426,-0.102431,-0.269924,0.909929,0.366609,-0.062394,1.423650,-0.182886,-0.058323,1.237558,-0.003691,-0.249297,0.602693
990.000000,0.000000,0.000000,0.000000,0.036322,0.004078,0.250609,-0.291003,-0.378409,0.920201,0.452346,0.169776,0.935021,0.208807,-0.089089,0.776012,0.117498,-0.187758,0.964246
991.000000,0.000000,0.000000,0.000000,0.024535,-0.009003,0.221416,-0.444037,-0.444084,1.252224,0.277754,0.126439,0.620702,0.201501,-0.066662,0.545652,0.211009,-0.179009,1.014686
992.000000,0.000000,0.000000,0.000000,0.012148,-0.024268,0.249083,-0.749656,-0.547351,1.508836,0.135366,0.249430,0.417289,0.333670,-0.054227,0.201798,0.521604,0.051482,1.134360
993.000000,0.000000,0.000000,0.000000,-0.001939,-0.039568,0.276136,-0.754603,-0.695944,1.490046,0.056155,0.248554,-0.083138,0.232017,0.136081,-0.094434,0.859288,0.186546,1.219136
994.000000,0.000000,0.000000,0.000000,-0.009019,-0.052117,0.277806,-0.690621,-0.541824,1.689342,-0.014678,0.211642,-0.181385,0.155861,0.258006,-0.274413,0.977983,0.284288,1.462458
995.000000,0.000000,0.000000,0.000000,-0.006228,-0.050813,0.214882,-0.593279,-0.337971,1.521746,-0.314525,0.313197,-0.428047,0.197760,0.409211,-0.507297,0.522411,0.097003,1.754620
996.000000,0.000000,0.000000,0.000000,-0.004979,-0.058964,0.201412,-0.459421,-0.456160,1.624845,-0.200785,0.225888,-0.649045,0.202501,0.389971,-0.482532,0.777889,0.250512,1.595709
997.000000,0.000000,0.000000,0.000000,-0.003912,-0.072265,0.261709,-0.523814,-0.536610,1.736666,-0.243817,0.121505,-0.557804,0.196605,0.373980,-0.541943,1.125656,0.413016,1.546965
998.000000,0.000000,0.000000,0.000000,0.009170,-0.073054,0.197398,-0.372686,-0.144497,1.505318,-0.331367,0.138849,-0.477320,0.057698,0.353015,-0.453145,0.554783,0.286115,1.666363
999.000000,0.000000,0.000000,0.000000,0.027750,-0.075137,0.188848,-0.299380,-0.155685,1.493288,-0.242976,0.042380,-0.118744,0.074273,0.330006,-0.332448,0.867697,0.540071,1.811137
1000.000000,0.000000,0.000000,0.000000,0.000000,0.000000,0.000000,-0.286041,-0.089926,1.574495,-0.355190,-0.058748,0.027763,0.158887,0.231327,-0.306499,0.602788,0.327206,1.625306
