step,cmd_vx,cmd_vy,cmd_wz,vx,vy,wz,a0,a1,a2,a3,a4,a5,a6,a7,a8,a9,a10,a11
1.000000,1.000000,0.000000,0.000000,0.009256,0.005396,-0.036745,-0.186839,0.117486,0.964997,0.231084,-0.187409,0.041353,-0.056928,0.928923,-0.664534,0.417977,-0.105121,0.927593
2.000000,1.000000,0.000000,0.000000,0.002021,-0.007830,0.317704,-0.932553,-0.837099,0.886272,-0.978882,0.403605,-0.755806,0.777864,-0.316777,-0.548014,0.973208,0.992332,0.977479
3.000000,1.000000,0.000000,0.000000,0.007654,-0.010034,0.393936,-0.925297,0.771608,0.989933,-0.514117,-0.739920,-0.966874,0.863796,-0.782717,-0.663889,0.992775,0.998082,0.994874
4.000000,1.000000,0.000000,0.000000,0.028256,-0.010579,0.379663,-0.978117,0.958452,0.941408,-0.683801,-0.968489,-0.986772,0.702209,-0.969147,-0.954354,0.998212,0.999196,0.994726
5.000000,1.000000,0.000000,0.000000,0.059711,-0.014188,0.314981,-0.990511,0.923460,0.943767,-0.414529,-0.989208,-0.984450,0.474356,-0.986606,-0.980799,0.998810,0.998960,0.993514
6.000000,1.000000,0.000000,0.000000,0.098827,-0.019243,0.227400,-0.975507,0.980821,0.938569,-0.165315,-0.979434,-0.991577,0.189734,-0.990522,-0.991599,0.998600,0.998796,0.993438
7.000000,1.000000,0.000000,0.000000,0.137012,-0.026052,0.222348,-0.986675,0.976181,0.968460,-0.411567,-0.982952,-0.991727,0.791347,-0.993059,-0.991086,0.998223,0.997350,0.994510
8.000000,1.000000,0.000000,0.000000,0.179799,-0.034740,0.156796,-0.979389,0.961533,0.907896,-0.609452,-0.952817,-0.943882,-0.088013,-0.996914,-0.991467,0.999411,0.998220,0.992633
9.000000,1.000000,0.000000,0.000000,0.221201,-0.042822,0.134036,-0.927785,0.991747,0.778691,-0.347279,-0.777441,-0.317706,0.131867,-0.995477,-0.974602,0.997744,0.997894,0.992489
10.000000,1.000000,0.000000,0.000000,0.247272,-0.032312,0.199104,-0.929989,0.995788,0.707629,-0.747871,-0.348008,0.476829,-0.046118,-0.991191,-0.965522,0.998511,0.998116,0.994721
11.000000,1.000000,0.000000,0.000000,0.261673,0.012583,0.321195,-0.018641,0.996724,0.329761,-0.738226,0.657168,0.942857,-0.778262,-0.980807,-0.922941,0.991511,0.995363,0.994580
12.000000,1.000000,0.000000,0.000000,0.283834,0.069033,0.561155,0.043080,0.995940,-0.670171,-0.874626,0.943590,0.931624,-0.791756,-0.779354,-0.504853,0.963921,0.996863,0.996704
13.000000,1.000000,0.000000,0.000000,0.313476,0.084777,0.442863,0.834161,0.993260,0.082933,0.043571,0.989926,0.816376,-0.730282,-0.132711,0.919117,0.232964,0.994627,0.975760
14.000000,1.000000,0.000000,0.000000,0.322352,0.072452,0.329059,0.799385,0.990144,-0.560391,0.020464,0.997688,0.953932,0.755512,0.879085,0.998442,-0.678391,0.992489,-0.344421
15.000000,1.000000,0.000000,0.000000,0.326998,0.066343,0.303246,0.968445,0.992834,-0.975611,-0.551509,0.997660,0.980904,0.768531,0.936510,0.993618,-0.844774,0.967761,-0.978594
16.000000,1.000000,0.000000,0.000000,0.339287,0.056069,0.454772,0.982758,0.995120,-0.986189,-0.784558,0.997265,0.985811,0.633932,0.918198,0.984865,-0.735889,0.815373,-0.939444
17.000000,1.000000,0.000000,0.000000,0.360141,0.056092,0.519028,0.988954,0.959369,-0.987467,-0.103526,0.994650,0.989639,-0.372345,0.964303,0.985481,-0.809765,-0.106626,-0.976723
18.000000,1.000000,0.000000,0.000000,0.383686,0.054538,0.500033,0.970530,0.761580,-0.992017,0.729929,0.998220,0.990326,-0.706693,0.988616,0.981287,-0.444745,-0.789713,-0.964134
19.000000,1.000000,0.000000,0.000000,0.404799,0.048239,0.462243,0.950480,-0.019867,-0.992269,0.937015,0.997519,0.990808,-0.830092,0.991479,0.981537,-0.684967,-0.910763,-0.956391
20.000000,1.000000,0.000000,0.000000,0.430671,0.036699,0.516359,0.915981,-0.359021,-0.993991,0.853274,0.996654,0.991743,-0.487638,0.989024,0.985109,-0.624417,-0.954332,-0.963126
21.000000,1.000000,0.000000,0.000000,0.458645,0.026377,0.552519,0.698185,-0.763532,-0.988644,0.876407,0.995120,0.994537,-0.593006,0.989509,0.984243,-0.809395,-0.979640,-0.960975
22.000000,1.000000,0.000000,0.000000,0.492368,0.021756,0.532468,0.555417,-0.730889,-0.955567,0.927843,0.980522,0.994556,-0.798459,0.988898,0.981419,-0.901452,-0.987898,-0.929454
23.000000,1.000000,0.000000,0.000000,0.530939,0.018783,0.547844,0.654460,-0.512911,-0.984867,0.757213,0.967318,0.997454,-0.495575,0.988433,0.981547,-0.800654,-0.994978,-0.924595
24.000000,1.000000,0.000000,0.000000,0.566425,0.019764,0.534391,0.196764,-0.568556,-0.728383,0.698797,0.889377,0.997695,-0.666078,0.986463,0.973451,-0.850108,-0.996019,-0.752909
25.000000,1.000000,0.000000,0.000000,0.601799,0.019465,0.670770,-0.086717,-0.272886,-0.408018,0.159954,0.761341,0.998750,0.164031,0.966439,0.970062,-0.759292,-0.997106,-0.545102
26.000000,1.000000,0.000000,0.000000,0.619691,-0.015077,0.720592,0.279620,0.382795,0.251760,0.268200,0.833705,0.998769,0.233724,0.976002,0.987835,-0.624516,-0.994216,-0.350491
27.000000,1.000000,0.000000,0.000000,0.623250,-0.062021,0.744429,-0.576387,0.837811,0.830799,0.781386,0.312862,0.998613,0.572316,0.983243,0.960067,-0.571047,-0.996184,0.620314
28.000000,1.000000,0.000000,0.000000,0.622963,-0.121443,0.861679,-0.776317,0.971711,0.971301,0.749348,0.471390,0.907082,0.923587,0.963523,0.832755,0.129172,-0.953642,0.919980
29.000000,1.000000,0.000000,0.000000,0.616135,-0.174849,0.820801,-0.635342,0.977253,0.985526,0.951919,0.751979,-0.491453,0.921328,0.966605,0.719152,0.278079,0.670706,0.994874
30.000000,1.000000,0.000000,0.000000,0.575313,-0.172323,0.777694,-0.900838,0.963694,0.976285,0.727918,-0.269125,-0.991940,0.957619,0.972409,-0.852114,0.892878,0.916315,0.997583
31.000000,1.000000,0.000000,0.000000,0.557455,-0.173277,0.806446,-0.931920,0.947482,0.972380,-0.433294,-0.855911,-0.993964,0.857770,0.778207,-0.995545,0.984255,0.983047,0.992432
32.000000,1.000000,0.000000,0.000000,0.557648,-0.182974,0.818232,-0.910263,0.983604,0.969475,0.572829,-0.903242,-0.992764,0.640345,0.147710,-0.995248,0.976066,0.993858,0.990184
33.000000,1.000000,0.000000,0.000000,0.566499,-0.197967,0.857175,-0.819714,0.992696,0.965014,0.306753,-0.967891,-0.983382,0.373451,-0.741599,-0.993929,0.952651,0.991003,0.985717
34.000000,1.000000,0.000000,0.000000,0.584209,-0.206140,0.933011,-0.814275,0.991659,0.945176,0.174460,-0.988155,-0.987067,0.939112,-0.856646,-0.983694,0.951278,0.993899,0.989418
35.000000,1.000000,0.000000,0.000000,0.612191,-0.211523,0.960588,-0.785807,0.995752,0.962474,0.007058,-0.991451,-0.979597,0.779116,-0.935638,-0.987448,0.956381,0.992908,0.989495
36.000000,1.000000,0.000000,0.000000,0.644967,-0.218104,0.925237,-0.469546,0.994651,0.880704,0.097239,-0.992310,-0.929803,0.790475,-0.970219,-0.975545,0.919584,0.996018,0.988967
37.000000,1.000000,0.000000,0.000000,0.679917,-0.228666,0.868554,-0.570780,0.995739,0.929441,-0.020689,-0.992536,-0.777906,0.547949,-0.986530,-0.967364,0.910866,0.996767,0.987073
38.000000,1.000000,0.000000,0.000000,0.713667,-0.245577,0.747389,-0.457081,0.997371,0.925916,0.400151,-0.988837,-0.138287,0.204877,-0.988928,-0.939449,0.849191,0.997248,0.985826
39.000000,1.000000,0.000000,0.000000,0.717583,-0.253888,0.677452,-0.507483,0.997070,0.964743,0.302085,-0.964339,0.681812,0.807394,-0.990270,-0.741330,0.776674,0.997127,0.984515
40.000000,1.000000,0.000000,0.000000,0.673337,-0.228538,0.595733,0.684748,0.997551,0.480201,-0.339334,-0.854060,0.998802,-0.450788,-0.988211,-0.433888,0.514203,0.996891,0.978009
41.000000,1.000000,0.000000,0.000000,0.621716,-0.183485,0.673172,0.830941,0.996890,-0.434515,-0.541146,-0.215002,0.994357,-0.438107,-0.947934,-0.696115,0.280703,0.996927,0.985745
42.000000,1.000000,0.000000,0.000000,0.566523,-0.133329,0.588511,0.918988,0.993148,-0.857745,-0.453125,-0.329910,0.995374,-0.600508,-0.869769,-0.290049,-0.458755,0.993226,0.969463
43.000000,1.000000,0.000000,0.000000,0.531405,-0.088658,0.634053,0.872076,0.961113,-0.936269,-0.511437,0.183237,0.983360,0.642400,-0.841688,0.396705,-0.335866,0.992884,0.898238
44.000000,1.000000,0.000000,0.000000,0.474792,-0.068629,0.525214,0.595943,0.813376,-0.907182,0.237491,-0.105454,0.970095,0.202289,-0.913361,0.705153,-0.488671,0.985089,0.693123
45.000000,1.000000,0.000000,0.000000,0.422009,-0.063447,0.404140,0.755054,0.934029,-0.886387,0.545075,0.602408,0.927861,0.901027,-0.762335,0.914283,-0.760187,0.981484,-0.588990
46.000000,1.000000,0.000000,0.000000,0.387671,-0.058688,0.635755,0.695281,0.906477,-0.949733,-0.639452,0.803006,0.970505,0.970690,-0.661500,0.977044,-0.843737,0.792519,-0.973337
47.000000,1.000000,0.000000,0.000000,0.367736,-0.043257,0.663000,0.913505,0.548597,-0.968406,-0.131311,0.105881,0.981147,-0.384306,0.334123,0.967868,-0.834444,-0.742915,-0.926625
48.000000,1.000000,0.000000,0.000000,0.375427,-0.038101,0.556417,0.912840,0.201345,-0.979625,0.756371,0.663878,0.988963,-0.907818,0.971536,0.981764,-0.616618,-0.938768,-0.898548
49.000000,1.000000,0.000000,0.000000,0.378980,-0.043774,0.521895,0.831594,-0.599787,-0.988846,0.742108,0.568051,0.991454,-0.914211,0.982199,0.970349,-0.714601,-0.977070,-0.891599
50.000000,1.000000,0.000000,0.000000,0.397052,-0.058814,0.537884,0.815141,-0.733557,-0.987538,0.880502,0.887275,0.988566,-0.880810,0.990131,0.982371,-0.637820,-0.965962,-0.853433
51.000000,1.000000,0.000000,0.000000,0.419378,-0.079561,0.616352,0.631601,-0.794765,-0.990710,0.714764,0.949365,0.991715,-0.670479,0.989690,0.983626,-0.447365,-0.973783,-0.905037
52.000000,1.000000,0.000000,0.000000,0.436926,-0.097034,0.643359,0.777213,-0.770004,-0.980066,0.689093,0.617142,0.981691,-0.437288,0.993009,0.955533,-0.575210,-0.972442,0.273672
53.000000,1.000000,0.000000,0.000000,0.451622,-0.114316,0.613277,0.757914,-0.693960,-0.977130,0.530071,0.405900,0.992010,-0.829192,0.993683,0.984509,-0.543745,-0.948588,0.296869
54.000000,1.000000,0.000000,0.000000,0.444003,-0.108337,0.449574,0.839906,-0.842669,-0.972857,0.677266,-0.017804,0.993409,-0.456596,0.991082,0.991568,-0.485745,-0.857355,0.545984
55.000000,1.000000,0.000000,0.000000,0.440478,-0.081557,0.489380,0.553864,-0.793948,-0.965486,-0.428334,-0.539896,0.997911,0.280249,0.989498,0.995121,0.235583,-0.133142,0.902290
56.000000,1.000000,0.000000,0.000000,0.457723,-0.063623,0.577746,0.506977,-0.678918,-0.434082,-0.562898,-0.148888,0.997711,0.195356,0.991967,0.997855,0.190481,0.421014,0.646743
57.000000,1.000000,0.000000,0.000000,0.470862,-0.030995,0.537191,0.410176,-0.455021,0.055182,-0.619087,-0.630306,0.997552,-0.160128,0.993818,0.996569,0.261100,0.411403,0.854959
58.000000,1.000000,0.000000,0.000000,0.499358,0.000812,0.593806,0.107308,0.566007,0.571778,-0.758592,-0.638027,0.993847,0.435485,0.997316,0.977441,0.489849,0.836706,0.975100
59.000000,1.000000,0.000000,0.000000,0.517962,0.034717,0.584182,-0.338568,0.919333,0.917535,-0.831935,-0.829828,0.993041,0.205882,0.998244,0.734495,0.349811,0.953298,0.987134
60.000000,1.000000,0.000000,0.000000,0.503680,0.036739,0.588450,-0.659955,0.995871,0.986024,-0.948902,-0.013571,-0.631468,0.950794,0.997203,-0.828504,0.871598,0.980729,0.991629
61.000000,1.000000,0.000000,0.000000,0.490182,0.036250,0.575876,-0.880973,0.996799,0.981677,-0.729592,-0.383742,-0.987159,0.911782,0.954465,-0.941405,0.955034,0.992752,0.993298
62.000000,1.000000,0.000000,0.000000,0.496203,0.027970,0.562124,-0.713664,0.997797,0.962339,-0.527160,-0.748200,-0.989988,0.809182,0.760886,-0.926411,0.951967,0.994152,0.989255
63.000000,1.000000,0.000000,0.000000,0.504798,0.014124,0.582551,-0.868019,0.998264,0.972104,0.455460,-0.922482,-0.990716,0.734111,-0.013390,-0.957229,0.921382,0.995923,0.991087
64.000000,1.000000,0.000000,0.000000,0.516574,-0.004709,0.674661,-0.913124,0.994035,0.974817,-0.147916,-0.972119,-0.988486,0.903171,-0.920766,-0.978180,0.946758,0.995428,0.985371
65.000000,1.000000,0.000000,0.000000,0.540933,-0.020258,0.682170,-0.818439,0.995117,0.965581,0.201117,-0.988675,-0.988558,0.806779,-0.963438,-0.969691,0.897538,0.991153,0.981524
66.000000,1.000000,0.000000,0.000000,0.573518,-0.032201,0.715629,-0.928662,0.991889,0.976015,-0.305213,-0.986424,-0.986585,0.890344,-0.979616,-0.973565,0.953011,0.995433,0.985545
67.000000,1.000000,0.000000,0.000000,0.610818,-0.045129,0.713317,-0.910442,0.990330,0.960401,-0.223431,-0.986308,-0.971112,0.806126,-0.987403,-0.975847,0.956055,0.994759,0.987115
68.000000,1.000000,0.000000,0.000000,0.648281,-0.060993,0.656958,-0.839634,0.992769,0.957913,0.317728,-0.978822,-0.820589,0.885893,-0.990723,-0.891105,0.873447,0.995974,0.983578
69.000000,1.000000,0.000000,0.000000,0.686281,-0.079601,0.608684,-0.882959,0.995198,0.969656,0.199329,-0.985959,-0.730495,0.755834,-0.989409,-0.927019,0.849841,0.996172,0.988152
70.000000,1.000000,0.000000,0.000000,0.692446,-0.085735,0.473611,-0.741327,0.995549,0.953508,0.431213,-0.950823,0.767426,0.740987,-0.990396,-0.509637,0.718743,0.996613,0.981445
71.000000,1.000000,0.000000,0.000000,0.664664,-0.058371,0.483665,0.162475,0.995674,0.513055,-0.409115,-0.222433,0.995260,-0.298964,-0.984171,-0.484357,0.697276,0.997089,0.985374
72.000000,1.000000,0.000000,0.000000,0.641159,-0.017858,0.526750,0.561759,0.985688,-0.087510,-0.326235,0.676524,0.983904,-0.467904,-0.907155,-0.119053,0.210317,0.994639,0.979413
73.000000,1.000000,0.000000,0.000000,0.609705,0.025035,0.494053,0.453215,0.946408,-0.744601,0.037449,0.778406,0.971342,-0.537055,-0.296651,0.595064,-0.254732,0.994177,0.936293
74.000000,1.000000,0.000000,0.000000,0.574853,0.029767,0.391825,0.468025,0.807229,-0.903419,0.402430,0.881697,0.953744,-0.276753,0.738648,0.949979,-0.536164,0.993742,0.453649
75.000000,1.000000,0.000000,0.000000,0.546742,0.032203,0.349599,0.788162,0.899485,-0.966693,-0.148707,0.982301,0.942207,0.865484,0.750547,0.980645,-0.764744,0.991604,-0.948255
76.000000,1.000000,0.000000,0.000000,0.538913,0.020657,0.513688,0.601566,0.693709,-0.923512,0.096651,0.962951,0.945422,0.909407,0.618724,0.973614,-0.814219,0.928957,-0.813564
77.000000,1.000000,0.000000,0.000000,0.542122,0.013070,0.514036,0.661252,0.040964,-0.941105,0.634595,0.925645,0.956494,-0.477662,0.840338,0.969946,-0.739754,0.377616,-0.732234
78.000000,1.000000,0.000000,0.000000,0.544727,0.008775,0.495844,0.705463,-0.549017,-0.976665,0.629133,0.944521,0.974301,-0.720631,0.876858,0.981948,-0.659355,-0.571314,-0.925679
79.000000,1.000000,0.000000,0.000000,0.554902,0.003106,0.421374,0.770162,-0.899741,-0.983315,0.904532,0.929251,0.981483,-0.931921,0.962045,0.981755,-0.728881,-0.907434,-0.922523
80.000000,1.000000,0.000000,0.000000,0.576064,-0.005754,0.413091,0.636477,-0.908863,-0.986083,0.694869,0.930125,0.989229,-0.849220,0.961416,0.979966,-0.676668,-0.960178,-0.927740
81.000000,1.000000,0.000000,0.000000,0.602211,-0.015782,0.423641,0.698870,-0.934155,-0.987323,0.522814,0.820832,0.991753,-0.800731,0.972886,0.975996,-0.662610,-0.977814,-0.937892
82.000000,1.000000,0.000000,0.000000,0.625736,-0.024697,0.392003,0.538149,-0.939496,-0.986483,0.660718,0.554519,0.990983,-0.807506,0.987598,0.973140,-0.801301,-0.985234,-0.923732
83.000000,1.000000,0.000000,0.000000,0.638474,-0.026229,0.419919,0.523427,-0.956582,-0.989567,0.116064,-0.044650,0.992886,-0.465899,0.984135,0.960675,-0.671514,-0.984279,-0.883058
84.000000,1.000000,0.000000,0.000000,0.651565,-0.025539,0.420575,0.607275,-0.959038,-0.976148,0.193137,0.006922,0.992313,-0.399667,0.985041,0.972791,-0.686424,-0.978603,-0.827284
85.000000,1.000000,0.000000,0.000000,0.651000,-0.011346,0.361165,0.118681,-0.948861,-0.960155,0.330358,-0.808821,0.991992,-0.425419,0.983914,0.967851,-0.808801,-0.994117,-0.588515
86.000000,1.000000,0.000000,0.000000,0.652031,0.002194,0.495941,-0.207970,-0.922424,-0.788041,-0.367158,-0.604905,0.991415,0.364608,0.975970,0.974019,-0.483721,-0.978111,-0.388855
87.000000,1.000000,0.000000,0.000000,0.652408,0.026147,0.551413,-0.386081,-0.783653,-0.111589,-0.375578,-0.888508,0.994061,0.214449,0.975739,0.964889,-0.182652,-0.975417,0.321221
88.000000,1.000000,0.000000,0.000000,0.664778,0.054797,0.360696,-0.062238,0.374074,0.954178,0.306194,-0.781091,0.993718,-0.224702,0.979816,0.991673,-0.312297,-0.310097,0.767472
89.000000,1.000000,0.000000,0.000000,0.636763,0.069444,0.445459,-0.862690,0.954823,0.997920,-0.149683,-0.863410,0.933579,0.767764,0.978014,0.284224,0.368395,0.880708,0.971356
90.000000,1.000000,0.000000,0.000000,0.587146,0.054878,0.419621,-0.841816,0.986196,0.992839,-0.840168,0.147043,-0.985379,0.821492,0.995197,-0.808056,0.865462,0.994172,0.992283
91.000000,1.000000,0.000000,0.000000,0.563385,0.046904,0.378658,-0.895535,0.986353,0.977974,-0.292782,-0.259537,-0.993514,0.842677,0.941408,-0.926106,0.878395,0.984240,0.986987
92.000000,1.000000,0.000000,0.000000,0.563244,0.040529,0.360124,-0.906666,0.991192,0.974938,0.116902,-0.671646,-0.991551,0.823832,0.804465,-0.937455,0.813191,0.988151,0.986807
93.000000,1.000000,0.000000,0.000000,0.553321,0.029189,0.310784,-0.879344,0.992075,0.971467,0.368961,-0.762195,-0.995497,0.771926,-0.261559,-0.951229,0.809096,0.986010,0.981918
94.000000,1.000000,0.000000,0.000000,0.557433,0.020932,0.372018,-0.962549,0.967115,0.968965,-0.410870,-0.875412,-0.991106,0.874171,-0.823889,-0.935688,0.940273,0.988750,0.982153
95.000000,1.000000,0.000000,0.000000,0.571453,0.017175,0.383538,-0.948419,0.973552,0.982593,0.122928,-0.971117,-0.993570,0.926150,-0.962713,-0.968604,0.905684,0.979209,0.977368
96.000000,1.000000,0.000000,0.000000,0.596681,0.017596,0.397453,-0.935236,0.974941,0.981562,-0.231011,-0.976380,-0.991286,0.887780,-0.972311,-0.967369,0.936055,0.990776,0.983640
97.000000,1.000000,0.000000,0.000000,0.627397,0.019545,0.410985,-0.956403,0.978225,0.981396,-0.314624,-0.986733,-0.986901,0.853135,-0.987007,-0.940868,0.908805,0.990520,0.980103
98.000000,1.000000,0.000000,0.000000,0.658722,0.019572,0.393532,-0.912896,0.979888,0.982323,0.084892,-0.981461,-0.977354,0.850615,-0.990708,-0.896169,0.860348,0.994491,0.979730
99.000000,1.000000,0.000000,0.000000,0.687968,0.017555,0.381559,-0.928496,0.984814,0.981658,0.185817,-0.984144,-0.933359,0.874275,-0.991670,-0.817611,0.823470,0.995628,0.977803
100.000000,1.000000,0.000000,0.000000,0.715593,0.012309,0.378984,-0.922899,0.989143,0.977940,0.080181,-0.976994,-0.809903,0.767622,-0.989203,-0.737038,0.779056,0.995259,0.983055
101.000000,1.000000,0.000000,0.000000,0.740354,0.002557,0.336432,-0.900276,0.991107,0.966833,0.497075,-0.970997,-0.013148,0.540930,-0.985417,-0.519281,0.692271,0.996371,0.983152
102.000000,1.000000,0.000000,0.000000,0.751511,-0.006327,0.284547,-0.689555,0.983468,0.978939,0.398718,-0.831508,0.969916,0.578543,-0.987507,0.180318,0.590454,0.995107,0.978209
103.000000,1.000000,0.000000,0.000000,0.733436,0.017562,0.263604,0.303620,0.982906,0.828723,-0.259436,0.601101,0.995060,-0.016448,-0.906722,0.255827,0.292936,0.993295,0.979405
104.000000,1.000000,0.000000,0.000000,0.680663,0.037317,0.321214,0.330174,0.920511,-0.400882,0.202041,0.860842,0.986096,-0.707021,-0.318208,0.675727,-0.194616,0.993819,0.963312
105.000000,1.000000,0.000000,0.000000,0.629839,0.033158,0.248521,0.598991,0.926516,-0.964515,0.377822,0.978336,0.934006,-0.199564,0.626895,0.952906,-0.604440,0.993975,0.199875
106.000000,1.000000,0.000000,0.000000,0.597316,0.030547,0.239409,0.799699,0.909401,-0.980045,0.156794,0.989097,0.963118,0.356766,0.744508,0.973721,-0.809360,0.990904,-0.920371
107.000000,1.000000,0.000000,0.000000,0.592308,0.029691,0.338443,0.695083,0.394434,-0.980180,-0.000633,0.986128,0.973086,-0.266501,0.755770,0.947892,-0.816175,0.946861,-0.555916
108.000000,1.000000,0.000000,0.000000,0.587712,0.021029,0.346011,0.440668,-0.744814,-0.964383,0.826826,0.986921,0.917873,-0.599354,0.774934,0.962938,-0.702227,0.332372,-0.571120
109.000000,1.000000,0.000000,0.000000,0.584755,0.019195,0.298303,0.379384,-0.898494,-0.973726,0.832384,0.967365,0.961415,-0.802168,0.772458,0.953407,-0.729141,-0.713682,-0.606187
110.000000,1.000000,0.000000,0.000000,0.591290,0.012148,0.267281,0.559692,-0.955500,-0.987143,0.804783,0.957488,0.976984,-0.844486,0.780499,0.964146,-0.682676,-0.926788,-0.859852
111.000000,1.000000,0.000000,0.000000,0.611557,-0.000742,0.262901,0.598840,-0.959192,-0.986994,0.745731,0.951439,0.984231,-0.806653,0.908900,0.983096,-0.601742,-0.960535,-0.929954
112.000000,1.000000,0.000000,0.000000,0.637944,-0.015240,0.280773,0.532869,-0.971760,-0.983277,0.656694,0.903634,0.983945,-0.812860,0.964409,0.971273,-0.326104,-0.957915,-0.774172
113.000000,1.000000,0.000000,0.000000,0.659595,-0.029847,0.246482,0.531186,-0.970533,-0.977009,0.678685,0.691626,0.986470,-0.774706,0.984042,0.977409,-0.729477,-0.969467,-0.925620
114.000000,1.000000,0.000000,0.000000,0.662755,-0.031777,0.231922,0.210848,-0.972258,-0.985200,0.384450,-0.301771,0.993466,-0.588766,0.974275,0.962820,-0.683468,-0.979157,-0.857804
115.000000,1.000000,0.000000,0.000000,0.660043,-0.024577,0.193476,0.196113,-0.976106,-0.981229,0.290468,-0.650123,0.991936,-0.530321,0.981354,0.964581,-0.692053,-0.971783,-0.744824
116.000000,1.000000,0.000000,0.000000,0.656819,-0.011690,0.180948,0.323139,-0.983453,-0.919243,0.349987,-0.740106,0.987292,-0.246938,0.968069,0.958605,-0.389544,-0.884159,-0.081063
117.000000,1.000000,0.000000,0.000000,0.646699,0.013321,0.162363,-0.438769,-0.971059,-0.733209,-0.042048,-0.926555,0.990219,-0.317210,0.977488,0.971525,-0.298455,-0.825287,0.019253
118.000000,1.000000,0.000000,0.000000,0.656418,0.047452,0.276538,-0.288170,-0.907654,0.519567,-0.506120,-0.586056,0.966864,0.186837,0.973546,0.987308,0.514996,0.604225,0.613423
119.000000,1.000000,0.000000,0.000000,0.661101,0.093269,0.347138,-0.720621,0.401755,0.967022,-0.701372,-0.762533,0.982031,0.115651,0.979533,0.657144,0.565523,0.974330,0.985791
120.000000,1.000000,0.000000,0.000000,0.632840,0.079399,0.305485,-0.703349,0.991146,0.991600,-0.788538,0.630847,-0.891886,0.537200,0.997122,0.269402,0.697779,0.996656,0.991794
121.000000,1.000000,0.000000,0.000000,0.611335,0.066365,0.321738,-0.906348,0.987872,0.965869,-0.155770,0.260665,-0.991593,0.722511,0.985593,0.233232,0.746255,0.993531,0.977781
122.000000,1.000000,0.000000,0.000000,0.601258,0.060408,0.332475,-0.856967,0.990552,0.971988,-0.493148,-0.515217,-0.995251,0.728677,0.977028,-0.929102,0.729534,0.988636,0.985538
123.000000,1.000000,0.000000,0.000000,0.603499,0.051419,0.332345,-0.901275,0.990269,0.974452,0.026152,-0.728758,-0.993892,0.854290,0.678442,-0.928973,0.758188,0.992927,0.985440
124.000000,1.000000,0.000000,0.000000,0.611516,0.035098,0.372920,-0.880432,0.985498,0.947310,-0.224204,-0.783211,-0.993839,0.723528,-0.421249,-0.942143,0.874616,0.992490,0.975617
125.000000,1.000000,0.000000,0.000000,0.624893,0.022641,0.422257,-0.887215,0.981211,0.976259,-0.059466,-0.918101,-0.994565,0.922531,-0.900186,-0.968592,0.900373,0.986850,0.978026
126.000000,1.000000,0.000000,0.000000,0.648262,0.017413,0.462310,-0.930486,0.972989,0.966919,-0.557279,-0.962258,-0.985777,0.854158,-0.968871,-0.965430,0.932657,0.986297,0.980674
127.000000,1.000000,0.000000,0.000000,0.677924,0.014414,0.462793,-0.952447,0.982125,0.975649,-0.275562,-0.974795,-0.982341,0.889536,-0.970603,-0.960311,0.939234,0.994585,0.985328
128.000000,1.000000,0.000000,0.000000,0.709460,0.010730,0.460416,-0.958793,0.974735,0.972111,-0.485004,-0.984954,-0.968472,0.794548,-0.987536,-0.951940,0.935685,0.994036,0.983797
129.000000,1.000000,0.000000,0.000000,0.739874,0.003111,0.445914,-0.960797,0.980887,0.972804,-0.325510,-0.984916,-0.952177,0.742098,-0.989555,-0.900258,0.918686,0.995241,0.982527
130.000000,1.000000,0.000000,0.000000,0.766806,-0.008558,0.410147,-0.954289,0.982143,0.975028,0.105723,-0.982941,-0.872565,0.801013,-0.992574,-0.745061,0.826700,0.994232,0.981079
131.000000,1.000000,0.000000,0.000000,0.790142,-0.023055,0.358134,-0.907496,0.980695,0.971566,0.456295,-0.954896,0.141848,0.657777,-0.993462,-0.204574,0.749812,0.994870,0.979630
132.000000,1.000000,0.000000,0.000000,0.788577,-0.023662,0.174176,-0.667156,0.970758,0.971000,0.430774,-0.852053,0.960850,-0.120637,-0.987536,0.209143,0.507495,0.993602,0.979390
133.000000,1.000000,0.000000,0.000000,0.770988,-0.005711,0.217944,0.052571,0.956245,0.827171,-0.066583,0.822927,0.984001,-0.082399,-0.866513,0.649062,0.370922,0.992253,0.970824
134.000000,1.000000,0.000000,0.000000,0.726789,0.008250,0.232894,0.289992,0.923661,-0.698593,0.095813,0.945894,0.977749,-0.181862,0.280461,0.917580,-0.441135,0.987915,0.799755
135.000000,1.000000,0.000000,0.000000,0.685157,0.010438,0.116291,0.597518,0.890025,-0.913565,0.478149,0.952224,0.909508,-0.131376,0.549895,0.944317,-0.687651,0.992119,0.438651
136.000000,1.000000,0.000000,0.000000,0.658543,0.011630,0.131410,0.305839,0.605250,-0.960990,0.255320,0.972703,0.908367,0.519482,0.506665,0.962415,-0.589256,0.990877,-0.208654
137.000000,1.000000,0.000000,0.000000,0.638702,-0.000357,0.238126,0.328390,-0.221162,-0.934218,0.621245,0.980038,0.906096,0.468413,0.285599,0.971947,-0.777831,0.971985,-0.742277
138.000000,1.000000,0.000000,0.000000,0.625661,0.000751,0.241421,0.470785,-0.872128,-0.968365,0.518220,0.939543,0.936336,-0.804885,0.299028,0.975145,-0.892493,0.145302,-0.851438
139.000000,1.000000,0.000000,0.000000,0.621839,0.009866,0.203592,0.600896,-0.938929,-0.980584,0.531078,0.867077,0.970229,-0.861860,0.434206,0.962108,-0.845656,-0.882819,-0.897103
140.000000,1.000000,0.000000,0.000000,0.635735,0.013057,0.161680,0.654800,-0.977881,-0.985309,0.686708,0.912935,0.977221,-0.897405,0.704127,0.969174,-0.751101,-0.966851,-0.905792
141.000000,1.000000,0.000000,0.000000,0.658816,0.011683,0.141868,0.500685,-0.976115,-0.979635,0.667732,0.793331,0.980295,-0.868370,0.911489,0.963071,-0.704658,-0.979636,-0.882983
142.000000,1.000000,0.000000,0.000000,0.681064,0.008483,0.138875,0.110401,-0.966354,-0.987092,0.613987,0.591070,0.988893,-0.858606,0.968126,0.971364,-0.753400,-0.982913,-0.870945
143.000000,1.000000,0.000000,0.000000,0.695546,0.007032,0.179553,0.114624,-0.977197,-0.987482,0.309387,0.220670,0.990508,-0.573713,0.968586,0.958226,-0.698578,-0.981880,-0.856820
144.000000,1.000000,0.000000,0.000000,0.707401,0.007359,0.264862,-0.112008,-0.969025,-0.980799,-0.070324,0.220123,0.987568,-0.359894,0.973489,0.950980,-0.691976,-0.984138,-0.755982
145.000000,1.000000,0.000000,0.000000,0.712747,0.014538,0.249447,0.282817,-0.983496,-0.968958,0.087719,-0.277960,0.989332,-0.460002,0.974904,0.962748,-0.542298,-0.973551,-0.784704
146.000000,1.000000,0.000000,0.000000,0.710867,0.034936,0.173651,-0.144584,-0.974589,-0.897670,0.289132,-0.721088,0.986340,-0.519703,0.972660,0.961577,-0.679618,-0.975700,-0.188299
147.000000,1.000000,0.000000,0.000000,0.708027,0.063805,0.083200,-0.302717,-0.946571,-0.327758,0.164500,-0.921105,0.987688,-0.657113,0.976429,0.951950,-0.442225,-0.935083,0.096302
148.000000,1.000000,0.000000,0.000000,0.705613,0.095883,0.001013,-0.273421,-0.655551,0.781850,0.411744,-0.604252,0.969465,-0.416363,0.964833,0.983265,-0.074633,-0.045625,0.478565
149.000000,1.000000,0.000000,0.000000,0.673413,0.117809,0.253724,-0.901343,0.726451,0.993115,-0.613830,-0.577733,0.889820,0.815387,0.960010,0.209952,0.763222,0.968100,0.971878
150.000000,1.000000,0.000000,0.000000,0.621903,0.098340,0.250735,-0.789019,0.980130,0.993541,-0.528788,0.463557,-0.975046,0.684529,0.988916,-0.439946,0.631531,0.989380,0.985219
151.000000,1.000000,0.000000,0.000000,0.599845,0.086219,0.221418,-0.911062,0.932987,0.979689,-0.279514,0.137230,-0.994295,0.629553,0.974704,0.179393,0.737876,0.989751,0.974508
152.000000,1.000000,0.000000,0.000000,0.595128,0.083409,0.191364,-0.883236,0.949023,0.952575,-0.093483,-0.393253,-0.991313,0.563253,0.923075,-0.097972,0.524661,0.983982,0.964196
153.000000,1.000000,0.000000,0.000000,0.597400,0.081481,0.166893,-0.923681,0.967249,0.935123,0.220710,-0.335608,-0.992868,0.575525,0.771287,-0.452452,0.540799,0.972044,0.971609
154.000000,1.000000,0.000000,0.000000,0.588267,0.068334,0.316343,-0.933245,0.965466,0.961619,-0.311297,-0.662229,-0.995094,0.804390,0.375392,-0.946992,0.743297,0.972319,0.976669
155.000000,1.000000,0.000000,0.000000,0.597246,0.054336,0.423910,-0.856789,0.973636,0.961158,-0.596472,-0.724828,-0.990525,0.714430,-0.581605,-0.964892,0.841941,0.975486,0.976949
156.000000,1.000000,0.000000,0.000000,0.613686,0.044932,0.476686,-0.896599,0.981057,0.959818,-0.154151,-0.931037,-0.984675,0.692587,-0.874802,-0.971924,0.834039,0.982015,0.979805
157.000000,1.000000,0.000000,0.000000,0.636424,0.040873,0.465866,-0.876032,0.988577,0.975665,0.179932,-0.968329,-0.981566,0.870121,-0.952152,-0.973289,0.697477,0.976695,0.976541
158.000000,1.000000,0.000000,0.000000,0.664292,0.039165,0.504495,-0.937502,0.973151,0.975898,-0.498724,-0.975785,-0.975409,0.895966,-0.982953,-0.953097,0.870696,0.991541,0.978026
159.000000,1.000000,0.000000,0.000000,0.694196,0.035156,0.499338,-0.957091,0.969056,0.976406,-0.415732,-0.983582,-0.936742,0.721579,-0.984572,-0.932809,0.853934,0.992064,0.980923
160.000000,1.000000,0.000000,0.000000,0.721522,0.027718,0.422718,-0.925799,0.982869,0.973073,0.273371,-0.986151,-0.900401,0.736981,-0.990184,-0.790692,0.656631,0.991641,0.973317
161.000000,1.000000,0.000000,0.000000,0.746538,0.019081,0.349866,-0.894422,0.987523,0.974506,0.264040,-0.969472,-0.496816,0.553813,-0.985589,-0.596474,0.562052,0.992202,0.982697
162.000000,1.000000,0.000000,0.000000,0.769914,0.007281,0.276962,-0.863714,0.986135,0.968354,0.292200,-0.952841,0.452819,0.032592,-0.977714,-0.303676,0.525544,0.991901,0.982970
163.000000,1.000000,0.000000,0.000000,0.750265,0.022800,0.203592,-0.138291,0.969997,0.952608,-0.019759,-0.110439,0.989808,0.031832,-0.946570,0.402751,0.337683,0.987941,0.986524
164.000000,1.000000,0.000000,0.000000,0.723681,0.033423,0.148883,-0.251703,0.901236,0.722918,0.378454,0.676323,0.973070,-0.633746,-0.176213,0.821771,-0.101587,0.989782,0.983551
165.000000,1.000000,0.000000,0.000000,0.668388,0.029972,0.150584,0.258284,0.815486,-0.944476,0.435815,0.964978,0.919713,-0.133286,0.699454,0.975830,-0.591419,0.992128,0.239586
166.000000,1.000000,0.000000,0.000000,0.629309,0.024460,0.144184,0.709978,0.738484,-0.968238,0.356396,0.982601,0.934262,0.145367,0.853150,0.975662,-0.757700,0.988830,-0.542748
167.000000,1.000000,0.000000,0.000000,0.617796,0.018731,0.198131,0.799762,-0.181215,-0.986139,0.356392,0.990988,0.952885,-0.162217,0.910360,0.979527,-0.892343,0.960593,-0.887012
168.000000,1.000000,0.000000,0.000000,0.614010,0.015149,0.199437,0.571123,-0.865862,-0.980892,0.680186,0.987381,0.934938,-0.755502,0.836693,0.979398,-0.907204,0.474005,-0.857274
169.000000,1.000000,0.000000,0.000000,0.610728,0.021077,0.134329,0.445430,-0.956758,-0.986334,0.768214,0.926539,0.961167,-0.915222,0.709180,0.975646,-0.909709,-0.903896,-0.917760
170.000000,1.000000,0.000000,0.000000,0.623703,0.020154,0.085668,0.443049,-0.974438,-0.975858,0.922403,0.953172,0.957720,-0.886490,0.858315,0.970086,-0.784609,-0.969078,-0.848376
171.000000,1.000000,0.000000,0.000000,0.644518,0.013245,0.124810,-0.071965,-0.976150,-0.987617,0.650595,0.889425,0.979877,-0.794242,0.887869,0.970968,-0.697143,-0.971638,-0.868476
172.000000,1.000000,0.000000,0.000000,0.670579,0.002941,0.092310,0.483161,-0.975076,-0.983891,0.759553,0.814396,0.980755,-0.880239,0.974729,0.971686,-0.802613,-0.979628,-0.888186
173.000000,1.000000,0.000000,0.000000,0.690851,-0.005070,0.105213,-0.127190,-0.977219,-0.983209,0.610796,0.557438,0.984943,-0.761259,0.980079,0.970986,-0.817179,-0.977921,-0.819670
174.000000,1.000000,0.000000,0.000000,0.712256,-0.013291,0.067575,0.332364,-0.974576,-0.979592,0.701228,0.647744,0.976719,-0.760470,0.983694,0.964845,-0.828175,-0.980136,-0.866462
175.000000,1.000000,0.000000,0.000000,0.717051,-0.005517,0.042004,-0.032401,-0.982685,-0.973015,0.313038,-0.247343,0.989535,-0.700797,0.979971,0.956015,-0.736505,-0.973752,-0.767123
176.000000,1.000000,0.000000,0.000000,0.720981,0.007897,0.128728,-0.082616,-0.978621,-0.936827,-0.337604,-0.212587,0.988718,-0.285461,0.962323,0.958916,-0.439120,-0.956908,-0.475773
177.000000,1.000000,0.000000,0.000000,0.726252,0.020540,0.160960,-0.387211,-0.961913,-0.200162,0.301287,-0.083027,0.975313,-0.285870,0.974206,0.975046,-0.400691,-0.925952,0.121454
178.000000,1.000000,0.000000,0.000000,0.728889,0.054447,0.004021,-0.352328,-0.834624,0.760966,0.702903,-0.539032,0.981661,-0.532059,0.981525,0.989243,-0.618138,-0.521400,0.560658
179.000000,1.000000,0.000000,0.000000,0.717959,0.071774,0.135869,-0.772631,0.691510,0.995387,0.046381,-0.722350,0.988653,0.228457,0.954537,0.938060,0.173586,0.833511,0.922039
180.000000,1.000000,0.000000,0.000000,0.664482,0.058206,0.186057,-0.711008,0.976184,0.994353,-0.840600,0.308443,-0.883907,0.658600,0.993258,-0.474641,0.707118,0.994785,0.992983
181.000000,1.000000,0.000000,0.000000,0.631276,0.046583,0.197708,-0.834074,0.960140,0.979735,-0.597154,0.222625,-0.984958,0.638925,0.975993,-0.576654,0.786973,0.989815,0.985854
182.000000,1.000000,0.000000,0.000000,0.624744,0.041149,0.182048,-0.815592,0.961866,0.953153,-0.134107,-0.448076,-0.987891,0.610393,0.834684,-0.773683,0.592827,0.976287,0.973366
183.000000,1.000000,0.000000,0.000000,0.624460,0.033127,0.191721,-0.884588,0.914375,0.955799,0.115028,-0.619373,-0.993162,0.711848,0.279369,-0.848966,0.671369,0.988022,0.976859
184.000000,1.000000,0.000000,0.000000,0.626487,0.020814,0.233200,-0.915444,0.934036,0.966138,0.131239,-0.801541,-0.994661,0.774663,-0.709797,-0.889769,0.732539,0.974022,0.960730
185.000000,1.000000,0.000000,0.000000,0.638655,0.015316,0.255898,-0.809812,0.959103,0.964354,-0.358536,-0.884822,-0.987335,0.843795,-0.935804,-0.964710,0.736200,0.931078,0.973678
186.000000,1.000000,0.000000,0.000000,0.661700,0.014699,0.282810,-0.905198,0.926966,0.976645,-0.330033,-0.925167,-0.986654,0.848226,-0.963433,-0.955672,0.875427,0.978487,0.978355
187.000000,1.000000,0.000000,0.000000,0.691131,0.017263,0.270515,-0.904134,0.964445,0.974446,-0.313311,-0.973720,-0.965571,0.787665,-0.976997,-0.950806,0.795660,0.981262,0.977127
188.000000,1.000000,0.000000,0.000000,0.721703,0.018318,0.266325,-0.925998,0.962093,0.978568,-0.275127,-0.977437,-0.955878,0.802464,-0.977607,-0.933102,0.843179,0.990077,0.981312
189.000000,1.000000,0.000000,0.000000,0.750336,0.016171,0.248334,-0.920946,0.963496,0.979353,-0.120380,-0.976808,-0.887881,0.749219,-0.988605,-0.850680,0.786602,0.991430,0.979948
190.000000,1.000000,0.000000,0.000000,0.775659,0.012552,0.193912,-0.901286,0.980285,0.973038,0.121831,-0.974177,-0.301549,0.663921,-0.984656,-0.696109,0.592231,0.990419,0.981824
191.000000,1.000000,0.000000,0.000000,0.800249,-0.000632,0.233869,-0.941415,0.965877,0.981708,-0.115736,-0.962513,-0.421229,0.658191,-0.988478,-0.353136,0.808786,0.994369,0.982042
192.000000,1.000000,0.000000,0.000000,0.796655,0.000788,0.020094,-0.725579,0.969205,0.985555,0.795684,-0.846090,0.911046,0.275257,-0.970905,0.553039,0.201607,0.991389,0.976296
193.000000,1.000000,0.000000,0.000000,0.771535,0.014270,0.070276,-0.212713,0.914360,0.963532,0.066939,0.645890,0.982988,-0.338489,-0.825885,0.735762,0.192751,0.986084,0.982784
194.000000,1.000000,0.000000,0.000000,0.729418,0.022538,0.003951,-0.150711,0.887477,-0.709875,0.712494,0.968407,0.924488,-0.406692,0.796893,0.951658,-0.589557,0.988435,0.740802
195.000000,1.000000,0.000000,0.000000,0.679234,0.021711,0.033524,0.575301,0.810018,-0.970090,0.257960,0.975391,0.909484,-0.193597,0.752786,0.970101,-0.646439,0.990028,-0.029410
196.000000,1.000000,0.000000,0.000000,0.652915,0.016827,0.069628,0.675899,-0.006863,-0.979375,0.493730,0.981854,0.937858,0.170546,0.776425,0.979428,-0.870361,0.976562,-0.834381
197.000000,1.000000,0.000000,0.000000,0.643161,0.018133,0.046367,0.260734,-0.775263,-0.974662,0.748435,0.946275,0.942751,-0.778444,0.752894,0.953025,-0.876413,0.535730,-0.549109
198.000000,1.000000,0.000000,0.000000,0.633902,0.020199,0.053966,0.260883,-0.934993,-0.974188,0.734966,0.971850,0.898154,-0.745057,0.433997,0.974261,-0.843280,-0.198429,-0.870589
199.000000,1.000000,0.000000,0.000000,0.636669,0.025074,0.030165,0.356511,-0.967308,-0.978258,0.687811,0.950148,0.936114,-0.786883,0.581526,0.955453,-0.787510,-0.907772,-0.851352
200.000000,1.000000,0.000000,0.000000,0.652487,0.022090,0.043345,0.286244,-0.978799,-0.980788,0.680375,0.948297,0.960288,-0.762586,0.697620,0.963788,-0.657482,-0.959834,-0.870452
201.000000,0.000000,0.000000,1.000000,0.675242,0.016252,0.009154,0.385892,-0.978569,-0.981618,0.763090,0.798523,0.980533,-0.863521,0.912505,0.965529,-0.749844,-0.973959,-0.874923
202.000000,0.000000,0.000000,1.000000,0.697835,0.009517,0.021917,0.085726,-0.978137,-0.986726,0.619673,0.716957,0.980337,-0.750119,0.961230,0.968669,-0.741358,-0.971597,-0.896499
203.000000,0.000000,0.000000,1.000000,0.701831,0.009102,0.132054,0.312723,0.177518,-0.225196,0.619131,-0.921022,0.938704,-0.450441,-0.026864,0.807614,0.269314,0.361065,-0.059793
204.000000,0.000000,0.000000,1.000000,0.695903,0.010997,0.157932,-0.057069,0.056206,-0.369041,0.716848,-0.654877,0.879336,-0.541285,0.134837,0.857568,0.135509,0.591108,-0.469122
205.000000,0.000000,0.000000,1.000000,0.664856,0.026722,0.042972,-0.107951,-0.223886,0.326768,0.787577,-0.861433,0.867563,-0.601643,0.146390,0.813590,-0.030577,-0.030243,-0.605748
206.000000,0.000000,0.000000,1.000000,0.600475,0.030599,0.054289,-0.474695,-0.518274,0.518651,0.460988,-0.858091,0.919959,-0.367062,-0.096375,0.774929,-0.013442,-0.251219,-0.117152
207.000000,0.000000,0.000000,1.000000,0.516920,0.041565,0.098863,-0.661770,-0.412996,0.893536,0.305459,-0.884165,0.918601,0.212434,-0.205198,0.344647,0.210411,-0.716714,0.647579
208.000000,0.000000,0.000000,1.000000,0.427729,0.040409,0.110228,-0.578805,-0.540766,0.922061,0.022320,-0.843874,0.410552,0.449912,-0.227242,-0.563507,-0.090114,-0.766788,0.841119
209.000000,0.000000,0.000000,1.000000,0.373932,0.035035,0.123365,-0.609682,-0.429854,0.939620,-0.014436,-0.855705,0.662181,0.424800,-0.156181,0.386113,0.495058,-0.722102,0.873068
210.000000,0.000000,0.000000,1.000000,0.321038,0.019314,0.120991,-0.753417,-0.318305,0.914208,-0.279256,-0.826616,0.147122,0.545210,-0.366599,0.161146,0.653506,-0.669277,0.771483
211.000000,0.000000,0.000000,1.000000,0.276710,0.001264,0.077014,-0.821030,-0.260792,0.951579,-0.417850,-0.874425,-0.191748,0.719167,-0.136633,0.534251,0.849048,-0.719748,0.860321
212.000000,0.000000,0.000000,1.000000,0.241504,-0.018060,0.002270,-0.853189,-0.125216,0.944804,-0.179917,-0.803047,-0.549985,0.750007,-0.040938,0.126681,0.909144,-0.457775,0.905942
213.000000,0.000000,0.000000,1.000000,0.213716,-0.036411,-0.115641,-0.794868,0.094182,0.955569,-0.281102,-0.871215,-0.670617,0.714526,0.039349,0.581221,0.922880,-0.559930,0.904430
214.000000,0.000000,0.000000,1.000000,0.187636,-0.051342,-0.167150,-0.902363,0.065007,0.953325,-0.577587,-0.859994,-0.679738,0.846268,0.119517,0.567967,0.961873,-0.321107,0.905524
215.000000,0.000000,0.000000,1.000000,0.162980,-0.067760,-0.246912,-0.797608,0.237986,0.969986,-0.544372,-0.873232,-0.827418,0.824544,-0.049742,0.649795,0.939696,-0.463829,0.920289
216.000000,0.000000,0.000000,1.000000,0.141817,-0.079845,-0.326707,-0.829872,0.266321,0.947030,-0.629860,-0.857200,-0.769683,0.758069,0.236538,0.270793,0.967493,-0.396104,0.958053
217.000000,0.000000,0.000000,1.000000,0.106092,-0.097002,-0.374471,-0.881436,0.080601,0.977009,-0.459962,-0.891982,-0.772885,0.785373,-0.247497,0.456942,0.960186,-0.513839,0.955709
218.000000,0.000000,0.000000,1.000000,0.077634,-0.109749,-0.405234,-0.918508,0.110389,0.959303,-0.702177,-0.861721,-0.772824,0.818248,0.020957,0.135820,0.981074,-0.321932,0.967839
219.000000,0.000000,0.000000,1.000000,0.055935,-0.117427,-0.419238,-0.846814,0.277642,0.911165,-0.533909,-0.893262,-0.443325,0.756499,-0.199600,0.709030,0.947673,-0.308540,0.940145
220.000000,0.000000,0.000000,1.000000,0.038884,-0.122851,-0.460810,-0.876069,0.459999,0.907248,-0.614742,-0.816736,-0.720205,0.748600,-0.033237,0.325464,0.967483,-0.166723,0.947894
221.000000,0.000000,0.000000,1.000000,0.021870,-0.117230,-0.398186,-0.854002,0.269985,0.752328,-0.585955,-0.879521,-0.285935,0.766693,-0.150127,0.710123,0.956000,0.030207,0.904421
222.000000,0.000000,0.000000,1.000000,0.009103,-0.113836,-0.409009,-0.847040,0.431483,0.896533,-0.333625,-0.776424,-0.451972,0.696631,0.004506,0.510809,0.938116,0.115018,0.912521
223.000000,0.000000,0.000000,1.000000,-0.002426,-0.096007,-0.303563,-0.899277,0.361503,0.726652,-0.489215,-0.799066,0.017798,0.713142,0.027513,0.729172,0.957981,0.283718,0.859355
224.000000,0.000000,0.000000,1.000000,-0.012495,-0.066554,-0.208643,-0.794672,0.571396,0.629591,-0.311710,-0.803134,0.426888,0.589887,-0.004568,0.827697,0.882805,0.232837,0.704879
225.000000,0.000000,0.000000,1.000000,-0.020977,-0.024234,-0.034838,-0.678744,0.552021,0.097745,-0.468198,-0.704544,0.694208,0.459073,0.058878,0.916765,0.763232,0.486303,0.475815
226.000000,0.000000,0.000000,1.000000,-0.030595,0.001815,-0.006903,-0.565190,0.419573,0.403317,-0.046631,-0.667654,0.740578,-0.067918,0.182464,0.916530,0.589486,0.432601,0.346337
227.000000,0.000000,0.000000,1.000000,-0.032540,0.037322,-0.031016,-0.443444,0.503993,0.143853,-0.048555,-0.576138,0.801171,-0.364597,0.328965,0.909368,0.484623,0.381168,0.502141
228.000000,0.000000,0.000000,1.000000,-0.037865,0.062962,0.094644,-0.405636,0.526255,-0.533137,-0.010774,-0.306123,0.871014,-0.031942,0.014478,0.890685,0.543147,0.535363,0.156335
229.000000,0.000000,0.000000,1.000000,-0.050884,0.084637,0.101606,-0.296728,0.467793,-0.166876,0.040454,-0.543088,0.915319,-0.423401,0.048097,0.943296,0.350495,0.293204,-0.221927
230.000000,0.000000,0.000000,1.000000,-0.064853,0.100420,0.071097,0.016370,0.509968,-0.302233,0.419122,-0.493197,0.940424,-0.372432,-0.106215,0.929995,0.276347,0.242155,-0.401825
231.000000,0.000000,0.000000,1.000000,-0.078211,0.114114,0.030989,0.024069,0.528174,-0.324066,0.508236,-0.522218,0.956278,-0.550183,-0.240236,0.935548,0.041235,0.441438,-0.574181
232.000000,0.000000,0.000000,1.000000,-0.087903,0.124855,0.093843,0.026702,0.470717,-0.466825,0.282818,-0.315372,0.949647,-0.376083,-0.275790,0.944543,0.318513,0.431139,-0.611533
233.000000,0.000000,0.000000,1.000000,-0.096260,0.138566,-0.028300,0.221574,0.531958,-0.391718,0.649438,-0.553290,0.943897,-0.639898,-0.054728,0.900861,-0.170124,0.333064,-0.434665
234.000000,0.000000,0.000000,1.000000,-0.109926,0.147841,-0.037221,0.226485,0.335904,-0.484643,0.508934,-0.577313,0.964691,-0.512745,-0.245232,0.899804,-0.085308,0.430972,-0.494438
235.000000,0.000000,0.000000,1.000000,-0.124909,0.147576,0.033389,-0.144862,0.151575,0.093501,0.174036,-0.454203,0.960505,-0.274750,-0.382796,0.883064,-0.105878,0.317272,-0.065759
236.000000,0.000000,0.000000,1.000000,-0.142368,0.147185,-0.108573,0.213243,0.160811,0.378307,0.633185,-0.529781,0.947857,-0.392876,-0.191828,0.843875,-0.216881,-0.151925,-0.083716
237.000000,0.000000,0.000000,1.000000,-0.152590,0.136394,-0.050878,-0.050671,0.217126,0.247853,0.497211,-0.403811,0.957244,-0.260417,-0.377220,0.868901,0.176207,0.392228,-0.224710
238.000000,0.000000,0.000000,1.000000,-0.156121,0.132897,-0.112049,0.134701,0.322008,0.184049,0.606510,-0.481545,0.914532,-0.335341,-0.234171,0.837747,0.003895,0.323645,0.123144
239.000000,0.000000,0.000000,1.000000,-0.164033,0.119167,-0.163184,-0.124859,0.232833,0.676151,0.585299,-0.521045,0.821814,-0.241848,-0.293755,0.831840,0.255125,0.092674,0.363493
240.000000,0.000000,0.000000,1.000000,-0.163029,0.081556,-0.062927,-0.173528,0.221572,0.549234,0.515231,0.055633,0.544324,0.058630,-0.593719,0.926444,0.325508,0.463721,-0.048953
241.000000,0.000000,0.000000,1.000000,-0.163669,0.063951,-0.109947,-0.248022,0.441773,0.640827,0.488429,-0.502893,0.503468,-0.195073,-0.452341,0.858587,0.495026,0.045605,0.607017
242.000000,0.000000,0.000000,1.000000,-0.155709,0.043132,-0.106109,-0.233932,0.431099,0.625169,0.269081,-0.119522,0.175224,0.092087,-0.524292,0.585898,0.554002,0.276777,0.744776
243.000000,0.000000,0.000000,1.000000,-0.140701,0.029641,-0.053739,-0.367431,0.556792,0.687603,0.408706,-0.175030,0.487888,0.033477,-0.557590,0.562387,0.725751,0.600913,0.841021
244.000000,0.000000,0.000000,1.000000,-0.125675,-0.007112,-0.001936,-0.584989,0.440786,0.776535,0.470022,0.148998,-0.072828,0.060158,-0.549280,0.821768,0.728675,0.442600,0.549120
245.000000,0.000000,0.000000,1.000000,-0.108230,-0.032753,0.037133,-0.725002,0.685408,0.824994,0.349514,-0.168857,-0.092917,0.127374,-0.507999,0.659157,0.880588,0.598595,0.806525
246.000000,0.000000,0.000000,1.000000,-0.098279,-0.036778,-0.104102,-0.398221,0.588623,0.806486,0.368410,-0.176048,-0.211788,-0.024904,-0.249678,-0.024683,0.737849,0.373354,0.940537
247.000000,0.000000,0.000000,1.000000,-0.087178,-0.049557,-0.104714,-0.783033,0.460491,0.858038,0.202025,-0.008975,-0.270762,0.091096,-0.280408,0.161978,0.923835,0.530501,0.964523
248.000000,0.000000,0.000000,1.000000,-0.077090,-0.057971,-0.148121,-0.799260,0.571813,0.894924,0.241549,0.043120,-0.648562,0.051724,-0.219251,-0.053159,0.907551,0.523774,0.964710
249.000000,0.000000,0.000000,1.000000,-0.062686,-0.059440,-0.157963,-0.840329,0.484110,0.761662,0.112265,0.166142,-0.402689,0.141635,0.001815,-0.250488,0.922780,0.696195,0.964764
250.000000,0.000000,0.000000,1.000000,-0.046525,-0.058178,-0.214011,-0.730696,0.583462,0.747980,0.160815,0.212626,-0.460539,0.107676,0.122338,-0.351276,0.840707,0.735938,0.968397
251.000000,0.000000,0.000000,1.000000,-0.035231,-0.063104,-0.209046,-0.745110,0.511772,0.771561,0.238856,0.193621,-0.358564,0.204413,-0.042129,-0.111923,0.830421,0.764181,0.960373
252.000000,0.000000,0.000000,1.000000,-0.024265,-0.065717,-0.128899,-0.827635,0.488359,0.695153,0.221131,0.295483,-0.110460,0.195732,-0.151968,0.009958,0.885790,0.791592,0.937413
253.000000,0.000000,0.000000,1.000000,-0.007344,-0.066239,-0.037702,-0.774628,0.457956,0.571638,0.180327,0.323054,0.045167,0.230352,0.032683,0.249320,0.780677,0.849550,0.922647
254.000000,0.000000,0.000000,1.000000,0.006172,-0.073667,-0.057565,-0.456386,0.469824,0.621812,0.448313,0.218221,-0.018536,-0.013825,-0.152576,0.459629,0.608963,0.732915,0.857985
255.000000,0.000000,0.000000,1.000000,0.026736,-0.079979,0.002609,-0.576965,0.558140,0.548286,0.399663,0.385375,0.185491,0.116798,-0.177414,0.603301,0.538807,0.819328,0.777937
256.000000,0.000000,0.000000,1.000000,0.046174,-0.082601,0.021018,-0.448799,0.597571,0.431142,0.478616,0.250322,0.338363,-0.059392,-0.159757,0.723231,0.393341,0.806462,0.624058
257.000000,0.000000,0.000000,1.000000,0.067204,-0.067635,0.115142,-0.423025,0.675450,0.008888,0.280606,0.139768,0.556082,0.014728,-0.142121,0.696348,0.530798,0.848653,0.762874
258.000000,0.000000,0.000000,1.000000,0.088524,-0.050393,0.082712,-0.140645,0.673578,0.112836,0.347437,0.130716,0.703271,-0.260536,-0.064784,0.761531,0.150625,0.844793,0.660497
259.000000,0.000000,0.000000,1.000000,0.100211,-0.040385,0.134964,0.049335,0.700793,-0.409079,0.406378,0.198834,0.775898,-0.284948,-0.395324,0.891393,0.143923,0.839811,0.183580
260.000000,0.000000,0.000000,1.000000,0.100016,-0.041999,0.124410,0.120202,0.708433,-0.361992,0.658152,0.116364,0.857846,-0.542801,-0.358023,0.954055,-0.037966,0.791502,-0.557987
261.000000,0.000000,0.000000,1.000000,0.095471,-0.040581,0.122263,0.217089,0.765919,-0.126193,0.605912,-0.138838,0.917432,-0.308630,-0.216385,0.930422,0.114269,0.678304,-0.384199
262.000000,0.000000,0.000000,1.000000,0.083682,-0.037511,0.028413,0.382966,0.549683,-0.401628,0.819594,-0.263458,0.857954,-0.601464,-0.107816,0.937325,-0.143564,0.734106,-0.531986
263.000000,0.000000,0.000000,1.000000,0.068876,-0.036118,-0.005775,0.298667,0.617839,-0.402130,0.729851,-0.316544,0.836436,-0.573709,-0.137871,0.934710,0.062164,0.675628,-0.597300
264.000000,0.000000,0.000000,1.000000,0.052045,-0.033128,0.019003,0.215225,0.539054,-0.559635,0.600695,-0.160089,0.886858,-0.377118,-0.271809,0.929269,-0.001863,0.560211,-0.534963
265.000000,0.000000,0.000000,1.000000,0.034598,-0.026171,0.000635,0.386867,0.475959,-0.492882,0.558268,-0.400476,0.896858,-0.492159,-0.171765,0.935817,-0.053486,0.626010,-0.522285
266.000000,0.000000,0.000000,1.000000,0.018181,-0.012451,-0.072396,0.422206,0.461428,-0.425904,0.698413,-0.533040,0.886953,-0.501951,-0.039355,0.917788,-0.019194,0.450001,-0.323590
267.000000,0.000000,0.000000,1.000000,0.008159,0.003800,-0.069571,0.228909,0.409537,-0.263544,0.545249,-0.417828,0.853023,-0.394865,-0.358438,0.898132,-0.064446,0.693365,0.046627
268.000000,0.000000,0.000000,1.000000,-0.003778,0.017651,-0.092994,0.329841,0.351881,-0.327281,0.465691,-0.460465,0.900725,-0.476393,-0.022227,0.931308,-0.066790,0.590441,-0.287899
269.000000,0.000000,0.000000,1.000000,-0.012840,0.031518,-0.101079,0.176613,0.417025,-0.060382,0.484202,-0.547558,0.903836,-0.356242,-0.084979,0.904535,0.200448,0.531903,0.220403
270.000000,0.000000,0.000000,1.000000,-0.013563,0.052541,-0.021573,0.132105,0.431828,-0.201826,0.123912,-0.344415,0.889567,-0.148691,-0.250939,0.823484,0.121174,0.719785,0.521244
271.000000,0.000000,0.000000,1.000000,-0.011757,0.065861,-0.039695,0.004162,0.488969,0.461590,-0.005617,-0.302086,0.670355,-0.186099,-0.333483,0.683731,0.083918,0.565337,0.761906
272.000000,0.000000,0.000000,1.000000,-0.005525,0.069142,-0.006893,-0.069432,0.468867,0.523463,0.221798,-0.005350,0.558849,0.035392,-0.462521,0.609114,0.335187,0.556990,0.753616
273.000000,0.000000,0.000000,1.000000,0.002359,0.077285,-0.013239,-0.236784,0.665983,0.640226,0.183608,-0.204228,0.449739,-0.000199,-0.437393,0.381634,0.490038,0.579561,0.907462
274.000000,0.000000,0.000000,1.000000,0.008408,0.070537,0.052411,-0.546751,0.355076,0.765598,0.003030,0.021706,0.068147,0.014695,-0.528446,0.428144,0.719763,0.511644,0.925335
275.000000,0.000000,0.000000,1.000000,0.020056,0.059140,-0.033333,-0.323970,0.649345,0.742899,0.237127,-0.016407,-0.422431,-0.086646,-0.512319,0.297605,0.717488,0.359913,0.946150
276.000000,0.000000,0.000000,1.000000,0.031113,0.052162,0.027826,-0.748727,0.554895,0.791027,0.009029,-0.062326,-0.081402,0.005394,-0.443769,0.297745,0.919002,0.590147,0.951985
277.000000,0.000000,0.000000,1.000000,0.039460,0.046636,0.003882,-0.632171,0.541095,0.794302,-0.037766,-0.093816,-0.407096,0.073810,-0.251015,-0.131148,0.869423,0.424472,0.966623
278.000000,0.000000,0.000000,1.000000,0.045339,0.037711,-0.023531,-0.676408,0.494514,0.819094,0.186154,-0.029406,-0.370126,0.047966,-0.389630,0.046879,0.838961,0.424953,0.968997
279.000000,0.000000,0.000000,1.000000,0.043586,0.024724,-0.060147,-0.704160,0.340509,0.841342,0.185655,-0.078656,-0.647447,0.209993,-0.343240,-0.314840,0.857101,0.248765,0.945955
280.000000,0.000000,0.000000,1.000000,0.046998,0.013441,-0.024382,-0.827087,0.275491,0.814472,0.019905,-0.034754,-0.420834,0.217695,-0.308782,0.154643,0.886252,0.488068,0.941273
281.000000,0.000000,0.000000,1.000000,0.044005,-0.000765,-0.072466,-0.673482,0.445697,0.829307,0.231466,-0.327527,-0.526817,0.249256,-0.276589,0.084213,0.774537,0.380478,0.886164
282.000000,0.000000,0.000000,1.000000,-0.152142,0.186314,-0.690640,-0.709474,0.353071,0.788292,0.188868,-0.208186,-0.191782,0.248355,-0.349308,0.384919,0.770361,0.470211,0.858594
283.000000,0.000000,0.000000,1.000000,-0.160452,0.127804,-0.131357,-0.998630,-0.985788,0.764097,-0.816894,0.925002,-0.833294,0.999455,-0.992862,0.182257,0.937432,0.963056,0.799374
284.000000,0.000000,0.000000,1.000000,-0.169158,0.089062,0.350779,-0.993628,-0.931292,0.869060,-0.223545,0.628902,0.042094,0.994332,-0.927998,0.088493,0.983787,0.989906,0.901580
285.000000,0.000000,0.000000,1.000000,-0.165227,0.064457,0.650792,-0.883617,-0.249918,0.651435,0.210438,0.389421,0.317507,0.835141,-0.750128,0.280028,0.900989,0.973119,0.811235
286.000000,0.000000,0.000000,1.000000,-0.136802,0.036704,0.870277,-0.705945,0.530421,0.557346,0.151364,0.727482,0.460722,0.701671,-0.774892,0.871742,0.609805,0.976229,0.624044
287.000000,0.000000,0.000000,1.000000,-0.102914,0.025942,0.865998,0.038492,0.935885,-0.410464,0.660347,0.831995,0.731138,0.408075,-0.749254,0.974611,-0.333893,0.981380,-0.026396
288.000000,0.000000,0.000000,1.000000,-0.090520,0.016434,0.781901,0.556411,0.973327,-0.791915,0.582275,0.758391,0.957459,-0.078436,-0.696413,0.989804,-0.657052,0.952113,-0.806712
289.000000,0.000000,0.000000,1.000000,-0.083339,0.012734,0.681938,0.767949,0.980646,-0.874710,0.436026,0.730894,0.977081,-0.482195,-0.473843,0.981703,-0.699235,0.832763,-0.837891
290.000000,0.000000,0.000000,1.000000,-0.091603,0.003494,0.809988,0.714593,0.970929,-0.946457,0.412377,0.594507,0.984297,-0.021705,-0.791905,0.978788,-0.564468,0.717528,-0.924396
291.000000,0.000000,0.000000,1.000000,-0.104775,0.003157,0.842189,0.764887,0.968612,-0.915366,0.669623,0.298760,0.979581,-0.715463,-0.761184,0.964321,-0.519981,0.499692,-0.787543
292.000000,0.000000,0.000000,1.000000,-0.117778,0.006879,0.830266,0.635941,0.930806,-0.862179,0.904197,0.013194,0.978315,-0.790881,-0.510525,0.965376,-0.299340,0.414197,-0.611518
293.000000,0.000000,0.000000,1.000000,-0.128096,0.001310,0.961953,0.574757,0.921075,-0.751588,0.744737,0.330455,0.968332,-0.299905,-0.772761,0.975834,-0.087412,0.766375,-0.573079
294.000000,0.000000,0.000000,1.000000,-0.145746,0.014185,0.866164,0.453659,0.788893,-0.378025,0.885863,-0.099941,0.974828,-0.834691,-0.646855,0.984960,-0.372634,0.603751,-0.509672
295.000000,0.000000,0.000000,1.000000,-0.140015,0.047885,0.792144,0.521658,0.733385,-0.007244,0.878110,-0.123765,0.971861,-0.690880,-0.598736,0.986419,0.178067,0.879064,0.521668
296.000000,0.000000,0.000000,1.000000,-0.116775,0.040355,0.872108,-0.803976,0.306684,0.908933,0.198048,0.365879,0.837195,0.228139,-0.399786,0.943535,0.788174,0.960860,0.826278
297.000000,0.000000,0.000000,1.000000,-0.082331,0.032112,0.669626,-0.928626,-0.018565,0.975780,0.101369,0.327776,-0.543126,0.648307,0.277180,-0.028583,0.895843,0.932206,0.974938
298.000000,0.000000,0.000000,1.000000,-0.068587,0.028480,0.563243,-0.974208,-0.320778,0.953829,-0.429866,-0.041470,-0.961026,0.680414,0.474167,-0.887702,0.980679,0.894297,0.971863
299.000000,0.000000,0.000000,1.000000,-0.063851,0.022304,0.611553,-0.939192,-0.391640,0.927982,-0.392607,-0.106982,-0.969004,0.568367,0.151120,-0.876482,0.984813,0.948304,0.967203
300.000000,0.000000,0.000000,1.000000,-0.066465,0.011617,0.749777,-0.942779,-0.497102,0.910475,-0.224497,-0.189737,-0.971972,0.669875,-0.232486,-0.864363,0.982906,0.945094,0.970523
301.000000,0.000000,0.000000,1.000000,-0.055893,0.002406,0.844306,-0.792687,0.006155,0.893604,-0.208397,-0.226209,-0.950096,0.648138,-0.368802,-0.792917,0.960606,0.920236,0.964874
302.000000,0.000000,0.000000,1.000000,-0.047863,-0.006772,0.945712,-0.769674,-0.106462,0.818207,-0.252025,-0.505533,-0.802904,0.742044,-0.561659,-0.777771,0.959503,0.882019,0.970893
303.000000,0.000000,0.000000,1.000000,-0.024310,-0.016676,0.963957,-0.738998,0.168442,0.888909,-0.026740,-0.308462,-0.829987,0.427035,-0.406789,-0.810288,0.936970,0.887037,0.972409
304.000000,0.000000,0.000000,1.000000,-0.002411,-0.029154,0.947231,-0.576225,0.174034,0.913370,0.116483,-0.345290,-0.914334,0.351701,-0.416664,-0.830671,0.916494,0.800395,0.963510
305.000000,0.000000,0.000000,1.000000,0.028654,-0.040943,0.957712,-0.543247,0.479176,0.913233,-0.209722,-0.101434,-0.845938,0.502103,-0.368030,-0.788783,0.942497,0.895154,0.969349
306.000000,0.000000,0.000000,1.000000,0.057727,-0.053864,0.888210,-0.484410,0.545543,0.914504,0.202902,-0.157755,-0.826178,0.210428,-0.398971,-0.765543,0.906380,0.878651,0.967015
307.000000,0.000000,0.000000,1.000000,0.070008,-0.067505,0.873387,-0.770250,0.038176,0.941758,0.010420,-0.215484,-0.690611,0.198779,-0.399395,-0.869706,0.930845,0.834229,0.970450
308.000000,0.000000,0.000000,1.000000,0.093258,-0.077564,0.800800,-0.635965,0.491336,0.908966,0.209584,0.038827,-0.508355,-0.065181,-0.442397,-0.753477,0.903960,0.937251,0.966775
309.000000,0.000000,0.000000,1.000000,0.108804,-0.090423,0.822698,-0.849509,0.158381,0.936982,0.050903,0.172934,-0.596489,-0.070036,-0.574102,-0.790036,0.931231,0.937099,0.969748
310.000000,0.000000,0.000000,1.000000,0.124728,-0.094174,0.793645,-0.566048,0.493826,0.725686,0.143563,0.011686,-0.296016,0.070687,-0.529370,-0.595628,0.893613,0.863124,0.963326
311.000000,0.000000,0.000000,1.000000,0.137444,-0.088733,0.750170,-0.615765,0.414050,0.656589,0.270230,0.155209,0.195573,-0.211261,-0.649493,-0.372047,0.790648,0.903121,0.945649
312.000000,0.000000,0.000000,1.000000,0.160393,-0.087074,0.708009,-0.583818,0.448338,0.508125,0.155540,0.498220,-0.145762,-0.008710,-0.581211,0.085453,0.571069,0.861956,0.878924
313.000000,0.000000,0.000000,1.000000,0.172386,-0.056868,0.717057,-0.448913,0.648407,-0.224852,0.104524,0.292258,0.799944,-0.286600,-0.636676,0.335251,0.490519,0.796736,0.892175
314.000000,0.000000,0.000000,1.000000,0.166117,-0.044777,0.636986,0.372611,0.851780,-0.781010,0.141943,0.446143,0.936372,0.275259,-0.775431,0.926094,-0.418347,0.846063,-0.023916
315.000000,0.000000,0.000000,1.000000,0.150260,-0.037368,0.508988,0.550424,0.923618,-0.762733,0.239989,0.465884,0.941953,0.446769,-0.641012,0.972513,-0.677786,0.840670,-0.753195
316.000000,0.000000,0.000000,1.000000,0.124399,-0.021045,0.475430,0.398919,0.918043,-0.849475,0.161822,-0.121832,0.939135,0.587516,-0.824544,0.936403,-0.586841,0.706736,-0.393434
317.000000,0.000000,0.000000,1.000000,0.094198,-0.011500,0.583878,0.361272,0.927499,-0.913694,-0.055409,-0.047551,0.956634,0.732102,-0.872751,0.943535,-0.548413,0.708434,-0.759073
318.000000,0.000000,0.000000,1.000000,0.065751,-0.006549,0.606655,0.468872,0.872691,-0.806039,0.553551,-0.148668,0.966770,-0.116233,-0.808295,0.968222,-0.649257,0.398433,-0.894386
319.000000,0.000000,0.000000,1.000000,0.049268,-0.005535,0.686996,0.574546,0.919814,-0.844097,0.617158,-0.047946,0.953816,-0.388441,-0.735564,0.941269,-0.469546,0.695872,-0.578928
320.000000,0.000000,0.000000,1.000000,0.030024,-0.005075,0.805111,0.322612,0.918135,-0.896978,0.475485,-0.086984,0.964411,-0.375298,-0.724883,0.953921,-0.375132,0.565484,-0.757766
321.000000,0.000000,0.000000,1.000000,0.018342,-0.001917,0.768365,0.580787,0.922819,-0.790793,0.852340,-0.080955,0.940515,-0.834526,-0.408386,0.950070,-0.492348,0.535391,-0.672382
322.000000,0.000000,0.000000,1.000000,-0.002099,0.002624,0.726389,0.493748,0.857009,-0.883636,0.915468,-0.393477,0.953059,-0.817754,-0.422085,0.956325,-0.456246,0.508147,-0.699809
323.000000,0.000000,0.000000,1.000000,-0.027108,0.004313,0.763820,0.367917,0.821618,-0.926969,0.677548,-0.294118,0.959811,-0.635989,-0.707091,0.973023,-0.501838,0.569031,-0.851052
324.000000,0.000000,0.000000,1.000000,-0.031269,0.003725,0.855692,0.732791,0.892199,-0.813855,0.542882,0.273558,0.924289,-0.664789,-0.506145,0.963431,0.156061,0.837626,-0.670988
325.000000,0.000000,0.000000,1.000000,-0.053532,0.007264,0.815798,0.479561,0.776357,-0.689762,0.843511,-0.346783,0.947873,-0.687970,-0.542232,0.978868,-0.210868,0.749918,-0.317881
326.000000,0.000000,0.000000,1.000000,-0.062133,0.013176,0.786812,0.539995,0.690321,-0.580282,0.872469,0.080946,0.891700,-0.728495,-0.437478,0.978856,0.079843,0.865066,-0.019607
327.000000,0.000000,0.000000,1.000000,-0.065364,0.036631,0.727565,0.269103,0.531973,0.022288,0.734806,-0.190277,0.879205,-0.756084,-0.500859,0.976163,0.223254,0.856444,0.342696
328.000000,0.000000,0.000000,1.000000,-0.058332,0.033424,0.773497,-0.442267,0.257223,0.788500,0.412613,0.132105,0.719965,-0.088224,-0.418464,0.951588,0.604925,0.926703,0.543141
329.000000,0.000000,0.000000,1.000000,-0.039794,0.025070,0.692701,-0.854254,-0.057742,0.899746,-0.371951,-0.002036,-0.443912,0.628516,0.145393,0.111701,0.890406,0.898051,0.920281
330.000000,0.000000,0.000000,1.000000,-0.034703,0.022663,0.645003,-0.933616,-0.199952,0.901665,-0.418984,-0.141440,-0.874087,0.680697,0.125618,-0.836407,0.966910,0.903355,0.961266
331.000000,0.000000,0.000000,1.000000,-0.021777,0.018660,0.586993,-0.745788,0.217490,0.855864,-0.024127,0.004593,-0.960484,0.346762,-0.061098,-0.745777,0.922942,0.896934,0.941513
332.000000,0.000000,0.000000,1.000000,-0.020724,0.008721,0.694250,-0.892859,-0.145364,0.901611,-0.241189,-0.110409,-0.945582,0.686102,-0.514800,-0.851927,0.965271,0.913000,0.969435
333.000000,0.000000,0.000000,1.000000,-0.006312,-0.000321,0.749284,-0.806659,0.165812,0.870538,-0.135087,0.051448,-0.962856,0.541214,-0.519483,-0.839741,0.935354,0.872985,0.959055
334.000000,0.000000,0.000000,1.000000,0.007755,-0.010336,0.800747,-0.777523,0.219212,0.892711,-0.205375,-0.178688,-0.942021,0.664341,-0.696330,-0.814107,0.939241,0.847550,0.972543
335.000000,0.000000,0.000000,1.000000,0.025621,-0.021138,0.815451,-0.744613,0.190646,0.888543,-0.112811,-0.181838,-0.942040,0.610037,-0.634894,-0.814612,0.919429,0.811432,0.971019
336.000000,0.000000,0.000000,1.000000,0.050460,-0.031815,0.777647,-0.621815,0.347980,0.829471,-0.000156,-0.064115,-0.935605,0.428406,-0.585629,-0.770249,0.863084,0.785496,0.961389
337.000000,0.000000,0.000000,1.000000,0.075122,-0.044345,0.758131,-0.685214,0.403263,0.876178,-0.011372,-0.094976,-0.908628,0.456512,-0.597375,-0.789365,0.893863,0.824975,0.969022
338.000000,0.000000,0.000000,1.000000,0.097468,-0.058093,0.716523,-0.649840,0.463354,0.877564,0.096717,-0.308612,-0.730375,0.428438,-0.657537,-0.691340,0.858263,0.800135,0.968266
339.000000,0.000000,0.000000,1.000000,0.112613,-0.069666,0.710979,-0.826702,0.258622,0.882945,-0.161038,-0.073679,-0.616638,0.320747,-0.653491,-0.757484,0.936072,0.856520,0.971861
340.000000,0.000000,0.000000,1.000000,0.114701,-0.064312,0.713240,-0.786873,0.379828,0.756159,0.123722,-0.250036,0.177941,0.322306,-0.685644,-0.662276,0.924002,0.852931,0.968781
341.000000,0.000000,0.000000,1.000000,0.125696,-0.061849,0.681871,-0.720439,0.437193,0.712403,0.019391,-0.023234,-0.138127,0.248990,-0.604533,-0.564161,0.778264,0.754037,0.949918
342.000000,0.000000,0.000000,1.000000,0.147310,-0.070307,0.573922,-0.657578,0.505503,0.743833,0.255630,0.152585,-0.578837,0.078369,-0.630772,-0.379200,0.666009,0.873037,0.923927
343.000000,0.000000,0.000000,1.000000,0.150857,-0.052890,0.635840,-0.764507,0.403310,0.279697,0.007534,-0.084416,0.422373,0.162331,-0.682701,-0.241993,0.838400,0.862658,0.920937
344.000000,0.000000,0.000000,1.000000,0.152901,-0.026585,0.496732,-0.411350,0.592391,0.081805,0.319914,-0.169304,0.683375,-0.201382,-0.654173,0.407169,0.330987,0.770692,0.743038
345.000000,0.000000,0.000000,1.000000,0.138163,-0.017854,0.480508,-0.381260,0.518560,-0.222996,0.249890,0.191609,0.743083,0.000647,-0.619028,0.889649,0.097215,0.863477,0.038417
346.000000,0.000000,0.000000,1.000000,0.115167,-0.012778,0.422612,0.106312,0.736160,-0.766868,0.288493,0.101060,0.892618,0.223651,-0.584858,0.939620,-0.207275,0.876175,-0.432440
347.000000,0.000000,0.000000,1.000000,0.094351,-0.005983,0.379672,0.118518,0.806239,-0.766287,0.208905,0.029946,0.892032,0.289636,-0.696912,0.939489,-0.274703,0.875174,-0.274106
348.000000,0.000000,0.000000,1.000000,0.067705,0.004444,0.339630,0.170517,0.811773,-0.838528,0.398604,-0.177185,0.919239,0.366269,-0.741860,0.935902,-0.240798,0.834958,-0.414203
349.000000,0.000000,0.000000,1.000000,0.041699,0.012989,0.345277,0.127662,0.737344,-0.880768,0.306448,0.073439,0.935573,0.183470,-0.758716,0.969624,-0.355890,0.824349,-0.821127
350.000000,0.000000,0.000000,1.000000,0.009146,0.019588,0.440558,0.283052,0.691318,-0.869410,0.285890,-0.402506,0.965386,0.209173,-0.831572,0.962069,-0.348184,0.554352,-0.858269
351.000000,-0.500000,0.000000,0.000000,-0.016252,0.028091,0.410756,0.330692,0.605558,-0.886057,0.722423,-0.375494,0.953400,-0.686783,-0.738473,0.952351,-0.585948,0.432182,-0.624289
352.000000,-0.500000,0.000000,0.000000,-0.027695,0.027697,0.520431,0.181127,0.597041,-0.872772,0.617062,0.062129,0.939016,-0.552570,-0.680364,0.960494,-0.220972,0.717496,-0.715324
353.000000,-0.500000,0.000000,0.000000,-0.051417,0.036411,0.650371,0.883884,0.977785,-0.441103,-0.444774,-0.437801,0.957354,-0.911718,-0.987664,0.986962,-0.634846,0.937106,-0.913629
354.000000,-0.500000,0.000000,0.000000,-0.080331,0.046361,0.678581,0.915723,0.965668,-0.372826,0.386018,-0.716098,0.919644,-0.978479,-0.945617,0.988045,-0.466304,0.920596,-0.687157
355.000000,-0.500000,0.000000,0.000000,-0.114306,0.058351,0.717086,0.475225,0.833896,-0.253171,0.409838,-0.809641,0.931983,-0.928539,-0.951088,0.990853,-0.250191,0.900278,-0.474853
356.000000,-0.500000,0.000000,0.000000,-0.136700,0.068583,0.714177,0.455730,0.769247,0.288896,0.386931,-0.486535,0.875155,-0.937306,-0.839190,0.986303,-0.340426,0.787209,0.524007
357.000000,-0.500000,0.000000,0.000000,-0.129079,0.061631,0.419102,0.236933,0.170854,0.927605,0.118982,0.003069,0.032613,-0.797665,-0.660845,0.974366,-0.111553,0.220681,0.983775
358.000000,-0.500000,0.000000,0.000000,-0.114613,0.046394,0.455839,-0.970250,-0.794696,0.984799,-0.948849,0.235176,-0.943764,0.939285,0.608465,-0.774658,0.945484,-0.054984,0.996675
359.000000,-0.500000,0.000000,0.000000,-0.123774,0.035162,0.436184,-0.976053,-0.810514,0.970191,-0.858962,-0.379287,-0.696249,0.800968,0.945353,-0.863729,0.948188,-0.460793,0.988897
360.000000,-0.500000,0.000000,0.000000,-0.143771,0.015250,0.424336,-0.982003,-0.875548,0.964971,-0.759384,-0.246014,-0.808055,0.779569,0.961831,-0.846969,0.878994,-0.745499,0.984057
361.000000,-0.500000,0.000000,0.000000,-0.155877,-0.006941,0.484007,-0.958189,-0.634539,0.936865,-0.794072,-0.273575,-0.450351,0.622969,0.933879,-0.732246,0.904769,-0.300182,0.985220
362.000000,-0.500000,0.000000,0.000000,-0.167208,-0.022451,0.633364,-0.972384,-0.723094,0.904332,-0.772843,-0.268369,-0.104798,0.490835,0.947805,-0.802417,0.945277,0.161923,0.987986
363.000000,-0.500000,0.000000,0.000000,-0.176063,-0.041320,0.608611,-0.933732,-0.461332,0.867586,-0.712943,-0.269445,-0.498392,0.106387,0.971612,-0.794875,0.844257,-0.620552,0.988395
364.000000,-0.500000,0.000000,0.000000,-0.179273,-0.069879,0.568579,-0.886872,-0.521379,0.955569,-0.116912,0.201892,-0.861893,0.347476,0.953852,-0.619406,0.732631,-0.807930,0.980223
365.000000,-0.500000,0.000000,0.000000,-0.188002,-0.099540,0.652936,-0.969494,-0.814212,0.954350,-0.382472,0.097451,-0.878162,0.424493,0.933841,-0.905780,0.936198,-0.593928,0.983339
366.000000,-0.500000,0.000000,0.000000,-0.187177,-0.125241,0.598369,-0.893519,-0.478454,0.944805,-0.009110,0.255364,-0.928609,-0.029394,0.971218,-0.767571,0.806784,-0.839950,0.981251
367.000000,-0.500000,0.000000,0.000000,-0.185136,-0.150516,0.591074,-0.876910,-0.557150,0.929370,-0.205624,0.275788,-0.803279,0.093342,0.960175,-0.478037,0.826911,-0.794302,0.978933
368.000000,-0.500000,0.000000,0.000000,-0.192658,-0.174278,0.665947,-0.967946,-0.888194,0.928578,-0.497473,0.352179,-0.943767,0.078497,0.974922,-0.811321,0.952729,-0.890198,0.984993
369.000000,-0.500000,0.000000,0.000000,-0.197602,-0.195288,0.657208,-0.848080,-0.826181,0.827982,-0.081644,0.097558,-0.771021,0.006851,0.972672,-0.126051,0.889262,-0.905440,0.971250
370.000000,-0.500000,0.000000,0.000000,-0.191031,-0.215109,0.556201,-0.684715,-0.641628,0.861363,0.289544,0.581857,-0.931786,-0.556753,0.966227,-0.599555,0.753461,-0.841336,0.980236
371.000000,-0.500000,0.000000,0.000000,-0.183081,-0.228533,0.477935,-0.518326,-0.577908,0.697967,0.146394,0.317168,-0.780275,-0.521586,0.942881,0.029928,0.675110,-0.837492,0.965374
372.000000,-0.500000,0.000000,0.000000,-0.182906,-0.244254,0.396692,-0.281007,-0.803474,0.792250,0.264906,0.298025,-0.707087,-0.486054,0.764161,0.659240,0.587633,-0.809030,0.930982
373.000000,-0.500000,0.000000,0.000000,-0.194610,-0.245534,0.516294,-0.521831,-0.782923,0.659753,0.252501,0.087545,-0.070783,-0.107133,-0.318346,0.840735,0.521645,-0.175455,0.748082
374.000000,-0.500000,0.000000,0.000000,-0.197121,-0.206647,0.420527,0.623430,-0.222122,-0.525473,0.250868,-0.295200,0.882712,-0.497047,-0.789210,0.977113,-0.457385,0.162870,-0.073695
375.000000,-0.500000,0.000000,0.000000,-0.196614,-0.182012,0.358272,0.759725,0.847113,-0.975825,0.306742,-0.516097,0.960946,-0.037137,-0.970221,0.994966,-0.908166,0.876944,-0.956929
376.000000,-0.500000,0.000000,0.000000,-0.209890,-0.152074,0.267869,0.600514,0.840535,-0.983559,0.587953,-0.923889,0.966213,-0.262064,-0.978845,0.962898,-0.944774,0.942209,-0.197036
377.000000,-0.500000,0.000000,0.000000,-0.247786,-0.146290,0.318563,0.451409,0.808354,-0.993947,0.754962,-0.942558,0.969257,0.291287,-0.985203,0.907447,-0.953610,0.958454,-0.504717
378.000000,-0.500000,0.000000,0.000000,-0.285222,-0.137834,0.324545,0.576941,0.885988,-0.988392,0.450703,-0.949343,0.983781,-0.647201,-0.983391,0.977957,-0.940630,0.904184,-0.889903
379.000000,-0.500000,0.000000,0.000000,-0.323458,-0.139380,0.367314,0.585996,0.945566,-0.980598,0.531220,-0.907629,0.968140,-0.734950,-0.980886,0.991354,-0.882440,0.948036,-0.951215
380.000000,-0.500000,0.000000,0.000000,-0.359029,-0.139618,0.431199,0.553984,0.961040,-0.988244,0.390334,-0.915831,0.975063,-0.846870,-0.976720,0.983146,-0.784966,0.955248,-0.755705
381.000000,-0.500000,0.000000,0.000000,-0.389865,-0.143203,0.399229,0.562808,0.973093,-0.975402,0.767732,-0.867985,0.960696,-0.939121,-0.959781,0.989760,-0.795662,0.959808,-0.859241
382.000000,-0.500000,0.000000,0.000000,-0.415847,-0.146748,0.374544,0.441392,0.975795,-0.982283,0.663479,-0.830810,0.967788,-0.950688,-0.946912,0.987650,-0.741585,0.961568,-0.737124
383.000000,-0.500000,0.000000,0.000000,-0.434076,-0.150097,0.373784,0.308321,0.972054,-0.961881,0.582186,-0.830995,0.953621,-0.889795,-0.894712,0.984790,-0.499720,0.965048,0.029274
384.000000,-0.500000,0.000000,0.000000,-0.454584,-0.161391,0.389727,-0.021383,0.942765,-0.956812,0.461224,-0.730159,0.952321,-0.870873,-0.945520,0.989673,-0.528550,0.965664,-0.318245
385.000000,-0.500000,0.000000,0.000000,-0.451862,-0.155633,0.364823,0.205018,0.927711,-0.865770,0.541486,-0.633907,0.940316,-0.691225,-0.908855,0.987877,-0.410219,0.964418,0.849392
386.000000,-0.500000,0.000000,0.000000,-0.422553,-0.123908,0.385771,-0.373515,0.781413,-0.478004,0.095482,-0.457361,0.934764,-0.206569,-0.606465,0.963420,-0.216999,0.892293,0.996090
387.000000,-0.500000,0.000000,0.000000,-0.379516,-0.082722,0.618215,-0.015959,0.491815,-0.193133,-0.846252,-0.250797,0.935696,0.001027,-0.316102,0.906576,0.307891,0.889755,0.990666
388.000000,-0.500000,0.000000,0.000000,-0.311819,-0.029241,0.607665,-0.013444,0.540561,0.664160,-0.828522,-0.104291,0.682782,-0.321402,0.688502,0.023829,0.429643,0.521271,0.997767
389.000000,-0.500000,0.000000,0.000000,-0.260491,-0.004912,0.710333,-0.733607,-0.277910,0.865751,-0.914382,0.026341,0.222173,0.190323,0.948734,-0.892887,0.777908,0.327839,0.996501
390.000000,-0.500000,0.000000,0.000000,-0.229334,0.008409,0.753608,-0.856653,-0.066240,0.939709,-0.845360,0.040261,-0.733350,0.614036,0.974961,-0.845450,0.739499,-0.410785,0.988806
391.000000,-0.500000,0.000000,0.000000,-0.217859,0.009413,0.706248,-0.861954,-0.172029,0.913875,-0.528495,-0.083539,-0.919473,0.449405,0.937026,-0.879501,0.716979,-0.423855,0.979901
392.000000,-0.500000,0.000000,0.000000,-0.225306,-0.001169,0.705745,-0.946404,-0.533549,0.915185,-0.573062,-0.155608,-0.792356,0.453532,0.908089,-0.888721,0.801130,-0.353876,0.986520
393.000000,-0.500000,0.000000,0.000000,-0.229437,-0.008719,0.496812,-0.798151,-0.052497,0.868851,-0.189914,-0.151671,-0.825333,-0.091983,0.947722,-0.857129,0.259068,-0.785413,0.985838
394.000000,-0.500000,0.000000,0.000000,-0.227836,-0.016686,0.520817,-0.829519,-0.224536,0.785873,-0.339951,0.019979,-0.529112,0.033743,0.947765,-0.819207,0.654206,-0.505400,0.987346
395.000000,-0.500000,0.000000,0.000000,-0.222486,-0.010405,0.548272,-0.672263,-0.008879,0.672920,-0.437937,-0.052385,0.200913,0.064591,0.956936,-0.201089,0.498579,-0.842206,0.979831
396.000000,-0.500000,0.000000,0.000000,-0.226657,-0.026674,0.645684,-0.918371,-0.674790,0.860948,-0.723550,0.143320,-0.818825,-0.014406,0.974555,-0.809892,0.849898,-0.953254,0.987255
397.000000,-0.500000,0.000000,0.000000,-0.228497,-0.047458,0.656748,-0.950929,-0.602686,0.938522,0.006550,0.241968,-0.925419,-0.157392,0.977632,-0.832245,0.888058,-0.835688,0.983008
398.000000,-0.500000,0.000000,0.000000,-0.219870,-0.065767,0.489441,-0.480328,-0.132744,0.822105,0.329032,0.273880,-0.840077,-0.229314,0.959258,-0.252075,0.340639,-0.966650,0.958346
399.000000,-0.500000,0.000000,0.000000,-0.215127,-0.076152,0.393395,-0.474892,-0.428065,0.754356,-0.076580,0.321355,-0.641606,-0.648744,0.960825,-0.531000,0.706743,-0.869853,0.970935
400.000000,-0.500000,0.000000,0.000000,-0.212363,-0.091941,0.513433,-0.624259,-0.603712,0.730650,-0.543249,0.323514,-0.813757,0.106883,0.943958,0.139905,0.840314,-0.818958,0.960420
401.000000,-0.500000,0.000000,0.000000,-0.213832,-0.104764,0.443634,-0.541823,-0.647000,0.763330,0.077588,0.374400,-0.783796,-0.445008,0.909854,-0.036167,0.740840,-0.915087,0.949520
402.000000,-0.500000,0.000000,0.000000,-0.210576,-0.118595,0.270864,-0.070161,-0.514734,0.741772,0.114729,0.395941,-0.886285,-0.428152,0.801662,0.451169,0.440845,-0.905702,0.941811
403.000000,-0.500000,0.000000,0.000000,-0.224629,-0.122453,0.188190,0.338613,-0.651888,0.678938,0.122101,0.198718,0.255475,0.135169,-0.043037,0.826242,0.233035,-0.678432,0.681571
404.000000,-0.500000,0.000000,0.000000,-0.222741,-0.101197,0.267025,0.589710,0.213174,-0.883070,-0.719747,-0.436545,0.954629,-0.315477,-0.914682,0.979058,-0.279937,0.320013,-0.573458
405.000000,-0.500000,0.000000,0.000000,-0.222107,-0.092170,0.191024,0.885377,0.842808,-0.982413,0.490987,-0.672379,0.935234,0.106728,-0.962039,0.988431,-0.946610,0.884926,-0.902168
406.000000,-0.500000,0.000000,0.000000,-0.244141,-0.082261,0.272451,0.714510,0.827334,-0.994632,0.228656,-0.895311,0.940089,0.001073,-0.967746,0.970631,-0.927247,0.925081,-0.716353
407.000000,-0.500000,0.000000,0.000000,-0.277126,-0.079111,0.238135,0.666956,0.844740,-0.975104,0.869797,-0.938465,0.956073,-0.729835,-0.942803,0.981051,-0.960405,0.938703,-0.660981
408.000000,-0.500000,0.000000,0.000000,-0.312943,-0.079320,0.239773,0.353565,0.899402,-0.972634,0.830397,-0.954182,0.943358,-0.901526,-0.885346,0.983628,-0.878649,0.923477,-0.639893
409.000000,-0.500000,0.000000,0.000000,-0.346254,-0.079584,0.238777,0.451414,0.923872,-0.975977,0.784758,-0.917194,0.961455,-0.946663,-0.822464,0.988567,-0.782282,0.944017,-0.766333
410.000000,-0.500000,0.000000,0.000000,-0.375908,-0.080302,0.214647,0.325337,0.948911,-0.983900,0.792493,-0.882333,0.941046,-0.958331,-0.861161,0.992927,-0.812321,0.955498,-0.871921
411.000000,-0.500000,0.000000,0.000000,-0.399141,-0.080212,0.204371,0.201559,0.934255,-0.978288,0.751369,-0.853271,0.956870,-0.915740,-0.841465,0.990182,-0.612604,0.971296,-0.711687
412.000000,-0.500000,0.000000,0.000000,-0.419173,-0.082144,0.186722,0.174889,0.945843,-0.983957,0.671784,-0.837262,0.937919,-0.915149,-0.891640,0.991698,-0.690544,0.967194,-0.721117
413.000000,-0.500000,0.000000,0.000000,-0.432433,-0.087899,0.160703,0.295677,0.946170,-0.976044,0.747567,-0.729931,0.931801,-0.901879,-0.901975,0.992943,-0.711793,0.971948,-0.531247
414.000000,-0.500000,0.000000,0.000000,-0.442668,-0.096828,0.198579,0.168095,0.931567,-0.967864,0.521206,-0.680554,0.912162,-0.891396,-0.917248,0.993086,-0.541491,0.970836,-0.450474
415.000000,-0.500000,0.000000,0.000000,-0.443934,-0.108018,0.247803,0.276010,0.911793,-0.922880,0.492697,-0.595921,0.897017,-0.845611,-0.808800,0.989186,-0.512667,0.969879,0.623162
416.000000,-0.500000,0.000000,0.000000,-0.431533,-0.106536,0.222541,-0.241876,0.804780,-0.742829,0.666060,-0.565523,0.916408,-0.578992,-0.573231,0.986685,-0.524079,0.918619,0.988439
417.000000,-0.500000,0.000000,0.000000,-0.384839,-0.072682,0.433850,-0.432429,0.638075,-0.209429,-0.380667,-0.256323,0.901022,0.249115,-0.091732,0.939380,0.053575,0.797134,0.992862
418.000000,-0.500000,0.000000,0.000000,-0.322951,-0.022647,0.617685,-0.510406,0.255882,0.458098,-0.885965,-0.154047,0.656578,0.326976,0.656464,0.068561,0.525312,0.411834,0.995427
419.000000,-0.500000,0.000000,0.000000,-0.273977,-0.001163,0.597701,-0.867396,-0.151317,0.919239,-0.888037,-0.107235,-0.648409,0.670225,0.962935,-0.935762,0.661491,-0.423053,0.994261
420.000000,-0.500000,0.000000,0.000000,-0.246195,0.010968,0.411238,-0.852113,0.066447,0.926691,-0.398594,-0.185945,-0.944699,0.512799,0.946404,-0.956461,0.431626,-0.716801,0.974933
421.000000,-0.500000,0.000000,0.000000,-0.248515,0.004893,0.362198,-0.936943,-0.436806,0.907562,-0.542027,-0.340407,-0.904277,0.594387,0.881411,-0.958735,0.744603,-0.562985,0.979628
422.000000,-0.500000,0.000000,0.000000,-0.253928,-0.006843,0.320556,-0.891122,-0.278501,0.835801,-0.485361,-0.426216,-0.631441,0.369670,0.853292,-0.883302,0.729387,-0.391295,0.984258
423.000000,-0.500000,0.000000,0.000000,-0.260235,-0.021799,0.432158,-0.962108,-0.579932,0.884109,-0.625437,-0.306644,-0.692843,0.336876,0.884892,-0.910559,0.829409,-0.126079,0.986809
424.000000,-0.500000,0.000000,0.000000,-0.262244,-0.033163,0.453570,-0.939895,-0.386044,0.888109,-0.295861,-0.115527,-0.857668,0.262567,0.922898,-0.910911,0.718493,-0.685474,0.980543
425.000000,-0.500000,0.000000,0.000000,-0.259594,-0.046043,0.447168,-0.860601,-0.203208,0.819507,-0.265795,0.054516,-0.701555,0.327148,0.924629,-0.826289,0.708437,-0.777143,0.979465
426.000000,-0.500000,0.000000,0.000000,-0.250144,-0.055677,0.412799,-0.881705,-0.079179,0.824317,-0.322184,0.132237,-0.902384,-0.063614,0.954465,-0.811798,0.713043,-0.912816,0.984158
427.000000,-0.500000,0.000000,0.000000,-0.244629,-0.069598,0.424166,-0.849412,-0.200871,0.769104,-0.498418,0.067809,-0.864166,0.046197,0.960623,-0.618036,0.864685,-0.901204,0.987314
428.000000,-0.500000,0.000000,0.000000,-0.238041,-0.083143,0.397434,-0.868916,-0.169608,0.852624,-0.106556,0.156652,-0.924065,-0.170019,0.963444,-0.751471,0.810361,-0.903374,0.982657
429.000000,-0.500000,0.000000,0.000000,-0.234640,-0.096838,0.421644,-0.862066,-0.352292,0.865678,-0.435116,0.131302,-0.904327,-0.193757,0.954950,-0.424665,0.874770,-0.898053,0.984318
430.000000,-0.500000,0.000000,0.000000,-0.232779,-0.111483,0.456716,-0.785903,-0.404973,0.809450,-0.308108,0.275799,-0.940749,0.124228,0.961698,-0.269797,0.888804,-0.955355,0.979260
431.000000,-0.500000,0.000000,0.000000,-0.219271,-0.119150,0.246113,-0.186377,-0.234474,0.679887,0.200109,0.223823,-0.694709,-0.607172,0.934813,0.145978,0.654826,-0.931643,0.969806
432.000000,-0.500000,0.000000,0.000000,-0.213113,-0.127756,0.276957,-0.493374,-0.410608,0.643936,-0.238142,0.345471,-0.796794,-0.122844,0.600483,0.308218,0.749643,-0.839989,0.927111
433.000000,-0.500000,0.000000,0.000000,-0.216209,-0.141348,0.285115,-0.324730,-0.440756,0.845428,-0.105083,0.210994,-0.731298,0.220747,0.075622,0.700888,0.622518,-0.711881,0.820068
434.000000,-0.500000,0.000000,0.000000,-0.197977,-0.140908,-0.026310,0.533101,0.332993,0.421897,0.275808,-0.012677,0.013037,-0.449956,-0.706890,0.956864,-0.368928,-0.165027,0.438040
435.000000,-0.500000,0.000000,0.000000,-0.183040,-0.135879,0.104399,0.751518,0.750300,-0.985417,-0.302080,-0.441924,0.962483,0.218301,-0.972437,0.981953,-0.569986,0.914917,-0.745163
436.000000,-0.500000,0.000000,0.000000,-0.181896,-0.115670,0.032500,0.706053,0.888190,-0.980192,0.546523,-0.912684,0.918820,-0.203974,-0.943513,0.962162,-0.918499,0.918446,0.110167
437.000000,-0.500000,0.000000,0.000000,-0.207382,-0.109895,0.144128,0.220665,0.850210,-0.994621,0.718245,-0.924625,0.927896,0.509742,-0.978490,0.943554,-0.905271,0.960604,-0.710707
438.000000,-0.500000,0.000000,0.000000,-0.244520,-0.108117,0.167833,0.422483,0.894602,-0.986814,0.688532,-0.965818,0.955444,-0.376368,-0.977466,0.964050,-0.939597,0.940083,-0.628588
439.000000,-0.500000,0.000000,0.000000,-0.282930,-0.110489,0.168849,0.402652,0.906610,-0.984181,0.787698,-0.953491,0.954828,-0.777371,-0.948006,0.975341,-0.922240,0.949302,-0.709355
440.000000,-0.500000,0.000000,0.000000,-0.318665,-0.111721,0.202780,0.579221,0.935010,-0.986252,0.551923,-0.932925,0.961015,-0.955681,-0.929769,0.986851,-0.781399,0.966203,-0.790217
441.000000,-0.500000,0.000000,0.000000,-0.349110,-0.115359,0.174482,0.431188,0.925329,-0.985718,0.829027,-0.901994,0.927511,-0.918915,-0.886945,0.987088,-0.857604,0.973561,-0.709976
442.000000,-0.500000,0.000000,0.000000,-0.375411,-0.117408,0.196216,0.069538,0.950669,-0.987272,0.656769,-0.930972,0.958020,-0.841645,-0.899070,0.981458,-0.596207,0.967768,-0.318321
443.000000,-0.500000,0.000000,0.000000,-0.395907,-0.124077,0.202072,0.136834,0.935331,-0.971701,0.641772,-0.781371,0.939800,-0.862242,-0.840934,0.990066,-0.512342,0.979324,-0.551404
444.000000,-0.500000,0.000000,0.000000,-0.410487,-0.133246,0.194888,0.207462,0.922400,-0.978305,0.682407,-0.737442,0.930552,-0.830352,-0.855540,0.990103,-0.546957,0.970287,0.043044
445.000000,-0.500000,0.000000,0.000000,-0.414735,-0.137447,0.145440,-0.049439,0.889551,-0.892496,0.761672,-0.739944,0.948276,-0.778675,-0.731014,0.972746,-0.634023,0.925106,0.917554
446.000000,-0.500000,0.000000,0.000000,-0.396079,-0.114327,0.286672,-0.448549,0.677849,-0.820957,0.126235,-0.639413,0.943266,-0.313475,-0.698831,0.978340,0.032780,0.920229,0.966306
447.000000,-0.500000,0.000000,0.000000,-0.351995,-0.072917,0.507846,-0.486370,0.358975,-0.412923,-0.520928,-0.388568,0.894371,0.449426,0.246684,0.629833,0.293832,0.779417,0.996700
448.000000,-0.500000,0.000000,0.000000,-0.295162,-0.014453,0.592082,-0.105046,0.408109,0.359618,-0.871657,-0.137784,0.727825,0.057480,0.759282,-0.166783,0.405675,0.313753,0.993433
449.000000,-0.500000,0.000000,0.000000,-0.252095,0.011793,0.564887,-0.666647,0.098089,0.846657,-0.886588,-0.122018,-0.314443,0.126761,0.918356,-0.904131,0.562024,-0.440649,0.993026
450.000000,-0.500000,0.000000,0.000000,-0.227793,0.021893,0.523518,-0.905014,0.027806,0.889608,-0.610191,-0.138260,-0.756605,0.548449,0.908355,-0.934580,0.657780,-0.633128,0.987141
451.000000,-0.500000,0.000000,0.000000,-0.225877,0.021897,0.401606,-0.856570,-0.118055,0.839151,-0.388087,-0.292261,-0.912269,0.558613,0.854574,-0.924913,0.444396,-0.735724,0.968010
452.000000,-0.500000,0.000000,0.000000,-0.234621,0.013680,0.290463,-0.896327,-0.242399,0.870784,-0.270548,-0.331851,-0.827274,0.048688,0.714593,-0.926999,0.567862,-0.706250,0.975250
453.000000,-0.500000,0.000000,0.000000,-0.246497,0.001234,0.239084,-0.927807,-0.337726,0.875522,-0.262484,-0.269519,-0.728555,0.264556,0.881396,-0.887260,0.517190,-0.679461,0.981469
454.000000,-0.500000,0.000000,0.000000,-0.248839,-0.006012,0.403548,-0.939882,-0.473633,0.791283,-0.653100,-0.365246,-0.456337,0.166408,0.866044,-0.878058,0.883964,-0.193678,0.987551
455.000000,-0.500000,0.000000,0.000000,-0.247252,-0.016006,0.328526,-0.880242,-0.143629,0.886672,-0.088873,-0.178346,-0.847663,-0.029626,0.924462,-0.862306,0.575885,-0.940662,0.978381
456.000000,-0.500000,0.000000,0.000000,-0.240276,-0.029614,0.319481,-0.799509,-0.006496,0.821207,-0.390674,0.060346,-0.823979,0.163150,0.939555,-0.734750,0.770256,-0.842798,0.983072
457.000000,-0.500000,0.000000,0.000000,-0.233869,-0.038440,0.298035,-0.819726,-0.115251,0.736538,-0.367681,-0.058100,-0.849908,-0.254520,0.940392,-0.645502,0.875534,-0.818763,0.986103
458.000000,-0.500000,0.000000,0.000000,-0.230675,-0.048699,0.280353,-0.826393,-0.077878,0.842390,-0.147154,0.158387,-0.937487,-0.000302,0.954330,-0.713514,0.758590,-0.958142,0.979198
459.000000,-0.500000,0.000000,0.000000,-0.225656,-0.058612,0.289208,-0.802584,-0.048678,0.777215,-0.412221,0.181009,-0.838236,0.107101,0.946421,-0.511614,0.889147,-0.856399,0.982563
460.000000,-0.500000,0.000000,0.000000,-0.232768,-0.070037,0.249501,-0.807999,-0.420403,0.914264,-0.220131,0.050178,-0.957712,-0.186248,0.898518,-0.291500,0.854386,-0.975871,0.975910
461.000000,-0.500000,0.000000,0.000000,-0.228252,-0.080166,0.230973,-0.739202,-0.079554,0.832074,-0.262258,0.176301,-0.904186,0.019445,0.827400,0.055263,0.867713,-0.817913,0.955993
462.000000,-0.500000,0.000000,0.000000,-0.226241,-0.087079,0.208683,-0.488116,-0.374475,0.695550,-0.352491,0.057522,-0.798874,-0.189819,0.598041,0.596709,0.907506,-0.663261,0.926308
463.000000,-0.500000,0.000000,0.000000,-0.223870,-0.097867,0.017285,0.023416,-0.084419,0.885595,0.243434,0.092750,-0.544356,-0.297655,-0.161100,0.915592,0.541065,-0.486899,0.805230
464.000000,-0.500000,0.000000,0.000000,-0.207069,-0.103533,0.011239,0.552277,0.362028,0.292953,-0.308801,-0.168506,0.656701,-0.247613,-0.898207,0.983916,0.194497,0.267859,0.405416
465.000000,-0.500000,0.000000,0.000000,-0.190119,-0.107046,0.067249,0.814650,0.872017,-0.972070,-0.158696,-0.467733,0.930044,0.070898,-0.976488,0.988669,-0.773301,0.931427,-0.920041
466.000000,-0.500000,0.000000,0.000000,-0.197107,-0.107177,0.049156,0.803064,0.897474,-0.974357,0.639399,-0.806132,0.854652,-0.023745,-0.952794,0.988456,-0.907461,0.909016,-0.806704
467.000000,-0.500000,0.000000,0.000000,-0.223424,-0.102803,0.086190,0.386808,0.917115,-0.966848,0.724041,-0.953290,0.904919,-0.405064,-0.945670,0.935870,-0.888604,0.889511,0.114384
468.000000,-0.500000,0.000000,0.000000,-0.259616,-0.104178,0.112914,0.353792,0.878884,-0.981115,0.751377,-0.911497,0.931720,-0.799384,-0.928331,0.986549,-0.797140,0.954728,-0.901597
469.000000,-0.500000,0.000000,0.000000,-0.293054,-0.101624,0.068511,0.599655,0.899509,-0.978526,0.860358,-0.931317,0.947451,-0.952272,-0.801559,0.984066,-0.873898,0.937690,-0.718892
470.000000,-0.500000,0.000000,0.000000,-0.321976,-0.100272,0.061231,0.287985,0.911025,-0.980525,0.802864,-0.896776,0.918279,-0.931603,-0.849532,0.984965,-0.681184,0.971863,-0.607043
471.000000,-0.500000,0.000000,0.000000,-0.347925,-0.100048,0.035128,0.277564,0.938244,-0.985236,0.796945,-0.892045,0.935330,-0.942433,-0.846921,0.989833,-0.620189,0.971171,-0.720341
472.000000,-0.500000,0.000000,0.000000,-0.367769,-0.102563,0.032771,0.146320,0.929978,-0.987710,0.709062,-0.782167,0.908924,-0.884323,-0.904980,0.988297,-0.619427,0.983378,-0.582034
473.000000,-0.500000,0.000000,0.000000,-0.382589,-0.108018,0.073800,-0.008731,0.887157,-0.983609,0.683636,-0.753265,0.927604,-0.657130,-0.847806,0.984226,-0.458069,0.979942,-0.204046
474.000000,-0.500000,0.000000,0.000000,-0.396326,-0.116944,0.100760,0.215136,0.918782,-0.975369,0.548681,-0.693927,0.925038,-0.839348,-0.878104,0.989849,-0.543581,0.963572,-0.193322
475.000000,-0.500000,0.000000,0.000000,-0.408488,-0.130353,0.205521,-0.179086,0.798952,-0.954248,0.449438,-0.678814,0.932750,-0.567742,-0.851779,0.987846,-0.391708,0.938431,0.354388
476.000000,-0.500000,0.000000,0.000000,-0.388071,-0.116909,0.089788,0.154348,0.731581,-0.695806,0.756879,-0.481704,0.934239,-0.472194,-0.390400,0.970008,-0.683416,0.787700,0.989909
477.000000,-0.500000,0.000000,0.000000,-0.347980,-0.084478,0.161314,-0.408777,0.586417,-0.622938,0.055203,-0.267902,0.915157,-0.149882,-0.130261,0.937149,-0.222676,0.722544,0.983809
478.000000,-0.500000,0.000000,0.000000,-0.302837,-0.041427,0.484367,-0.510919,0.292449,-0.152790,-0.797275,-0.267035,0.837415,0.605831,0.200379,0.514810,0.374788,0.535601,0.989245
479.000000,-0.500000,0.000000,0.000000,-0.254545,0.002582,0.539176,-0.294166,0.415771,0.589841,-0.904029,-0.158569,0.557064,0.405736,0.888798,-0.819338,0.444969,-0.251415,0.996084
480.000000,-0.500000,0.000000,0.000000,-0.214283,0.025363,0.355489,-0.669445,0.451224,0.888020,-0.704561,-0.359941,-0.717223,0.299191,0.944350,-0.947348,0.150850,-0.826601,0.990041
481.000000,-0.500000,0.000000,0.000000,-0.195298,0.024500,0.429784,-0.909020,-0.158045,0.862463,-0.588231,-0.233000,-0.814002,0.658987,0.838839,-0.956011,0.811017,-0.109576,0.984919
482.000000,-0.500000,0.000000,0.000000,-0.198491,0.024478,0.162939,-0.736302,-0.016951,0.848534,0.249340,-0.387076,-0.869342,0.328136,0.616918,-0.905811,-0.014340,-0.876450,0.956900
483.000000,-0.500000,0.000000,0.000000,-0.203313,0.015188,0.168084,-0.901410,-0.221861,0.757235,-0.435328,-0.134213,-0.777998,0.499484,0.784343,-0.941295,0.696023,-0.599927,0.975448
484.000000,-0.500000,0.000000,0.000000,-0.207119,0.009285,0.207212,-0.890983,-0.217956,0.847648,-0.554223,-0.329242,-0.630015,0.121791,0.852014,-0.851885,0.785168,-0.589893,0.985403
485.000000,-0.500000,0.000000,0.000000,-0.201504,-0.002133,0.208213,-0.877417,0.008079,0.785689,-0.457571,-0.014996,-0.842597,0.398579,0.879268,-0.859585,0.667350,-0.761195,0.980075
486.000000,-0.500000,0.000000,0.000000,-0.196994,-0.012726,0.240694,-0.903223,-0.110354,0.747343,-0.568584,-0.164772,-0.751767,0.069899,0.891540,-0.864125,0.853616,-0.607792,0.985550
487.000000,-0.500000,0.000000,0.000000,-0.194427,-0.025909,0.235429,-0.851138,-0.157430,0.834200,-0.354036,-0.070280,-0.812979,0.082814,0.891548,-0.691827,0.791377,-0.876152,0.978942
488.000000,-0.500000,0.000000,0.000000,-0.198972,-0.042401,0.244199,-0.904145,-0.335463,0.875295,-0.239408,0.012901,-0.909314,0.104789,0.905236,-0.806091,0.855628,-0.952597,0.976313
489.000000,-0.500000,0.000000,0.000000,-0.196647,-0.058118,0.221633,-0.814620,-0.131622,0.868594,-0.152918,0.177438,-0.952871,0.087489,0.895899,-0.646192,0.796197,-0.943180,0.977191
490.000000,-0.500000,0.000000,0.000000,-0.188688,-0.069689,0.135820,-0.568595,-0.035149,0.778918,-0.116121,0.316702,-0.916942,-0.137620,0.898257,-0.499312,0.733755,-0.965813,0.976839
491.000000,-0.500000,0.000000,0.000000,-0.183859,-0.079380,0.132100,-0.726917,-0.123508,0.787817,-0.397789,0.234657,-0.913190,-0.164136,0.884118,-0.348652,0.892772,-0.916092,0.978562
492.000000,-0.500000,0.000000,0.000000,-0.188834,-0.092698,0.178376,-0.804897,-0.305298,0.836552,-0.358998,0.154098,-0.962239,0.239851,0.696471,0.086930,0.891090,-0.924555,0.967879
493.000000,-0.500000,0.000000,0.000000,-0.186753,-0.104259,0.115896,-0.463471,-0.212467,0.792025,-0.035349,0.243120,-0.912647,0.026764,0.468091,0.343618,0.785207,-0.831766,0.918153
494.000000,-0.500000,0.000000,0.000000,-0.182890,-0.115610,-0.039111,0.023427,-0.046602,0.692121,0.047439,0.089629,-0.641070,-0.263894,-0.388650,0.770686,0.567172,-0.551370,0.759639
495.000000,-0.500000,0.000000,0.000000,-0.169737,-0.100351,0.063858,0.424423,0.383916,-0.153351,-0.621843,-0.306729,0.650220,-0.269205,-0.873563,0.975998,0.509909,0.299641,0.490352
496.000000,-0.500000,0.000000,0.000000,-0.161272,-0.091294,0.107508,0.750730,0.889451,-0.978879,-0.250614,-0.645355,0.913452,-0.261637,-0.972130,0.981614,-0.709558,0.888149,-0.549472
497.000000,-0.500000,0.000000,0.000000,-0.168678,-0.078323,0.030356,0.648833,0.907907,-0.972043,0.794176,-0.911921,0.867713,-0.253293,-0.960325,0.973500,-0.894237,0.969624,-0.337368
498.000000,-0.500000,0.000000,0.000000,-0.195167,-0.072094,0.015575,0.474224,0.930560,-0.990910,0.819370,-0.944284,0.858844,-0.352411,-0.973025,0.951901,-0.921228,0.981079,-0.431332
499.000000,-0.500000,0.000000,0.000000,-0.232027,-0.071516,0.036479,0.449457,0.929006,-0.966507,0.753687,-0.935307,0.925817,-0.711704,-0.961454,0.989732,-0.734288,0.973306,-0.922052
500.000000,-0.500000,0.000000,0.000000,-0.269365,-0.069569,0.062511,0.399585,0.912949,-0.980362,0.664421,-0.943150,0.937371,-0.802775,-0.941161,0.984582,-0.740900,0.963420,-0.753272
501.000000,0.000000,0.500000,0.000000,-0.301204,-0.068687,0.058857,0.507804,0.911560,-0.987915,0.713481,-0.876565,0.912503,-0.907443,-0.901368,0.983812,-0.721702,0.977895,-0.716318
502.000000,0.000000,0.500000,0.000000,-0.330054,-0.069546,0.014448,0.510622,0.904116,-0.983237,0.821649,-0.887209,0.916138,-0.959987,-0.889696,0.987314,-0.791413,0.972539,-0.760902
503.000000,0.000000,0.500000,0.000000,-0.366297,-0.073267,0.139097,0.760844,-0.650460,-0.958030,0.713096,-0.890338,0.986871,-0.583608,-0.807186,0.967198,0.372352,0.691940,-0.970543
504.000000,0.000000,0.500000,0.000000,-0.387946,-0.071176,0.186510,0.795063,-0.308630,-0.919080,0.382951,-0.785089,0.985026,-0.697542,-0.843958,0.971724,-0.114083,0.651912,-0.926531
505.000000,0.000000,0.500000,0.000000,-0.397890,-0.071299,0.152028,0.763419,-0.029183,-0.881381,0.570011,-0.751022,0.983572,-0.875754,-0.731918,0.958676,-0.063207,0.653465,-0.935262
506.000000,0.000000,0.500000,0.000000,-0.399590,-0.075341,0.070295,0.693027,-0.114608,-0.765931,0.710375,-0.863668,0.992176,-0.751455,-0.265678,0.945272,-0.167792,0.613447,0.185300
507.000000,0.000000,0.500000,0.000000,-0.386979,-0.075981,0.179104,-0.560501,-0.309986,-0.417109,0.417754,-0.688995,0.988538,-0.113339,-0.117252,0.892800,0.262989,0.880224,0.986602
508.000000,0.000000,0.500000,0.000000,-0.355151,-0.020237,0.082785,0.129597,-0.287612,-0.689215,-0.321384,-0.637567,0.990309,-0.114448,0.184092,0.290520,-0.727324,0.750267,0.996171
509.000000,0.000000,0.500000,0.000000,-0.307717,0.048522,-0.005234,0.498074,-0.162126,-0.238508,-0.482838,-0.364900,0.969863,0.151414,0.390197,-0.425780,-0.605916,0.847162,0.995580
510.000000,0.000000,0.500000,0.000000,-0.265817,0.103987,0.162075,-0.386057,0.128707,0.313290,-0.902449,-0.469911,0.916246,-0.004690,0.104758,-0.478009,0.267473,0.953197,0.982444
511.000000,0.000000,0.500000,0.000000,-0.179992,0.104300,0.484306,0.379017,0.805182,0.250565,-0.722470,0.995964,0.478588,0.774325,-0.225400,0.592895,0.954646,0.998818,0.996314
512.000000,0.000000,0.500000,0.000000,-0.108572,0.113149,0.696019,-0.437522,0.820181,0.877578,-0.920183,0.953824,0.372772,0.727534,0.009067,-0.042005,0.867520,0.996544,0.999078
513.000000,0.000000,0.500000,0.000000,-0.045976,0.130100,0.647220,-0.964191,0.773433,0.951455,-0.491630,0.964259,-0.884536,0.375226,0.330461,-0.888925,0.934269,0.997124,0.998552
514.000000,0.000000,0.500000,0.000000,-0.026356,0.138614,0.633442,-0.989150,0.313524,0.980511,0.159149,0.933200,-0.984814,0.371216,-0.322525,-0.878785,0.974453,0.997092,0.997177
515.000000,0.000000,0.500000,0.000000,-0.004503,0.154146,0.523510,-0.978179,0.626429,0.978530,0.461777,0.773758,-0.985451,0.206134,0.076135,-0.932470,0.924869,0.990819,0.997584
516.000000,0.000000,0.500000,0.000000,-0.000516,0.164180,0.577240,-0.996764,0.134417,0.982754,0.146413,0.847879,-0.989849,0.759517,-0.260839,-0.939841,0.948956,0.992553,0.997003
517.000000,0.000000,0.500000,0.000000,0.004933,0.173992,0.598816,-0.995425,0.080632,0.982564,0.352069,0.721225,-0.987008,0.620973,-0.226589,-0.917634,0.921266,0.995420,0.996367
518.000000,0.000000,0.500000,0.000000,0.014898,0.185618,0.595401,-0.995094,0.189054,0.983082,0.326062,0.308896,-0.979018,0.495057,0.069778,-0.964519,0.941802,0.984138,0.995200
519.000000,0.000000,0.500000,0.000000,0.040132,0.195039,0.574692,-0.994072,0.551826,0.986276,0.780161,0.923485,-0.989696,0.615556,0.099581,-0.375711,0.769241,0.978210,0.993483
520.000000,0.000000,0.500000,0.000000,0.062944,0.195751,0.613527,-0.993593,0.604137,0.980532,0.518604,0.912915,-0.960781,0.485238,-0.350434,0.079498,0.695753,0.990685,0.994817
521.000000,0.000000,0.500000,0.000000,0.099328,0.173620,0.653713,-0.971907,0.869302,0.893601,0.612777,0.954543,-0.840887,0.733550,-0.325815,0.871369,0.013138,0.994673,0.984618
522.000000,0.000000,0.500000,0.000000,0.144257,0.161596,0.560459,-0.750100,0.951446,0.584917,0.549705,0.633958,0.364621,0.332535,-0.215772,0.872293,-0.269869,0.959709,0.956709
523.000000,0.000000,0.500000,0.000000,0.180155,0.161853,0.536633,0.001109,0.992516,-0.602640,-0.599168,0.567362,0.998129,0.906684,-0.526741,0.948009,-0.713638,0.969752,0.768484
524.000000,0.000000,0.500000,0.000000,0.181258,0.143265,0.528679,0.974428,0.996425,-0.990481,-0.903017,0.667280,0.999381,0.887657,-0.547455,0.984617,-0.935769,0.973387,-0.461211
525.000000,0.000000,0.500000,0.000000,0.173171,0.133011,0.732387,0.991086,0.990416,-0.980663,-0.888483,0.655153,0.998818,0.803692,-0.664848,0.993787,-0.940209,0.739480,-0.973989
526.000000,0.000000,0.500000,0.000000,0.150480,0.155771,0.676737,0.991719,0.944275,-0.992035,-0.260755,-0.650876,0.998593,-0.626704,-0.171423,0.986714,-0.905695,-0.574688,-0.974075
527.000000,0.000000,0.500000,0.000000,0.138697,0.174939,0.702379,0.985501,0.897805,-0.993471,0.439015,-0.545632,0.996219,-0.632286,-0.209881,0.988314,-0.503033,-0.312176,-0.990212
528.000000,0.000000,0.500000,0.000000,0.138968,0.194474,0.568889,0.925817,0.630022,-0.992030,0.854632,-0.723528,0.992800,-0.858333,0.712722,0.986039,-0.578761,-0.561249,-0.988488
529.000000,0.000000,0.500000,0.000000,0.152498,0.197637,0.580130,0.842426,0.413866,-0.994092,0.804673,-0.101404,0.988358,-0.588508,0.600253,0.990228,-0.106093,-0.232870,-0.992177
530.000000,0.000000,0.500000,0.000000,0.151247,0.196823,0.607056,0.871890,0.568722,-0.992784,0.663561,-0.399402,0.987710,0.056953,0.228461,0.992890,-0.400095,-0.547785,-0.992814
531.000000,0.000000,0.500000,0.000000,0.147314,0.198971,0.639828,0.925539,0.741548,-0.990328,0.405406,-0.563885,0.990654,-0.072520,0.023908,0.991794,-0.459249,-0.489724,-0.988998
532.000000,0.000000,0.500000,0.000000,0.143334,0.210897,0.650705,0.958747,0.470102,-0.985945,-0.079897,-0.760801,0.992936,-0.668073,0.215711,0.993303,-0.129527,-0.553759,-0.994152
533.000000,0.000000,0.500000,0.000000,-0.003967,-0.087082,0.036142,0.933323,0.234454,-0.985474,0.294491,-0.431917,0.989897,0.405475,0.408850,0.992810,-0.235254,-0.470212,-0.991355
534.000000,0.000000,0.500000,0.000000,-0.016474,-0.069977,0.406775,0.594189,0.004983,-0.983615,-0.786880,-0.577689,0.996796,0.834925,-0.418048,0.990380,0.226381,-0.448125,-0.985326
535.000000,0.000000,0.500000,0.000000,-0.019747,-0.046008,0.650224,0.852792,0.128270,-0.934450,-0.793262,-0.394138,0.996302,0.865559,-0.292381,0.990975,-0.321729,-0.396095,-0.983885
536.000000,0.000000,0.500000,0.000000,-0.025707,-0.009379,0.775216,0.966447,0.426413,-0.973874,-0.838964,-0.943509,0.999245,0.344775,-0.162927,0.990195,-0.208880,-0.560939,-0.959541
537.000000,0.000000,0.500000,0.000000,-0.026063,0.029251,0.856986,0.920285,-0.234204,-0.954505,-0.773385,-0.952210,0.999075,-0.100489,0.340836,0.979908,0.163211,-0.412696,-0.891789
538.000000,0.000000,0.500000,0.000000,-0.021456,0.068333,0.953948,0.956320,0.305616,-0.932347,-0.824252,-0.979406,0.999217,0.395556,0.235385,0.979531,0.195730,-0.423435,-0.473457
539.000000,0.000000,0.500000,0.000000,-0.001894,0.097895,0.903228,0.925080,0.220543,-0.520190,-0.226352,-0.922919,0.997277,0.176904,0.686351,0.976057,0.035417,0.502004,0.739379
540.000000,0.000000,0.500000,0.000000,0.001903,0.091240,0.891550,-0.227382,-0.234263,0.871452,-0.440024,-0.803608,0.912287,0.645699,0.789303,0.866773,0.726233,0.869692,0.992465
541.000000,0.000000,0.500000,0.000000,-0.015849,0.087722,0.714128,-0.982132,-0.601959,0.989034,0.076569,-0.415712,-0.906141,0.921383,0.943840,-0.805175,0.863757,0.963758,0.997800
542.000000,0.000000,0.500000,0.000000,-0.024416,0.074924,0.708745,-0.991075,-0.647686,0.987801,0.472527,0.715868,-0.994935,0.834840,0.746814,-0.965398,0.983039,0.989855,0.995817
543.000000,0.000000,0.500000,0.000000,-0.031801,0.070347,0.778742,-0.991467,-0.664581,0.977057,0.512288,0.628524,-0.994920,0.393527,0.710272,-0.975534,0.949788,0.977134,0.993113
544.000000,0.000000,0.500000,0.000000,-0.020917,0.070319,0.843429,-0.977409,0.014969,0.982725,0.493828,0.834008,-0.994370,0.442056,0.741035,-0.961546,0.948850,0.931608,0.994910
545.000000,0.000000,0.500000,0.000000,-0.010812,0.072085,0.943086,-0.976564,0.020933,0.979007,0.320884,0.711780,-0.991565,0.567851,0.570057,-0.973879,0.971473,0.944136,0.994167
546.000000,0.000000,0.500000,0.000000,0.001078,0.080053,0.940583,-0.964298,0.219388,0.975950,0.592002,0.388437,-0.990516,0.410315,0.766526,-0.963872,0.906291,0.578248,0.989023
547.000000,0.000000,0.500000,0.000000,0.031393,0.087575,0.964067,-0.949935,0.659596,0.958944,0.451514,0.694811,-0.951534,0.260755,0.525626,-0.950603,0.947965,0.933824,0.991755
548.000000,0.000000,0.500000,0.000000,0.060083,0.095070,0.980039,-0.947215,0.620577,0.952672,0.550619,0.722574,-0.941826,0.278082,0.423507,-0.924156,0.911911,0.941074,0.991681
549.000000,0.000000,0.500000,0.000000,0.090773,0.103867,0.919473,-0.951175,0.726688,0.973255,0.752414,0.687282,-0.930528,-0.041957,0.498144,-0.898763,0.791089,0.907430,0.993088
550.000000,0.000000,0.500000,0.000000,0.120294,0.113621,0.793118,-0.879963,0.724930,0.970729,0.912874,0.827716,-0.946536,0.075095,0.280035,-0.513931,0.216370,0.937813,0.990896
551.000000,0.000000,0.500000,0.000000,0.149406,0.124643,0.658965,-0.832606,0.787981,0.923942,0.817577,0.863617,-0.541865,0.407970,-0.144058,0.272520,-0.112470,0.961057,0.989695
552.000000,0.000000,0.500000,0.000000,0.184791,0.112120,0.697678,-0.545288,0.867885,0.351504,0.055578,0.703874,0.941715,0.688659,-0.611579,0.940100,-0.303135,0.977548,0.973699
553.000000,0.000000,0.500000,0.000000,0.198344,0.099642,0.600294,0.942490,0.984147,-0.951197,-0.350534,0.610480,0.998065,0.672790,-0.393941,0.982794,-0.985608,0.969118,0.081527
554.000000,0.000000,0.500000,0.000000,0.176904,0.084485,0.689811,0.990682,0.989359,-0.996881,-0.937634,0.057879,0.999494,0.696888,-0.641929,0.978606,-0.962249,0.870302,-0.693014
555.000000,0.000000,0.500000,0.000000,0.133394,0.091700,0.719889,0.991870,0.946452,-0.994905,-0.347044,-0.881502,0.998569,0.316977,-0.621075,0.978813,-0.949361,-0.054828,-0.574105
556.000000,0.000000,0.500000,0.000000,0.107023,0.099912,0.650059,0.986297,0.916583,-0.991373,0.599064,-0.760711,0.997550,-0.571629,-0.189629,0.986247,-0.881894,0.256993,-0.958880
557.000000,0.000000,0.500000,0.000000,0.076500,0.109321,0.700943,0.968730,0.832896,-0.994341,0.418288,-0.971533,0.997094,-0.311639,-0.392673,0.980988,-0.584884,-0.003779,-0.825978
558.000000,0.000000,0.500000,0.000000,0.057673,0.116407,0.682369,0.914767,0.846121,-0.994652,0.671811,-0.927322,0.994953,-0.595954,-0.061906,0.983151,-0.191010,-0.008024,-0.939928
559.000000,0.000000,0.500000,0.000000,0.036206,0.121323,0.618090,0.956456,0.734094,-0.992413,0.614164,-0.919971,0.993516,-0.625747,-0.166985,0.988603,-0.511329,-0.166681,-0.978718
560.000000,0.000000,0.500000,0.000000,0.020189,0.124798,0.630203,0.914284,0.550795,-0.994928,0.276298,-0.696722,0.991025,-0.550293,-0.130405,0.987009,-0.178326,-0.332201,-0.991838
561.000000,0.000000,0.500000,0.000000,0.010799,0.118827,0.831545,0.949595,0.782656,-0.993388,0.073591,-0.516397,0.990259,0.373408,-0.467848,0.989698,0.177670,0.175755,-0.974761
562.000000,0.000000,0.500000,0.000000,-0.002769,0.122208,0.792724,0.971807,0.897514,-0.984776,0.192908,-0.624517,0.992582,-0.177975,-0.207076,0.990018,-0.524568,-0.185753,-0.932724
563.000000,0.000000,0.500000,0.000000,-0.018047,0.123690,0.775524,0.975644,0.757998,-0.983650,0.352009,-0.770548,0.991784,-0.287541,-0.113340,0.990784,-0.259361,-0.146713,-0.949284
564.000000,0.000000,0.500000,0.000000,-0.042500,0.125519,0.723112,0.969807,0.441208,-0.976816,0.544089,-0.890501,0.993160,-0.363544,-0.220628,0.991323,-0.473427,-0.429782,-0.969408
565.000000,0.000000,0.500000,0.000000,-0.055019,0.126847,0.852340,0.981950,0.559766,-0.968806,-0.108642,-0.725677,0.994847,-0.326156,-0.384889,0.992066,0.243195,0.167779,-0.933552
566.000000,0.000000,0.500000,0.000000,-0.064685,0.137607,0.746292,0.989017,0.655968,-0.921467,0.445342,-0.910187,0.995830,-0.460997,0.169841,0.992482,-0.182489,-0.068534,-0.414960
567.000000,0.000000,0.500000,0.000000,-0.091895,0.139624,0.948773,0.928102,-0.121603,-0.950977,-0.433636,-0.962627,0.997744,0.393577,-0.344925,0.990223,0.090890,0.058628,-0.534523
568.000000,0.000000,0.500000,0.000000,-0.102429,0.152890,0.781729,0.948361,-0.190000,-0.475330,0.549683,-0.982771,0.997510,-0.505964,0.373730,0.994498,-0.327849,-0.061363,0.007955
569.000000,0.000000,0.500000,0.000000,-0.081856,0.190140,0.739506,0.894953,0.304853,0.076613,-0.296659,-0.964705,0.997947,-0.398770,0.510115,0.992452,0.623840,0.604681,0.934349
570.000000,0.000000,0.500000,0.000000,-0.056263,0.217432,0.876491,-0.027891,-0.559844,0.706115,-0.632786,-0.838339,0.995056,0.564619,0.886751,0.935109,0.761852,0.982610,0.995178
571.000000,0.000000,0.500000,0.000000,-0.045588,0.246721,0.840515,-0.725104,-0.642068,0.980080,-0.205644,-0.712401,0.792045,0.191232,0.985099,-0.095254,0.562973,0.981919,0.997302
572.000000,0.000000,0.500000,0.000000,-0.048006,0.239028,0.811996,-0.984126,-0.357708,0.990682,-0.489744,-0.285161,-0.715638,0.904483,0.972321,-0.967016,0.858183,0.980991,0.996572
573.000000,0.000000,0.500000,0.000000,-0.027047,0.240467,0.719180,-0.979168,0.518097,0.986236,0.809390,0.795101,-0.994923,0.517926,0.922990,-0.975615,0.761505,0.963741,0.994048
574.000000,0.000000,0.500000,0.000000,-0.009630,0.247988,0.718429,-0.977944,0.706528,0.982639,0.673300,0.820655,-0.996298,0.555106,0.762521,-0.962299,0.910037,0.962494,0.992915
575.000000,0.000000,0.500000,0.000000,0.006370,0.258862,0.707599,-0.967713,0.703893,0.972867,0.497026,0.827116,-0.994065,0.240744,0.709837,-0.941777,0.867204,0.894655,0.993903
576.000000,0.000000,0.500000,0.000000,0.020090,0.272227,0.727532,-0.968565,0.686739,0.978552,0.489442,0.853251,-0.994586,0.453201,0.654453,-0.941153,0.829066,0.854516,0.993387
577.000000,0.000000,0.500000,0.000000,0.033765,0.289044,0.729309,-0.974956,0.629871,0.975628,0.399607,0.830000,-0.992086,0.450178,0.637451,-0.937313,0.706922,0.880287,0.994620
578.000000,0.000000,0.500000,0.000000,0.047489,0.298926,0.797732,-0.978390,0.626019,0.957064,0.316939,0.803002,-0.983486,0.549578,0.634563,-0.911161,0.804258,0.898252,0.994170
579.000000,0.000000,0.500000,0.000000,0.068628,0.312527,0.674200,-0.964374,0.844128,0.978097,0.890755,0.886694,-0.989345,0.118280,0.626354,-0.796095,0.121101,0.869585,0.992594
580.000000,0.000000,0.500000,0.000000,0.080106,0.297882,0.844686,-0.951022,0.481019,0.970964,0.807793,0.708711,-0.973371,0.704096,0.014424,-0.139328,0.482052,0.964384,0.990753
581.000000,0.000000,0.500000,0.000000,0.126592,0.276402,0.775342,-0.856521,0.894473,0.904163,0.959171,0.921390,-0.885423,0.163891,0.461578,0.878158,-0.445553,0.976396,0.981575
582.000000,0.000000,0.500000,0.000000,0.172138,0.252814,0.698332,-0.515192,0.875632,0.773031,0.913828,0.636715,0.295834,0.429447,0.438209,0.963818,-0.788322,0.916965,0.937771
583.000000,0.000000,0.500000,0.000000,0.198914,0.233243,0.576522,0.697383,0.916925,-0.747642,0.125926,0.070598,0.998456,0.167979,0.204699,0.979029,-0.825943,0.976093,0.467864
584.000000,0.000000,0.500000,0.000000,0.198470,0.205268,0.488668,0.989042,0.953472,-0.993582,-0.658306,0.159298,0.999125,-0.389468,0.199659,0.989425,-0.968806,0.891798,-0.878976
585.000000,0.000000,0.500000,0.000000,0.197898,0.197895,0.455267,0.991076,0.896963,-0.990758,-0.373831,0.124212,0.996455,-0.700460,0.321678,0.986876,-0.930163,0.397294,-0.980655
586.000000,0.000000,0.500000,0.000000,0.198088,0.202441,0.401077,0.988325,0.866921,-0.996571,0.568270,-0.180073,0.995228,-0.695629,0.540808,0.990483,-0.782228,0.292606,-0.967719
587.000000,0.000000,0.500000,0.000000,0.189572,0.210663,0.457879,0.954821,0.749248,-0.996369,0.587883,-0.607671,0.994520,-0.490323,0.324256,0.989882,-0.396363,0.524781,-0.969448
588.000000,0.000000,0.500000,0.000000,0.167858,0.219901,0.417889,0.889759,0.146570,-0.996382,0.741092,-0.747424,0.986273,-0.623339,0.214942,0.986861,-0.695958,-0.049299,-0.978580
589.000000,0.000000,0.500000,0.000000,0.148719,0.227899,0.418556,0.604098,-0.171478,-0.994094,0.601702,-0.726328,0.980568,-0.654652,0.090752,0.991397,-0.319413,-0.337117,-0.991455
590.000000,0.000000,0.500000,0.000000,0.134044,0.235690,0.376207,0.760642,-0.476951,-0.987253,0.668377,-0.732602,0.967743,-0.618740,0.093453,0.991526,-0.534977,-0.449645,-0.989372
591.000000,0.000000,0.500000,0.000000,0.123151,0.244363,0.471847,0.773159,-0.474870,-0.986610,0.108028,-0.726499,0.971390,-0.017071,-0.148285,0.988868,-0.473533,-0.535037,-0.987077
592.000000,0.000000,0.500000,0.000000,0.126387,0.262062,0.435311,0.812641,-0.302668,-0.980338,0.169208,-0.775933,0.978392,-0.524272,0.285773,0.990657,-0.434092,-0.565997,-0.983314
593.000000,0.000000,0.500000,0.000000,0.139290,0.278911,0.447378,0.937210,-0.144418,-0.950359,0.035591,-0.513772,0.972659,-0.567672,0.171251,0.991457,-0.255392,-0.222929,-0.988535
594.000000,0.000000,0.500000,0.000000,0.132851,0.303067,0.414343,0.660020,-0.919940,-0.868047,-0.143499,-0.882819,0.976579,-0.672976,0.460062,0.982081,-0.426597,-0.869706,-0.947441
595.000000,0.000000,0.500000,0.000000,0.135723,0.325510,0.458925,0.823458,-0.868628,-0.750322,-0.176422,-0.780682,0.970196,-0.288265,0.263999,0.987744,-0.351017,-0.727582,-0.923176
596.000000,0.000000,0.500000,0.000000,0.151003,0.350563,0.445511,0.724321,-0.642730,0.130064,-0.136330,-0.719508,0.976998,-0.538843,0.535221,0.986209,-0.067021,-0.746607,-0.863244
597.000000,0.000000,0.500000,0.000000,0.143652,0.355880,0.472270,-0.246676,-0.978788,0.869943,0.084033,-0.826013,0.983232,-0.503539,0.700931,0.965820,0.268370,-0.877618,-0.265344
598.000000,0.000000,0.500000,0.000000,0.142834,0.299523,0.635767,-0.777781,-0.593727,0.972225,0.470932,0.595982,0.634519,0.489111,0.747989,0.930649,0.163363,-0.418558,-0.232531
599.000000,0.000000,0.500000,0.000000,0.125114,0.238645,0.723954,-0.864732,-0.536412,0.949409,0.842509,0.226057,0.476798,0.844603,0.502516,0.777306,-0.167781,-0.446568,0.268501
600.000000,0.000000,0.500000,0.000000,0.108183,0.176696,0.741249,-0.735018,-0.241596,0.936456,0.918533,0.657696,-0.887469,0.806063,0.386789,0.621428,-0.510674,-0.148129,0.625423
601.000000,0.000000,0.500000,0.000000,0.120983,0.146800,0.737507,-0.415771,0.540089,0.927043,0.960824,0.703731,-0.971686,0.758142,0.396765,0.472750,-0.270579,0.149219,0.919079
602.000000,0.000000,0.500000,0.000000,0.127929,0.131281,0.778677,-0.350869,0.689244,0.894891,0.648703,0.382015,-0.933603,0.739870,0.567448,-0.372943,0.556359,0.264885,0.984472
603.000000,0.000000,0.500000,0.000000,0.145432,0.122099,0.669757,-0.221335,0.838805,0.918487,0.591250,0.796935,-0.959556,0.346441,0.648337,-0.252689,0.041443,0.186975,0.980618
604.000000,0.000000,0.500000,0.000000,0.175376,0.100634,0.680215,-0.392493,0.858848,0.954105,0.659399,0.881081,-0.974855,0.633067,0.378469,0.342833,-0.195759,0.579632,0.985805
605.000000,0.000000,0.500000,0.000000,0.206484,0.080430,0.620772,-0.104060,0.816713,0.910256,0.380018,0.689045,-0.953732,0.411129,0.435195,0.552554,-0.249758,0.472817,0.980332
606.000000,0.000000,0.500000,0.000000,0.217191,0.074885,0.664313,0.046578,0.874135,0.909797,0.031160,0.226696,-0.711681,0.730542,0.683979,-0.805280,0.375543,0.776440,0.989469
607.000000,0.000000,0.500000,0.000000,0.223927,0.066317,0.725894,-0.772061,0.672179,0.959586,0.631527,0.636172,-0.969667,0.584804,0.247957,-0.691873,-0.039030,0.896462,0.990171
608.000000,0.000000,0.500000,0.000000,0.219885,0.057629,0.844558,-0.850868,0.549241,0.980403,0.609549,0.305955,-0.965818,0.724583,-0.034891,-0.819431,0.327884,0.897759,0.992512
609.000000,0.000000,0.500000,0.000000,0.225208,0.060848,0.761216,-0.892716,0.449905,0.981429,0.883754,0.423676,-0.983504,0.747187,-0.111249,-0.757660,-0.170160,0.916146,0.984620
610.000000,0.000000,0.500000,0.000000,0.238632,0.071814,0.670445,-0.866982,0.775709,0.964418,0.698689,0.164155,-0.903625,0.594902,0.148403,-0.877581,0.498848,0.669689,0.981182
611.000000,0.000000,0.500000,0.000000,0.264427,0.086954,0.496278,-0.902729,0.875365,0.914017,0.773666,0.512505,-0.859303,0.154885,0.373305,-0.729367,0.317480,0.669714,0.967671
612.000000,0.000000,0.500000,0.000000,0.285723,0.102626,0.481426,-0.945230,0.770691,0.663188,0.362922,0.459025,-0.092406,0.449445,-0.182078,-0.247161,0.441605,0.941534,0.962109
613.000000,0.000000,0.500000,0.000000,0.290545,0.133790,0.434160,-0.843944,0.774127,-0.212491,0.113398,0.284737,0.932719,0.106282,-0.168296,0.585177,-0.145086,0.926108,0.927586
614.000000,0.000000,0.500000,0.000000,0.263907,0.116974,0.401757,0.786723,0.836503,-0.953293,-0.657805,0.326534,0.994164,-0.046715,-0.592897,0.994435,-0.955780,0.933802,-0.128065
615.000000,0.000000,0.500000,0.000000,0.218956,0.101031,0.315206,0.978891,0.816286,-0.997102,-0.443921,-0.493251,0.993907,-0.440618,-0.438699,0.977900,-0.914201,0.851996,-0.613599
616.000000,0.000000,0.500000,0.000000,0.173518,0.098536,0.432589,0.980074,0.751992,-0.997131,-0.202758,-0.719977,0.996856,-0.002730,-0.622355,0.966671,-0.744332,0.627679,-0.751483
617.000000,0.000000,0.500000,0.000000,0.130926,0.106540,0.488552,0.945165,0.470235,-0.995343,0.484358,-0.876905,0.993592,-0.339010,-0.719935,0.977276,-0.729875,0.547932,-0.853850
618.000000,0.000000,0.500000,0.000000,0.108686,0.121305,0.421028,0.924509,0.510780,-0.992070,0.777615,-0.805683,0.989232,-0.769534,-0.101432,0.983782,-0.614082,0.579064,-0.958508
619.000000,0.000000,0.500000,0.000000,0.075855,0.138106,0.358114,0.832677,-0.178570,-0.994679,0.639843,-0.930320,0.991973,-0.862160,-0.225000,0.987068,-0.451970,-0.145385,-0.983606
620.000000,0.000000,0.500000,0.000000,0.065374,0.149328,0.274123,0.848964,-0.036539,-0.989748,0.738721,-0.695515,0.979097,-0.808038,0.111681,0.987150,-0.433341,0.121464,-0.983068
621.000000,0.000000,0.500000,0.000000,0.057113,0.159575,0.238820,0.872492,0.358105,-0.988030,0.569684,-0.891469,0.987470,-0.526323,0.087991,0.979314,-0.005392,0.062265,-0.923846
622.000000,0.000000,0.500000,0.000000,0.027687,0.166991,0.195746,0.840652,-0.691132,-0.994510,0.432313,-0.899446,0.988031,-0.720563,-0.182918,0.985919,-0.452309,-0.348772,-0.981098
623.000000,0.000000,0.500000,0.000000,0.019014,0.172874,0.271144,0.951654,-0.001606,-0.975596,0.130424,-0.678480,0.979648,-0.590670,-0.469201,0.988553,0.099483,0.211748,-0.982485
624.000000,0.000000,0.500000,0.000000,0.011641,0.177136,0.318917,0.945156,-0.044754,-0.983144,0.103006,-0.311305,0.979530,-0.415971,-0.455766,0.988278,-0.291154,0.076883,-0.987663
625.000000,0.000000,0.500000,0.000000,-0.015072,0.186481,0.322975,0.924000,-0.652616,-0.982730,0.185654,-0.853950,0.987496,-0.547882,-0.361118,0.987672,-0.198938,-0.458758,-0.976473
626.000000,0.000000,0.500000,0.000000,-0.029350,0.195440,0.440026,0.902830,-0.580051,-0.952943,-0.198058,-0.789234,0.987590,-0.358904,-0.370154,0.989456,0.245720,-0.141917,-0.950520
627.000000,0.000000,0.500000,0.000000,-0.036995,0.207859,0.528717,0.950649,-0.251011,-0.914472,-0.246502,-0.854276,0.992236,-0.077373,-0.282283,0.991008,0.176759,0.029015,-0.884580
628.000000,0.000000,0.500000,0.000000,-0.048813,0.228799,0.434379,0.951446,-0.502546,-0.711524,0.056887,-0.905405,0.995448,-0.757395,0.034313,0.987623,-0.063759,-0.430421,-0.795954
629.000000,0.000000,0.500000,0.000000,-0.052841,0.246706,0.424136,0.928685,-0.757449,-0.246842,-0.067181,-0.942190,0.995523,-0.823537,0.262002,0.988260,0.490929,-0.068905,-0.578402
630.000000,0.000000,0.500000,0.000000,-0.043849,0.268663,0.488079,0.850289,-0.485398,-0.317600,-0.476792,-0.864952,0.998079,-0.455901,0.402057,0.981350,0.631310,0.288612,0.563535
631.000000,0.000000,0.500000,0.000000,-0.043613,0.291891,0.401477,0.081661,-0.810103,0.913777,-0.062246,-0.903273,0.995376,-0.247902,0.726539,0.887638,0.239705,-0.122972,0.930255
632.000000,0.000000,0.500000,0.000000,-0.042434,0.309986,0.541989,-0.873990,-0.240013,0.964408,-0.750719,-0.707439,0.939850,0.463584,0.908113,-0.900126,0.722793,0.957612,0.996168
633.000000,0.000000,0.500000,0.000000,-0.013234,0.293479,0.518776,-0.939330,0.599218,0.989538,-0.454205,0.276033,-0.974099,0.702281,0.921461,-0.977313,0.602812,0.927209,0.992916
634.000000,0.000000,0.500000,0.000000,0.012316,0.297583,0.446919,-0.923393,0.855491,0.975630,0.412681,0.693151,-0.989808,0.426732,0.782425,-0.960633,0.725802,0.751962,0.985743
635.000000,0.000000,0.500000,0.000000,0.029183,0.307454,0.411461,-0.947740,0.895629,0.973572,-0.217134,0.754708,-0.987005,0.516868,0.619682,-0.979749,0.854716,0.519207,0.989017
636.000000,0.000000,0.500000,0.000000,0.040242,0.317606,0.416123,-0.970146,0.730521,0.980898,-0.036393,0.722237,-0.988160,0.764507,0.310635,-0.905701,0.914551,0.651239,0.986413
637.000000,0.000000,0.500000,0.000000,0.053467,0.336682,0.293317,-0.934498,0.912384,0.975265,0.229903,0.798389,-0.984312,0.655889,0.625741,-0.923491,0.734789,0.236485,0.989268
638.000000,0.000000,0.500000,0.000000,0.064126,0.349944,0.256212,-0.970824,0.868495,0.979963,0.201661,0.802446,-0.988481,0.739223,0.444155,-0.921969,0.803488,0.394755,0.987273
639.000000,0.000000,0.500000,0.000000,0.074365,0.351258,0.356435,-0.979469,0.793715,0.976412,0.079561,0.676473,-0.988061,0.812532,0.360361,-0.891870,0.810402,0.744144,0.988521
640.000000,0.000000,0.500000,0.000000,0.087732,0.347678,0.422863,-0.978483,0.743616,0.974140,0.656253,0.681437,-0.986562,0.737073,0.322184,-0.622590,0.469867,0.876865,0.986100
641.000000,0.000000,0.500000,0.000000,0.109052,0.341001,0.446239,-0.956413,0.881734,0.976902,0.577898,0.711203,-0.980812,0.723739,0.389873,-0.228288,0.012022,0.784005,0.988092
642.000000,0.000000,0.500000,0.000000,0.140694,0.311790,0.525968,-0.909950,0.887242,0.941557,0.683282,0.703976,-0.912961,0.633790,0.200583,0.747003,-0.264267,0.865279,0.977190
643.000000,0.000000,0.500000,0.000000,0.180461,0.280879,0.485877,-0.547731,0.859228,0.778789,0.850143,0.556350,-0.150728,0.326145,0.442464,0.975913,-0.661194,0.912780,0.850558
644.000000,0.000000,0.500000,0.000000,0.216063,0.264131,0.400462,0.009247,0.748253,-0.304234,0.643801,0.107484,0.948276,0.352308,0.312674,0.966827,-0.768046,0.893840,0.869487
645.000000,0.000000,0.500000,0.000000,0.211540,0.237731,0.278804,0.951767,0.770933,-0.980616,-0.293601,0.149131,0.994894,-0.589590,0.001120,0.984017,-0.968521,0.880752,-0.760650
646.000000,0.000000,0.500000,0.000000,0.201427,0.219890,0.204908,0.977153,0.370951,-0.993133,-0.149958,0.146183,0.984530,-0.503765,0.122735,0.980860,-0.924087,0.800473,-0.947998
647.000000,0.000000,0.500000,0.000000,0.185393,0.224184,0.232205,0.938919,-0.006776,-0.986898,-0.165209,-0.149587,0.981082,-0.687432,-0.086022,0.978294,-0.898931,0.361031,-0.880538
648.000000,0.000000,0.500000,0.000000,0.176186,0.237229,0.224575,0.932560,-0.085652,-0.991741,0.519535,-0.359696,0.975218,-0.644917,0.126957,0.982958,-0.860000,0.317147,-0.943188
649.000000,0.000000,0.500000,0.000000,0.160799,0.258019,0.192332,0.726088,-0.566349,-0.988385,0.564942,-0.675831,0.963039,-0.793634,0.200954,0.987030,-0.807835,-0.068024,-0.903244
650.000000,0.000000,0.500000,0.000000,0.163583,0.271109,0.226683,0.696783,-0.595900,-0.947639,0.525214,-0.068385,0.904485,-0.662824,0.052983,0.986935,-0.731449,0.056851,-0.940853
651.000000,1.500000,0.000000,0.000000,0.167172,0.289068,0.190415,0.877344,-0.530374,-0.975326,0.557512,-0.461581,0.943159,-0.803398,0.224866,0.990706,-0.554068,-0.022133,-0.974095
652.000000,1.500000,0.000000,0.000000,0.166100,0.307509,0.154714,0.849930,-0.780416,-0.947545,0.535101,-0.585088,0.929908,-0.789893,0.147085,0.988672,-0.501327,-0.098569,-0.965396
653.000000,1.500000,0.000000,0.000000,0.200421,0.303815,0.361181,-0.870202,-0.847406,-0.967115,0.515467,0.874007,0.847870,0.940987,0.972005,0.978898,-0.910459,-0.297416,-0.796062
654.000000,1.500000,0.000000,0.000000,0.239106,0.304348,0.599873,-0.156034,-0.769552,-0.811184,-0.291773,0.905717,0.742967,0.892053,0.968855,0.986661,-0.899566,-0.401201,-0.874555
655.000000,1.500000,0.000000,0.000000,0.280610,0.300796,0.760100,-0.332917,-0.686688,-0.115398,-0.173366,0.892561,0.446928,0.571984,0.974644,0.984183,-0.890903,-0.533964,-0.757750
656.000000,1.500000,0.000000,0.000000,0.298049,0.245446,0.743244,-0.541461,0.249418,0.874204,0.470813,0.956236,0.049056,-0.083055,0.950356,0.981871,-0.922961,-0.288512,-0.569173
657.000000,1.500000,0.000000,0.000000,0.309466,0.172063,0.760371,-0.951828,0.889131,0.963027,0.949924,0.892986,-0.839475,0.805664,0.922526,0.971786,-0.920018,-0.319607,0.021767
658.000000,1.500000,0.000000,0.000000,0.315978,0.101979,0.864663,-0.909778,0.958517,0.945755,0.981232,0.643519,-0.953011,0.950379,0.774779,0.988236,-0.882540,-0.691531,0.257296
659.000000,1.500000,0.000000,0.000000,0.327880,0.031220,0.904202,-0.498053,0.956510,0.913025,0.979608,0.214594,-0.940070,0.620898,0.692133,0.990082,-0.910581,-0.800386,0.622933
660.000000,1.500000,0.000000,0.000000,0.324762,-0.042293,0.880665,-0.161294,0.944732,0.962867,0.901476,0.057388,-0.924638,0.899865,0.343967,0.978495,-0.713176,-0.643417,0.866072
661.000000,1.500000,0.000000,0.000000,0.334554,-0.088503,0.962574,0.008213,0.940526,0.978478,0.293411,-0.415875,-0.979114,0.886739,0.279204,0.854273,-0.076876,0.796703,0.981335
662.000000,1.500000,0.000000,0.000000,0.362068,-0.122840,1.001124,-0.531470,0.982476,0.987343,0.712625,-0.843665,-0.996141,0.703226,0.710705,0.931653,-0.392676,0.984075,0.984728
663.000000,1.500000,0.000000,0.000000,0.390413,-0.150036,1.061752,-0.580119,0.985868,0.984331,0.611079,-0.799327,-0.995355,0.798755,0.674844,0.781575,-0.320372,0.988150,0.982816
664.000000,1.500000,0.000000,0.000000,0.412549,-0.165433,1.109365,-0.341773,0.990317,0.993989,0.270849,-0.645341,-0.997051,0.704211,0.628392,0.410774,0.073180,0.995266,0.990957
665.000000,1.500000,0.000000,0.000000,0.432721,-0.176000,1.111977,-0.371404,0.973673,0.992964,0.205665,-0.512060,-0.998383,0.643899,0.570230,0.432234,0.105803,0.998459,0.992828
666.000000,1.500000,0.000000,0.000000,0.436727,-0.173340,1.016550,-0.537262,0.980077,0.991039,0.329541,-0.628975,-0.998647,0.230920,0.533833,-0.555099,0.127850,0.999216,0.995161
667.000000,1.500000,0.000000,0.000000,0.437044,-0.179070,1.016282,-0.619715,0.967381,0.991909,-0.064553,-0.873568,-0.997696,0.431736,-0.585039,-0.925183,0.128568,0.997355,0.990960
668.000000,1.500000,0.000000,0.000000,0.450483,-0.190806,0.896931,-0.619654,0.968317,0.987662,0.609485,-0.936052,-0.995942,-0.235209,-0.898302,-0.960875,0.307809,0.998526,0.988786
669.000000,1.500000,0.000000,0.000000,0.465469,-0.195681,0.884757,-0.872518,0.952005,0.981364,0.339772,-0.977086,-0.985824,0.365116,-0.980765,-0.953312,0.461696,0.999004,0.974377
670.000000,1.500000,0.000000,0.000000,0.488356,-0.198268,0.737560,-0.722235,0.943542,0.972533,0.457874,-0.989935,-0.977337,-0.020033,-0.974460,-0.939418,0.262479,0.998435,0.981675
671.000000,1.500000,0.000000,0.000000,0.515374,-0.199519,0.588421,-0.660862,0.921623,0.909782,0.203480,-0.992632,-0.820596,-0.345667,-0.987808,-0.955876,0.301191,0.998253,0.988434
672.000000,1.500000,0.000000,0.000000,0.542206,-0.203702,0.477468,-0.680465,0.895224,0.854638,-0.006924,-0.988157,-0.761097,0.036494,-0.979379,-0.873704,0.136943,0.997841,0.985674
673.000000,1.500000,0.000000,0.000000,0.568617,-0.214834,0.361860,-0.410344,0.839908,0.826131,-0.198218,-0.956902,-0.567551,0.307644,-0.978444,-0.477143,0.103969,0.997692,0.978531
674.000000,1.500000,0.000000,0.000000,0.548055,-0.200542,0.336729,0.082241,0.498494,0.630861,-0.559433,-0.868306,0.766275,-0.341368,-0.987123,-0.339159,0.335012,0.998199,0.985853
675.000000,1.500000,0.000000,0.000000,0.496367,-0.155395,0.398346,0.726012,0.134157,-0.860547,-0.814636,0.044884,0.928428,-0.821241,-0.909133,-0.312776,-0.054359,0.998277,0.980556
676.000000,1.500000,0.000000,0.000000,0.437501,-0.120010,0.414992,0.891624,-0.744310,-0.984079,-0.721939,0.531406,0.753001,-0.826238,-0.551198,0.219201,-0.614619,0.997188,0.925468
677.000000,1.500000,0.000000,0.000000,0.378184,-0.112581,0.502432,0.828054,-0.885719,-0.993939,-0.844224,0.826776,0.672591,-0.766292,0.171019,0.753172,-0.488380,0.997932,0.535501
678.000000,1.500000,0.000000,0.000000,0.330227,-0.123415,0.486589,0.826407,-0.753200,-0.995045,-0.609835,0.939471,0.396581,-0.049766,0.700019,0.874579,-0.731780,0.997634,-0.113755
679.000000,1.500000,0.000000,0.000000,0.307860,-0.131414,0.417439,0.659765,-0.584402,-0.994066,0.049989,0.916261,0.385816,0.698112,0.792080,0.898406,-0.936196,0.987727,-0.676428
680.000000,1.500000,0.000000,0.000000,0.300365,-0.139816,0.676827,0.513646,-0.834687,-0.995278,-0.451549,0.923066,0.603802,0.601361,0.598581,0.925269,-0.898696,0.961951,-0.812463
681.000000,1.500000,0.000000,0.000000,0.305457,-0.141586,0.657850,0.394502,-0.930713,-0.988097,0.414850,0.660614,0.627810,-0.913722,0.961034,0.956775,-0.900161,0.528469,-0.492874
682.000000,1.500000,0.000000,0.000000,0.319019,-0.106582,0.301426,0.088646,-0.959486,-0.978847,0.663193,0.577086,0.666367,-0.905470,0.983127,0.971001,-0.691842,0.366418,0.370117
683.000000,1.500000,0.000000,0.000000,0.321992,-0.085658,0.125906,-0.146319,-0.952908,-0.986412,0.126224,0.397627,0.709040,-0.390742,0.955793,0.984260,-0.863764,0.726014,-0.098885
684.000000,1.500000,0.000000,0.000000,0.315136,-0.077161,0.235772,-0.071853,-0.946229,-0.990791,-0.792356,0.357427,0.722164,0.641300,0.871880,0.982139,-0.653508,0.848821,-0.507348
685.000000,1.500000,0.000000,0.000000,0.303011,-0.062491,0.214268,0.488941,-0.916233,-0.983026,-0.744075,0.375121,0.807979,0.763983,0.773374,0.988485,-0.850974,0.365945,-0.870724
686.000000,1.500000,0.000000,0.000000,0.287064,-0.049690,0.327511,0.405793,-0.932460,-0.983372,-0.816033,-0.048252,0.869384,0.669223,0.585940,0.978695,-0.831358,0.304666,-0.856310
687.000000,1.500000,0.000000,0.000000,0.273615,-0.042197,0.460659,0.496884,-0.968580,-0.949253,-0.656457,-0.343858,0.798935,0.243331,0.574740,0.976249,-0.723201,0.533415,-0.770295
688.000000,1.500000,0.000000,0.000000,0.267809,-0.033550,0.488858,0.235178,-0.965441,-0.855907,-0.260631,-0.487841,0.734465,-0.335535,0.870749,0.975811,-0.644162,0.574847,-0.260434
689.000000,1.500000,0.000000,0.000000,0.266357,-0.025265,0.414033,-0.544790,-0.843757,-0.479644,0.291702,-0.535795,0.289240,0.055558,0.957382,0.979697,-0.631984,0.636356,0.649433
690.000000,1.500000,0.000000,0.000000,0.272786,-0.002402,0.298496,-0.716265,-0.810573,0.374345,-0.059221,-0.769176,-0.043228,0.083704,0.952259,0.980778,-0.333131,0.949571,0.938818
691.000000,1.500000,0.000000,0.000000,0.270323,-0.003299,0.394419,-0.971815,-0.372257,0.850605,-0.479183,-0.846378,-0.880736,0.898076,0.914218,0.795745,0.293165,0.998110,0.958631
692.000000,1.500000,0.000000,0.000000,0.250010,-0.004820,0.474498,-0.985519,0.420110,0.971821,-0.768341,-0.941818,-0.996955,0.946840,0.760232,0.023921,0.729552,0.998778,0.980843
693.000000,1.500000,0.000000,0.000000,0.226804,0.000023,0.503446,-0.984264,0.851875,0.981294,-0.814203,-0.986404,-0.999140,0.914435,0.270176,-0.922552,0.786760,0.996761,0.991053
694.000000,1.500000,0.000000,0.000000,0.197312,-0.001983,0.561117,-0.977899,0.572951,0.952936,-0.797947,-0.990543,-0.998979,0.693929,-0.705892,-0.963804,0.901062,0.999141,0.986248
695.000000,1.500000,0.000000,0.000000,0.192598,-0.010184,0.544400,-0.962674,0.595502,0.974312,-0.413371,-0.997635,-0.998837,0.758406,-0.976999,-0.917015,0.651475,0.995920,0.978130
696.000000,1.500000,0.000000,0.000000,0.199983,-0.020218,0.504110,-0.946744,0.274655,0.947035,-0.295645,-0.999032,-0.998141,0.600988,-0.992346,-0.967087,0.561528,0.996505,0.972653
697.000000,1.500000,0.000000,0.000000,0.216127,-0.031196,0.487488,-0.953539,0.236875,0.932949,-0.351242,-0.999028,-0.995886,0.419380,-0.996244,-0.972203,0.716600,0.997545,0.970433
698.000000,1.500000,0.000000,0.000000,0.232118,-0.043145,0.522413,-0.943858,0.025967,0.952665,-0.638206,-0.997916,-0.996395,0.426743,-0.996068,-0.962334,0.797891,0.997109,0.981432
699.000000,1.500000,0.000000,0.000000,0.261675,-0.051664,0.481028,-0.921966,0.508239,0.937578,-0.500911,-0.997400,-0.992657,0.098413,-0.993427,-0.942848,0.674239,0.997114,0.980875
700.000000,1.500000,0.000000,0.000000,0.293375,-0.059534,0.392023,-0.775639,0.562494,0.900209,-0.608624,-0.995939,-0.989431,-0.649622,-0.992331,-0.965078,0.672519,0.997220,0.988050
701.000000,1.500000,0.000000,0.000000,0.320907,-0.068675,0.394150,-0.738683,0.590014,0.732263,-0.815066,-0.989862,-0.970360,-0.299627,-0.992553,-0.962217,0.752558,0.997402,0.989261
702.000000,1.500000,0.000000,0.000000,0.348900,-0.074416,0.199072,-0.647870,0.726662,0.751730,-0.501522,-0.994466,-0.927845,-0.714221,-0.989674,-0.919550,0.115728,0.997201,0.989629
703.000000,1.500000,0.000000,0.000000,0.369279,-0.086754,0.110267,-0.654841,0.598025,0.653824,-0.558235,-0.987933,-0.879001,-0.245635,-0.984324,-0.755799,0.186349,0.997462,0.987816
704.000000,1.500000,0.000000,0.000000,0.383975,-0.101605,0.003680,-0.763631,0.357986,0.520020,-0.457279,-0.978994,-0.904644,-0.253673,-0.970747,-0.205518,0.007736,0.998359,0.986241
705.000000,1.500000,0.000000,0.000000,0.384890,-0.118495,-0.047607,-0.709920,0.146269,0.277379,-0.410804,-0.909873,-0.513279,0.143242,-0.940738,0.164494,-0.007828,0.999185,0.971938
706.000000,1.500000,0.000000,0.000000,0.342550,-0.102245,0.001717,-0.492624,-0.250359,-0.507367,-0.465113,-0.595714,0.304158,-0.281430,-0.868260,0.305467,-0.229734,0.999108,0.975733
707.000000,1.500000,0.000000,0.000000,0.292848,-0.094907,0.025447,0.419341,-0.588096,-0.957700,-0.405464,0.394684,0.503113,0.123536,-0.595527,0.649617,-0.787853,0.999125,0.511238
708.000000,1.500000,0.000000,0.000000,0.237393,-0.096761,-0.002412,0.253068,-0.882359,-0.992189,-0.041743,0.633823,0.403579,0.056918,-0.208360,0.838611,-0.920578,0.998860,-0.298198
709.000000,1.500000,0.000000,0.000000,0.190252,-0.098885,0.121944,0.331535,-0.948326,-0.994844,-0.457012,0.787607,0.472511,0.463933,-0.035327,0.867905,-0.913539,0.997508,-0.776656
710.000000,1.500000,0.000000,0.000000,0.164922,-0.111806,0.191728,0.369162,-0.966035,-0.992004,0.237288,0.643341,0.406233,-0.366181,0.573135,0.912680,-0.946242,0.981107,-0.787774
711.000000,1.500000,0.000000,0.000000,0.143626,-0.125015,0.212813,0.251187,-0.981217,-0.990669,0.493225,0.409050,0.497862,-0.895890,0.936235,0.940408,-0.920261,0.943507,-0.743433
712.000000,1.500000,0.000000,0.000000,0.132825,-0.147717,0.304924,-0.258035,-0.992447,-0.990567,0.776149,0.663105,0.411429,-0.760096,0.945124,0.934192,-0.816675,0.952753,-0.464059
713.000000,1.500000,0.000000,0.000000,0.140166,-0.162250,0.194310,-0.296461,-0.991001,-0.986205,0.906254,0.693869,0.317583,-0.752553,0.958720,0.948778,-0.899791,0.909071,-0.485897
714.000000,1.500000,0.000000,0.000000,0.161309,-0.156465,0.028769,-0.616543,-0.988409,-0.979048,0.878672,0.605857,0.239189,-0.160905,0.933569,0.954379,-0.774993,0.918650,0.117176
715.000000,1.500000,0.000000,0.000000,0.186872,-0.158604,-0.083595,-0.289446,-0.985056,-0.954933,0.631812,0.665688,0.174983,0.147843,0.898313,0.986167,-0.785468,0.985943,-0.040525
716.000000,1.500000,0.000000,0.000000,0.203494,-0.167629,-0.142534,-0.286163,-0.953778,-0.914760,0.361088,0.607107,0.228646,0.233257,0.895966,0.989581,-0.814720,0.976423,-0.434754
717.000000,1.500000,0.000000,0.000000,0.221371,-0.162075,-0.031262,0.537324,-0.962779,-0.892719,-0.721675,0.533267,0.348870,0.424501,0.648151,0.993358,-0.585348,0.990408,-0.024017
718.000000,1.500000,0.000000,0.000000,0.245062,-0.128348,0.059665,0.371894,-0.914922,-0.827496,-0.831218,0.353932,0.584787,0.065086,0.602241,0.964070,-0.440893,0.970439,0.642844
719.000000,1.500000,0.000000,0.000000,0.263412,-0.086780,0.177030,-0.319643,-0.953917,-0.690098,-0.647188,-0.015267,0.522524,0.162923,0.651041,0.911315,-0.137255,0.987074,0.942895
720.000000,1.500000,0.000000,0.000000,0.274477,-0.049386,0.184066,-0.354626,-0.940556,-0.262040,-0.623729,-0.519387,0.045915,0.165280,0.748586,0.781628,-0.159848,0.993048,0.967321
721.000000,1.500000,0.000000,0.000000,0.281333,-0.032187,0.291408,-0.808811,-0.776719,0.571128,-0.689623,-0.623064,-0.585500,0.576977,0.760870,0.683342,0.213637,0.996914,0.968955
722.000000,1.500000,0.000000,0.000000,0.256432,-0.029768,0.414815,-0.867263,-0.001765,0.914777,-0.936478,-0.866077,-0.934851,0.610904,0.618321,-0.517617,0.665489,0.997965,0.983093
723.000000,1.500000,0.000000,0.000000,0.233529,-0.036101,0.505530,-0.891525,0.564607,0.969202,-0.918082,-0.971549,-0.997167,0.500234,0.058176,-0.899159,0.835383,0.998038,0.992958
724.000000,1.500000,0.000000,0.000000,0.209824,-0.046264,0.602362,-0.946584,0.630069,0.959018,-0.873515,-0.994597,-0.994688,0.565781,-0.792955,-0.968669,0.822540,0.997034,0.988108
725.000000,1.500000,0.000000,0.000000,0.192401,-0.054674,0.578526,-0.842859,0.496893,0.940375,-0.845621,-0.998072,-0.995101,0.211928,-0.963838,-0.959026,0.668888,0.996034,0.982438
726.000000,1.500000,0.000000,0.000000,0.172926,-0.061625,0.518414,-0.940264,0.218392,0.942211,-0.540366,-0.999190,-0.995783,0.372579,-0.991501,-0.945160,0.538922,0.995352,0.980888
727.000000,1.500000,0.000000,0.000000,0.151262,-0.067504,0.500067,-0.880098,-0.094667,0.919557,-0.886328,-0.999056,-0.993194,0.093713,-0.996023,-0.963379,0.722198,0.994478,0.980586
728.000000,1.500000,0.000000,0.000000,0.156500,-0.079459,0.331229,-0.920083,-0.063067,0.891336,-0.602788,-0.999663,-0.997000,0.009266,-0.995797,-0.880671,-0.058794,0.994382,0.976437
729.000000,1.500000,0.000000,0.000000,0.163289,-0.098735,0.298830,-0.859151,-0.287286,0.836574,-0.829966,-0.999544,-0.989749,0.076321,-0.997731,-0.953258,0.362385,0.989900,0.976942
730.000000,1.500000,0.000000,0.000000,0.182390,-0.120199,0.236072,-0.740568,-0.009155,0.805600,-0.904023,-0.998905,-0.983691,-0.389292,-0.996582,-0.953108,0.468892,0.992243,0.983671
731.000000,1.500000,0.000000,0.000000,0.210552,-0.140021,0.170506,-0.724860,0.208921,0.572724,-0.906611,-0.998939,-0.858489,-0.712781,-0.994672,-0.952372,0.496497,0.995181,0.982016
732.000000,1.500000,0.000000,0.000000,0.227434,-0.152025,0.139084,-0.695383,0.057816,0.154617,-0.897313,-0.996705,-0.859819,-0.690388,-0.993126,-0.937318,0.476334,0.997013,0.987884
733.000000,1.500000,0.000000,0.000000,0.222976,-0.150403,0.091861,-0.650191,-0.159916,0.093410,-0.861177,-0.995660,-0.712173,-0.773843,-0.989897,-0.879730,0.158719,0.996342,0.987865
734.000000,1.500000,0.000000,0.000000,0.203730,-0.131181,0.026106,-0.539904,-0.383202,-0.241335,-0.782904,-0.991358,-0.319200,-0.561713,-0.992176,-0.657769,-0.287329,0.996671,0.976566
735.000000,1.500000,0.000000,0.000000,0.170977,-0.086099,0.016569,-0.330193,-0.637250,-0.811901,-0.838593,-0.983850,0.153256,-0.914512,-0.981113,-0.531697,-0.222178,0.997937,0.972981
736.000000,1.500000,0.000000,0.000000,0.120938,-0.038115,-0.068094,-0.111360,-0.937093,-0.932424,-0.677691,-0.970407,0.229710,-0.801665,-0.944617,0.470304,-0.762097,0.996546,0.901066
737.000000,1.500000,0.000000,0.000000,0.045550,-0.020538,-0.008261,-0.101115,-0.945487,-0.939372,-0.550998,-0.707996,0.384808,0.374285,-0.861153,0.880453,-0.901015,0.998327,0.348628
738.000000,1.500000,0.000000,0.000000,-0.019914,-0.008539,-0.107626,0.397319,-0.907731,-0.990359,-0.104846,-0.239655,0.511246,-0.098327,-0.690234,0.886356,-0.965592,0.997088,-0.228549
739.000000,1.500000,0.000000,0.000000,-0.068666,0.000500,-0.060117,0.154381,-0.961693,-0.992746,-0.236856,0.006350,0.541314,0.107737,-0.423979,0.948376,-0.949817,0.995734,-0.813082
740.000000,1.500000,0.000000,0.000000,-0.092845,0.003573,0.073151,0.215097,-0.969367,-0.993154,-0.146428,-0.100363,0.565164,-0.509770,0.068609,0.921060,-0.949993,0.958005,-0.573432
741.000000,1.500000,0.000000,0.000000,-0.083616,-0.009201,0.053144,0.464433,-0.961828,-0.985646,0.634017,0.283986,0.441465,-0.888906,0.870559,0.988153,-0.951844,0.954389,-0.809640
742.000000,1.500000,0.000000,0.000000,-0.067335,-0.031399,0.114660,0.049378,-0.973854,-0.984358,0.738602,0.399353,0.333272,-0.787896,0.955871,0.991082,-0.967934,0.965681,-0.908166
743.000000,1.500000,0.000000,0.000000,-0.044590,-0.061247,0.122449,0.221023,-0.961052,-0.979284,0.922295,0.416800,0.225825,-0.781795,0.973631,0.990684,-0.954477,0.946424,-0.696192
744.000000,1.500000,0.000000,0.000000,-0.017847,-0.098378,0.150086,-0.267421,-0.961243,-0.971948,0.889580,0.372124,0.061995,-0.447983,0.969250,0.992598,-0.949651,0.953243,-0.828756
745.000000,1.500000,0.000000,0.000000,0.012183,-0.142114,0.166326,0.260536,-0.902773,-0.949706,0.903221,0.573542,-0.057299,-0.277247,0.956974,0.994039,-0.921837,0.897456,-0.794394
746.000000,1.500000,0.000000,0.000000,0.033062,-0.169665,0.107513,0.385668,-0.929460,-0.914937,0.848886,0.436993,0.019750,-0.101715,0.941985,0.992345,-0.885994,0.917212,-0.548250
747.000000,1.500000,0.000000,0.000000,0.054607,-0.176063,0.008364,0.214220,-0.850645,-0.868474,0.772049,0.256322,0.182226,-0.239915,0.918367,0.990254,-0.824312,0.923345,-0.248506
748.000000,1.500000,0.000000,0.000000,0.071390,-0.178400,0.017459,0.372670,-0.898592,-0.864349,0.417782,0.216815,0.384614,0.074671,0.819765,0.989924,-0.834335,0.956968,-0.213422
749.000000,1.500000,0.000000,0.000000,0.096324,-0.148419,-0.010011,0.150356,-0.938723,-0.747514,0.135384,-0.321643,0.263479,0.089745,0.752376,0.967623,-0.647425,0.965111,0.864989
750.000000,1.500000,0.000000,0.000000,0.133839,-0.126255,0.178050,-0.347907,-0.830893,-0.039432,-0.557801,-0.268345,-0.168285,0.611470,0.772395,0.885982,-0.146127,0.996636,0.970522
751.000000,1.500000,0.000000,0.000000,0.182591,-0.141494,0.070705,0.375624,-0.119442,0.836942,-0.557811,-0.081225,-0.867655,0.364657,0.896476,0.957590,-0.424417,0.994878,0.973041
752.000000,1.500000,0.000000,0.000000,0.223020,-0.153098,0.201332,-0.668424,0.359100,0.914788,-0.906923,-0.679198,-0.967460,0.834720,0.876212,0.714538,0.493494,0.996147,0.989652
753.000000,1.500000,0.000000,0.000000,0.262718,-0.149827,0.270037,-0.775481,0.716556,0.952823,-0.914727,-0.814162,-0.993497,0.863691,0.889631,0.127126,0.609366,0.996690,0.994149
754.000000,1.500000,0.000000,0.000000,0.283513,-0.137088,0.351384,-0.914026,0.599484,0.927105,-0.888346,-0.934212,-0.996206,0.782337,0.541820,-0.825180,0.805141,0.997992,0.994381
755.000000,1.500000,0.000000,0.000000,0.302875,-0.133739,0.363945,-0.886115,0.653129,0.936947,-0.831282,-0.982120,-0.996916,0.353845,-0.143964,-0.950844,0.687790,0.996987,0.991955
756.000000,1.500000,0.000000,0.000000,0.316756,-0.139194,0.421175,-0.895283,0.530050,0.965010,-0.794414,-0.983471,-0.997520,0.435897,-0.777554,-0.911727,0.693539,0.997510,0.987117
757.000000,1.500000,0.000000,0.000000,0.335379,-0.142544,0.369092,-0.904869,0.481228,0.943931,-0.573212,-0.995837,-0.995329,0.097121,-0.939923,-0.945909,0.309143,0.996326,0.981523
758.000000,1.500000,0.000000,0.000000,0.349504,-0.150709,0.407242,-0.941827,0.178722,0.939571,-0.742581,-0.997721,-0.994379,0.254572,-0.979880,-0.972069,0.553068,0.995913,0.978605
759.000000,1.500000,0.000000,0.000000,0.364925,-0.161957,0.428259,-0.923796,0.134409,0.943105,-0.765995,-0.996801,-0.992010,0.193581,-0.988223,-0.971689,0.556601,0.995503,0.981004
760.000000,1.500000,0.000000,0.000000,0.382658,-0.175375,0.430864,-0.941052,0.116321,0.865803,-0.782148,-0.998129,-0.972635,-0.186204,-0.985294,-0.981686,0.597350,0.996316,0.981857
761.000000,1.500000,0.000000,0.000000,0.404295,-0.187514,0.281594,-0.848616,0.274968,0.890518,-0.651334,-0.998980,-0.935369,-0.397594,-0.986077,-0.968920,-0.091085,0.989380,0.981103
762.000000,1.500000,0.000000,0.000000,0.422013,-0.208923,0.275016,-0.807317,0.108263,0.740292,-0.790402,-0.997328,-0.793063,-0.306103,-0.987616,-0.968010,0.347165,0.992031,0.979623
763.000000,1.500000,0.000000,0.000000,0.426269,-0.220668,0.221067,-0.664027,0.103467,0.606149,-0.818716,-0.995710,-0.437350,-0.806079,-0.973098,-0.951633,0.311213,0.994280,0.988537
764.000000,1.500000,0.000000,0.000000,0.391819,-0.201239,0.240283,-0.579920,-0.007885,0.555473,-0.732937,-0.987547,0.227028,-0.476122,-0.977872,-0.814784,-0.036159,0.995741,0.985165
765.000000,1.500000,0.000000,0.000000,0.353200,-0.155160,0.183150,-0.572080,-0.565316,-0.779373,-0.452290,-0.987025,0.047956,-0.935326,-0.918987,-0.777754,-0.582560,0.995415,0.984998
766.000000,1.500000,0.000000,0.000000,0.296200,-0.105979,0.111740,-0.062403,-0.908596,-0.962826,-0.270850,-0.976214,0.297799,-0.866176,-0.959356,-0.503119,-0.807172,0.996683,0.939608
767.000000,1.500000,0.000000,0.000000,0.233403,-0.064791,-0.020874,-0.497434,-0.963093,-0.976326,0.475315,-0.971248,0.222600,-0.725299,-0.830875,0.273119,-0.951697,0.994654,0.781062
768.000000,1.500000,0.000000,0.000000,0.149795,-0.052868,-0.056327,-0.806907,-0.987133,-0.979458,0.655199,-0.893188,0.063542,-0.257373,-0.545584,0.860375,-0.976971,0.996935,-0.084650
769.000000,1.500000,0.000000,0.000000,0.082482,-0.044971,0.036157,-0.826203,-0.967325,-0.993574,0.360325,-0.555686,0.272405,0.669967,0.142750,0.926226,-0.966911,0.995415,-0.792348
770.000000,1.500000,0.000000,0.000000,0.033259,-0.051169,0.300829,-0.656322,-0.962875,-0.989294,0.422508,-0.308942,0.287004,0.743829,0.216658,0.879444,-0.981503,0.975567,-0.917469
771.000000,1.500000,0.000000,0.000000,0.000930,-0.053246,0.416184,-0.490917,-0.986473,-0.979262,0.432709,-0.443311,0.221400,-0.688189,0.776774,0.933366,-0.962049,0.956941,-0.899760
772.000000,1.500000,0.000000,0.000000,-0.023749,-0.063463,0.441734,-0.476095,-0.973655,-0.967112,0.923605,-0.424773,0.212691,-0.709927,0.953126,0.944763,-0.969506,0.729042,-0.786384
773.000000,1.500000,0.000000,0.000000,-0.043680,-0.080943,0.496274,-0.441108,-0.980893,-0.985169,0.925724,-0.290788,0.242260,-0.629240,0.956788,0.961938,-0.970322,0.819479,-0.694849
774.000000,1.500000,0.000000,0.000000,-0.061820,-0.103658,0.527738,-0.458450,-0.985370,-0.978346,0.960807,-0.382708,0.191937,-0.593692,0.961723,0.962195,-0.959817,0.872818,-0.306629
775.000000,1.500000,0.000000,0.000000,-0.059535,-0.121631,0.406078,-0.701764,-0.977971,-0.951598,0.979062,-0.432590,-0.152719,-0.137793,0.964453,0.971895,-0.960360,0.868735,0.019592
776.000000,1.500000,0.000000,0.000000,-0.045047,-0.134719,0.206580,-0.502632,-0.955162,-0.881732,0.955932,-0.299969,-0.380107,-0.235307,0.960902,0.990775,-0.954387,0.947258,-0.252445
777.000000,1.500000,0.000000,0.000000,-0.039577,-0.166805,0.146885,-0.236056,-0.933552,-0.724115,0.856392,-0.229556,-0.461510,0.209798,0.936799,0.994254,-0.941967,0.972474,-0.667759
778.000000,1.500000,0.000000,0.000000,-0.037555,-0.162286,0.134935,-0.348819,-0.948906,-0.676608,0.424182,-0.730537,-0.114991,0.464921,0.835902,0.946326,-0.826124,0.945599,0.177847
779.000000,1.500000,0.000000,0.000000,-0.014998,-0.166074,0.115637,-0.458889,-0.819867,-0.059667,0.150903,-0.552635,-0.617012,0.692060,0.853490,0.967913,-0.732363,0.987534,0.648250
780.000000,1.500000,0.000000,0.000000,0.012518,-0.159684,0.197084,-0.794571,-0.734165,0.321372,-0.246985,-0.639118,-0.805145,0.884407,0.828388,0.578275,-0.138894,0.994448,0.980478
781.000000,1.500000,0.000000,0.000000,0.031996,-0.141900,0.195195,-0.713114,-0.122566,0.898513,-0.668309,-0.892294,-0.959742,0.772188,0.820299,-0.552855,0.127576,0.990430,0.990390
782.000000,1.500000,0.000000,0.000000,0.047415,-0.122890,0.230967,-0.717258,0.332126,0.950537,-0.837619,-0.942142,-0.990854,0.744622,0.519459,-0.876821,0.492100,0.992258,0.992167
783.000000,1.500000,0.000000,0.000000,0.052505,-0.110608,0.374238,-0.831509,0.262194,0.927148,-0.946058,-0.946845,-0.992491,0.508618,-0.254843,-0.973090,0.894607,0.998219,0.990695
784.000000,1.500000,0.000000,0.000000,0.058956,-0.104382,0.491909,-0.832145,0.329887,0.967470,-0.895478,-0.980554,-0.995263,0.557601,-0.768094,-0.972923,0.830511,0.997418,0.985657
785.000000,1.500000,0.000000,0.000000,0.074874,-0.100299,0.520624,-0.731878,0.408338,0.957581,-0.883048,-0.981482,-0.995920,0.262177,-0.926175,-0.964782,0.757096,0.997847,0.983034
786.000000,1.500000,0.000000,0.000000,0.101867,-0.104776,0.481569,-0.736662,0.314800,0.949667,-0.853729,-0.992885,-0.995342,0.243344,-0.957795,-0.981197,0.662876,0.997005,0.982067
787.000000,1.500000,0.000000,0.000000,0.131477,-0.109229,0.422645,-0.795215,0.306195,0.945061,-0.820107,-0.994990,-0.996494,0.362436,-0.979541,-0.978926,0.434815,0.997315,0.981116
788.000000,1.500000,0.000000,0.000000,0.160590,-0.115375,0.388135,-0.855007,0.217380,0.930914,-0.896322,-0.997776,-0.992620,0.305225,-0.990844,-0.989739,0.503669,0.995456,0.979303
789.000000,1.500000,0.000000,0.000000,0.185499,-0.124105,0.333238,-0.778684,-0.007724,0.928105,-0.913136,-0.997117,-0.994086,0.044436,-0.992433,-0.980396,0.453034,0.995848,0.979554
790.000000,1.500000,0.000000,0.000000,0.215294,-0.129892,0.145127,-0.554699,0.127163,0.874845,-0.895374,-0.997412,-0.994835,-0.279657,-0.988297,-0.978103,-0.052782,0.994499,0.978006
791.000000,1.500000,0.000000,0.000000,0.248092,-0.134592,-0.003056,-0.712459,0.241276,0.737080,-0.840021,-0.998273,-0.956282,-0.351724,-0.988068,-0.977237,-0.142507,0.994465,0.975418
792.000000,1.500000,0.000000,0.000000,0.267195,-0.153040,0.077364,-0.804000,-0.244483,0.660329,-0.944238,-0.995013,-0.976849,0.023534,-0.985110,-0.960153,0.513108,0.996936,0.982292
793.000000,1.500000,0.000000,0.000000,0.286859,-0.151911,-0.019224,-0.613872,-0.184889,0.196401,-0.876143,-0.994953,-0.750232,-0.743240,-0.983231,-0.964869,-0.034906,0.995505,0.980911
794.000000,1.500000,0.000000,0.000000,0.282572,-0.134132,0.005923,-0.634232,-0.497294,-0.136706,-0.764155,-0.991088,-0.469258,-0.644311,-0.981412,-0.920964,-0.081677,0.996854,0.976685
795.000000,1.500000,0.000000,0.000000,0.271919,-0.110014,-0.067062,-0.580530,-0.591202,-0.250472,-0.594513,-0.987078,-0.467306,-0.817321,-0.967548,-0.850649,-0.619453,0.996641,0.978101
796.000000,1.500000,0.000000,0.000000,0.246737,-0.068458,-0.091875,-0.622062,-0.825846,-0.772641,-0.259147,-0.986704,-0.132628,-0.743028,-0.959957,-0.696000,-0.777992,0.997032,0.956607
797.000000,1.500000,0.000000,0.000000,0.206359,-0.022097,-0.096025,-0.682441,-0.937212,-0.911562,0.037849,-0.980150,0.066168,-0.629960,-0.929815,-0.132582,-0.861887,0.998580,0.825756
798.000000,1.500000,0.000000,0.000000,0.166064,0.017886,-0.186007,-0.836034,-0.962856,-0.951675,0.465972,-0.956302,-0.122588,-0.765030,-0.680364,0.509506,-0.925850,0.998731,0.676986
799.000000,1.500000,0.000000,0.000000,-0.025841,0.062142,0.731665,-0.671034,0.569550,0.636452,-0.059558,0.479941,0.961812,0.994416,-0.994629,0.895881,-0.149571,0.985799,-0.981462
800.000000,1.500000,0.000000,0.000000,-0.029433,0.076540,0.637199,0.268330,0.985473,-0.988989,0.360540,0.863899,0.916700,0.984341,0.363508,0.997296,-0.911031,0.869135,-0.966077
801.000000,1.500000,0.000000,0.000000,-0.031926,0.092458,0.619213,0.902206,0.875535,-0.996875,-0.654614,0.856450,0.966358,0.976646,0.350077,0.995230,-0.929035,0.382018,-0.985067
802.000000,1.500000,0.000000,0.000000,-0.022410,0.083175,0.794398,0.966776,0.772910,-0.994764,-0.669548,0.954224,0.968106,0.927926,0.347719,0.994516,-0.909422,0.289534,-0.981216
803.000000,1.500000,0.000000,0.000000,-0.011438,0.079538,0.832670,0.974930,0.263997,-0.991834,-0.550822,0.976396,0.970749,0.560092,0.628595,0.995633,-0.871904,-0.107371,-0.992350
804.000000,1.500000,0.000000,0.000000,0.010308,0.060563,1.008597,0.991197,0.083068,-0.988349,-0.505691,0.985308,0.976298,0.191239,0.736498,0.995653,-0.827968,-0.313691,-0.969300
805.000000,1.500000,0.000000,0.000000,0.039814,0.046364,0.956835,0.992956,-0.092933,-0.969444,0.561273,0.990292,0.969894,-0.839456,0.914932,0.995553,-0.798789,-0.783874,-0.882178
806.000000,1.500000,0.000000,0.000000,0.075070,0.023706,0.959958,0.988905,-0.165340,-0.964715,0.705134,0.995275,0.971573,-0.773917,0.953315,0.996617,-0.608972,-0.663855,-0.545380
807.000000,1.500000,0.000000,0.000000,0.112843,-0.004875,1.006123,0.959630,-0.213059,-0.931771,0.802905,0.994365,0.958619,-0.544079,0.942124,0.995967,-0.463587,-0.493295,0.386533
808.000000,1.500000,0.000000,0.000000,0.145070,0.006271,0.771949,0.908519,0.143541,-0.648960,0.911031,0.994931,0.923274,-0.625250,0.956785,0.998153,-0.319359,-0.188520,0.915964
809.000000,1.500000,0.000000,0.000000,0.199550,-0.007849,0.905681,0.504796,0.133361,-0.028118,0.535386,0.992278,0.860534,0.610668,0.962696,0.998396,0.301768,0.975419,0.991117
810.000000,1.500000,0.000000,0.000000,0.249732,-0.048915,0.935107,-0.656007,0.682786,0.901545,0.691210,0.977915,0.071802,0.630912,0.956793,0.994650,0.406264,0.985997,0.993055
811.000000,1.500000,0.000000,0.000000,0.288623,-0.096025,1.050086,-0.968483,0.880439,0.983232,0.727096,0.971862,-0.974739,0.952274,0.811346,0.971376,0.847656,0.992786,0.994132
812.000000,1.500000,0.000000,0.000000,0.318623,-0.098314,1.078360,-0.938041,0.932507,0.957524,0.046199,0.528679,-0.990944,0.859099,0.712469,0.118270,0.969497,0.993730,0.997990
813.000000,1.500000,0.000000,0.000000,0.323593,-0.076643,1.113891,-0.958092,0.854304,0.933130,-0.290264,-0.353318,-0.996617,0.885861,0.038205,-0.928078,0.990342,0.991483,0.996943
814.000000,1.500000,0.000000,0.000000,0.314580,-0.068816,1.238407,-0.929419,0.582284,0.899423,-0.412275,-0.968593,-0.996726,0.752107,-0.864402,-0.992609,0.994374,0.995183,0.992373
815.000000,1.500000,0.000000,0.000000,0.327938,-0.064463,1.238665,-0.948221,0.879843,0.898475,0.428214,-0.992035,-0.994266,0.264367,-0.939917,-0.992863,0.984054,0.995682,0.990389
816.000000,1.500000,0.000000,0.000000,0.349648,-0.062721,1.250778,-0.919601,0.952613,0.966757,0.305644,-0.996311,-0.993592,0.400205,-0.970416,-0.991806,0.973683,0.993561,0.989866
817.000000,1.500000,0.000000,0.000000,0.377755,-0.060965,1.242969,-0.895638,0.982971,0.944262,0.185527,-0.995442,-0.984728,0.085794,-0.974018,-0.991888,0.978664,0.997135,0.990515
818.000000,1.500000,0.000000,0.000000,0.406660,-0.060700,1.266616,-0.908178,0.981231,0.935430,-0.071239,-0.989852,-0.977929,0.160050,-0.983896,-0.992137,0.989290,0.998323,0.992569
819.000000,1.500000,0.000000,0.000000,0.436086,-0.065334,1.200458,-0.658100,0.993990,0.949390,0.252458,-0.986020,-0.903183,-0.216251,-0.991653,-0.984822,0.968057,0.997635,0.991210
820.000000,1.500000,0.000000,0.000000,0.463096,-0.074052,1.168292,-0.753951,0.994940,0.962139,0.258894,-0.968953,-0.903480,-0.126540,-0.986598,-0.956247,0.967583,0.998162,0.993136
821.000000,1.500000,0.000000,0.000000,0.489445,-0.087249,1.103775,-0.622539,0.995231,0.966782,0.223118,-0.960192,-0.821284,-0.432644,-0.986856,-0.908864,0.958775,0.997533,0.993946
822.000000,1.500000,0.000000,0.000000,0.512085,-0.107618,1.036664,-0.644750,0.996993,0.977657,0.706085,-0.952497,-0.566503,-0.043438,-0.991041,-0.704594,0.846713,0.996340,0.986485
823.000000,1.500000,0.000000,0.000000,0.538182,-0.127091,0.851289,0.308336,0.998178,0.856508,0.269762,-0.745579,0.830067,-0.665407,-0.983269,-0.598581,0.813999,0.998499,0.985382
824.000000,1.500000,0.000000,0.000000,0.535842,-0.124390,0.946286,0.928339,0.997321,0.662339,-0.914624,0.769172,0.992326,0.351157,-0.927121,0.763872,0.667057,0.996590,0.959544
825.000000,1.500000,0.000000,0.000000,0.525342,-0.106095,0.860120,0.975628,0.995681,-0.977320,-0.816816,0.969053,0.992016,-0.414147,0.122783,0.938543,-0.620923,0.996443,0.909131
826.000000,1.500000,0.000000,0.000000,0.497761,-0.107385,0.891816,0.996222,0.988652,-0.996870,-0.889790,0.980886,0.954435,0.757523,0.146381,0.861606,-0.563627,0.994780,0.137129
827.000000,1.500000,0.000000,0.000000,0.472713,-0.101659,0.870556,0.992992,0.993945,-0.992854,-0.524471,0.990799,0.937238,0.978092,0.166516,0.961133,-0.883170,0.969707,-0.793146
828.000000,1.500000,0.000000,0.000000,0.452816,-0.107205,1.153477,0.987152,0.975227,-0.998072,-0.767076,0.971205,0.962946,0.992517,-0.231244,0.961818,-0.925882,0.775295,-0.982987
829.000000,1.500000,0.000000,0.000000,0.455269,-0.110725,1.192199,0.987469,0.922577,-0.996304,0.163367,0.857905,0.985604,0.184576,0.844313,0.969521,-0.869274,-0.887227,-0.916206
830.000000,1.500000,0.000000,0.000000,0.450907,-0.124152,1.165618,0.970976,-0.550013,-0.996532,0.516222,0.836202,0.988146,-0.746953,0.977065,0.965991,-0.728302,-0.984780,-0.957359
831.000000,1.500000,0.000000,0.000000,0.455346,-0.142210,1.172330,0.978037,-0.860196,-0.994875,0.565926,0.826800,0.988184,-0.938054,0.987606,0.960191,-0.506307,-0.991270,-0.782452
832.000000,1.500000,0.000000,0.000000,0.470407,-0.166338,1.175882,0.960399,-0.800185,-0.989813,0.815923,0.911595,0.979528,-0.725262,0.988907,0.984938,-0.499320,-0.981631,-0.396281
833.000000,1.500000,0.000000,0.000000,0.487766,-0.189172,1.131555,0.950909,-0.769388,-0.969178,0.854275,0.803895,0.975485,-0.717226,0.990128,0.988932,-0.595711,-0.945272,0.769360
834.000000,1.500000,0.000000,0.000000,0.485991,-0.175479,0.861157,0.905436,-0.805238,-0.951953,0.771540,0.768453,0.975833,-0.519020,0.983207,0.996007,-0.465358,-0.734432,0.967812
835.000000,1.500000,0.000000,0.000000,0.499949,-0.146294,0.779232,0.818428,-0.779207,-0.907713,-0.065228,0.570370,0.982746,0.396542,0.985779,0.998601,-0.297071,0.312077,0.911457
836.000000,1.500000,0.000000,0.000000,0.519978,-0.114993,0.750551,0.890880,-0.698439,-0.581218,-0.396351,0.053058,0.979675,0.655232,0.983517,0.997502,-0.363757,0.797565,0.882052
837.000000,1.500000,0.000000,0.000000,0.548641,-0.089644,0.841186,0.505446,-0.360568,-0.123884,-0.864511,0.294775,0.967200,0.869842,0.987140,0.995203,0.322373,0.943048,0.894859
838.000000,1.500000,0.000000,0.000000,0.573168,-0.058461,0.832047,0.048131,0.092631,0.680772,-0.761130,-0.047878,0.858760,0.657753,0.995115,0.954536,0.474204,0.934968,0.967339
839.000000,1.500000,0.000000,0.000000,0.572321,-0.030009,0.900876,-0.886092,0.348018,0.872406,-0.865323,-0.157094,0.324044,0.949849,0.995940,0.337643,0.815586,0.989785,0.986538
840.000000,1.500000,0.000000,0.000000,0.541052,-0.027661,0.818702,-0.863270,0.886180,0.966567,-0.936694,-0.754504,-0.929731,0.925564,0.983760,-0.949524,0.960679,0.966309,0.990652
841.000000,1.500000,0.000000,0.000000,0.511763,-0.033515,0.753117,-0.889812,0.954361,0.957173,-0.896336,-0.943318,-0.996408,0.972934,0.677159,-0.985200,0.988710,0.992107,0.978863
842.000000,1.500000,0.000000,0.000000,0.509712,-0.054409,0.787114,-0.969481,0.943023,0.960016,-0.659708,-0.978108,-0.995848,0.986224,-0.052925,-0.980783,0.985062,0.993309,0.982944
843.000000,1.500000,0.000000,0.000000,0.484037,-0.072666,0.738638,-0.984654,0.855876,0.925400,0.080242,-0.989949,-0.995093,0.956048,-0.868118,-0.982968,0.986308,0.998913,0.974408
844.000000,1.500000,0.000000,0.000000,0.465982,-0.089608,0.625846,-0.979385,0.871616,0.957553,0.284780,-0.997190,-0.995038,0.946473,-0.977666,-0.979384,0.973046,0.998212,0.963859
845.000000,1.500000,0.000000,0.000000,0.450778,-0.106775,0.547754,-0.958248,0.475210,0.926314,0.151413,-0.997532,-0.996206,0.931846,-0.996236,-0.977010,0.967356,0.997709,0.950078
846.000000,1.500000,0.000000,0.000000,0.418105,-0.126913,0.462087,-0.989662,-0.187576,0.934909,0.414238,-0.997703,-0.998781,0.915788,-0.998217,-0.982580,0.975388,0.998053,0.957254
847.000000,1.500000,0.000000,0.000000,0.376318,-0.147951,0.400767,-0.988552,-0.423182,0.949319,0.035434,-0.995801,-0.998896,0.919473,-0.999061,-0.972448,0.968801,0.996432,0.946486
848.000000,1.500000,0.000000,0.000000,0.334180,-0.170481,0.396365,-0.978218,-0.555907,0.893226,-0.254862,-0.997260,-0.995216,0.920323,-0.998999,-0.933925,0.968420,0.995672,0.913988
849.000000,1.500000,0.000000,0.000000,0.294531,-0.194549,0.357264,-0.959406,-0.475967,0.787001,0.060286,-0.998303,-0.985220,0.816587,-0.999260,-0.887037,0.940342,0.995426,0.867175
850.000000,1.500000,0.000000,0.000000,0.260614,-0.194460,0.420963,-0.780027,-0.015292,-0.041874,-0.458791,-0.998516,-0.485079,0.626725,-0.999385,-0.297624,0.878835,0.991720,0.638952
851.000000,0.000000,0.000000,0.000000,0.228007,-0.148901,0.555739,-0.304470,0.294052,-0.899676,-0.718243,-0.996102,0.647534,0.288801,-0.997802,-0.160286,0.688516,0.988929,0.499124
852.000000,0.000000,0.000000,0.000000,0.171537,-0.095821,0.518884,0.844324,-0.214630,-0.979296,-0.924227,-0.983515,0.920155,-0.320344,-0.993431,0.188421,0.019430,0.943401,0.032792
853.000000,0.000000,0.000000,0.000000,0.122236,-0.060549,0.400694,-0.454826,0.010364,0.345136,0.762493,-0.846463,0.898929,0.056149,-0.708724,0.839780,0.395370,0.482717,0.115491
854.000000,0.000000,0.000000,0.000000,0.059490,-0.017407,0.421830,-0.526335,0.082828,-0.462354,0.450850,-0.802057,0.923644,0.006820,-0.724588,0.851227,0.206039,0.695706,-0.327074
855.000000,0.000000,0.000000,0.000000,-0.003589,0.010140,0.420628,-0.250288,0.034629,-0.605561,0.339710,-0.723951,0.973056,0.028516,-0.643661,0.961228,-0.022508,0.457554,-0.789319
856.000000,0.000000,0.000000,0.000000,-0.045461,0.038083,0.422012,-0.023083,0.349645,-0.783809,0.303297,-0.710485,0.973599,-0.018301,-0.644504,0.960906,-0.091673,0.425356,-0.795677
857.000000,0.000000,0.000000,0.000000,-0.071005,0.058353,0.446538,-0.034427,0.375521,-0.771553,0.523250,-0.559442,0.969084,-0.311915,-0.591828,0.960582,-0.066454,0.610950,-0.753003
858.000000,0.000000,0.000000,0.000000,-0.082092,0.071746,0.383415,0.327543,0.528595,-0.708367,0.746097,-0.386931,0.942780,-0.673450,-0.381256,0.955694,-0.189843,0.733150,-0.740191
859.000000,0.000000,0.000000,0.000000,-0.086367,0.080480,0.383212,0.297396,0.653596,-0.717670,0.699456,-0.230042,0.954706,-0.687859,-0.347635,0.943168,0.010538,0.740188,-0.744518
860.000000,0.000000,0.000000,0.000000,-0.095848,0.088877,0.408402,0.092244,0.500861,-0.861308,0.504861,-0.271394,0.966191,-0.725077,-0.427214,0.957918,-0.160376,0.750660,-0.790483
861.000000,0.000000,0.000000,0.000000,-0.099754,0.093849,0.397871,0.558728,0.751497,-0.866751,0.684039,-0.162949,0.947187,-0.694141,-0.357998,0.958595,-0.157742,0.777157,-0.868163
862.000000,0.000000,0.000000,0.000000,-0.097244,0.093791,0.428838,0.487817,0.784589,-0.794147,0.789050,0.121386,0.911128,-0.643142,-0.259968,0.956133,0.271693,0.850069,-0.797682
863.000000,0.000000,0.000000,0.000000,-0.095054,0.089317,0.499677,0.373522,0.728353,-0.791542,0.660545,0.483424,0.904801,-0.496636,-0.358635,0.975422,0.242497,0.918135,-0.826637
864.000000,0.000000,0.000000,0.000000,-0.098479,0.087697,0.530869,0.269972,0.601437,-0.692571,0.688211,0.243551,0.900150,-0.603513,-0.289529,0.974929,0.290642,0.920977,-0.797465
865.000000,0.000000,0.000000,0.000000,-0.102000,0.083161,0.580783,0.197163,0.496584,-0.605408,0.652321,0.464420,0.861150,-0.558321,-0.377203,0.978603,0.296026,0.934029,-0.863964
866.000000,0.000000,0.000000,0.000000,-0.114976,0.077741,0.614887,0.011163,0.322443,-0.413294,0.652789,-0.011164,0.874569,-0.484894,-0.343156,0.970874,0.520898,0.934529,-0.621595
867.000000,0.000000,0.000000,0.000000,-0.116727,0.070774,0.564061,0.199143,0.313225,-0.075264,0.695320,0.053961,0.828866,-0.497215,-0.293609,0.968390,0.568913,0.965361,-0.185325
868.000000,0.000000,0.000000,0.000000,-0.116876,0.042646,0.510256,-0.477439,0.120092,0.754160,0.556932,0.193484,0.453579,-0.161735,-0.223187,0.939427,0.675513,0.915858,0.029954
869.000000,0.000000,0.000000,0.000000,-0.113083,0.008693,0.374280,-0.704222,0.018001,0.853415,0.528755,0.104521,-0.365540,0.193316,-0.175654,0.769076,0.731878,0.910049,0.509984
870.000000,0.000000,0.000000,0.000000,-0.104509,0.004285,0.273142,-0.878149,-0.182461,0.880263,-0.233453,0.019024,-0.777788,0.696326,-0.005791,-0.414767,0.968095,0.953498,0.920186
871.000000,0.000000,0.000000,0.000000,-0.104322,0.008941,0.256858,-0.897748,-0.174800,0.819091,-0.188131,-0.348016,-0.687717,0.563025,-0.372308,-0.906172,0.967510,0.896371,0.952771
872.000000,0.000000,0.000000,0.000000,-0.093025,0.006548,0.304514,-0.875347,-0.091582,0.795333,-0.342519,0.037789,-0.933498,0.370856,-0.375521,-0.908308,0.969314,0.923792,0.937388
873.000000,0.000000,0.000000,0.000000,-0.082244,0.003109,0.401048,-0.901538,-0.061990,0.779844,-0.275682,-0.114729,-0.890624,0.424978,-0.611900,-0.897596,0.976731,0.938767,0.955129
874.000000,0.000000,0.000000,0.000000,-0.061613,-0.000459,0.458932,-0.794260,0.289464,0.840323,-0.112198,-0.125949,-0.880252,0.586360,-0.615083,-0.867008,0.964762,0.899400,0.972345
875.000000,0.000000,0.000000,0.000000,-0.040246,-0.003375,0.476932,-0.688609,0.201347,0.763484,-0.091467,-0.052088,-0.896157,0.442442,-0.588333,-0.835863,0.937290,0.791637,0.966120
876.000000,0.000000,0.000000,0.000000,-0.019028,-0.007552,0.519667,-0.795984,0.286525,0.865327,-0.275346,-0.093607,-0.869522,0.558969,-0.675160,-0.853317,0.955240,0.836135,0.973035
877.000000,0.000000,0.000000,0.000000,0.013546,-0.010383,0.478742,-0.671465,0.548576,0.811729,-0.088116,0.090491,-0.828012,0.288178,-0.485655,-0.795434,0.913663,0.897638,0.969503
878.000000,0.000000,0.000000,0.000000,0.039274,-0.013645,0.448696,-0.697705,0.515186,0.789995,0.053998,-0.029017,-0.620897,0.293282,-0.610966,-0.754924,0.904551,0.897502,0.972220
879.000000,0.000000,0.000000,0.000000,0.058761,-0.020323,0.504695,-0.864687,0.305999,0.854392,-0.427420,0.156656,-0.817301,0.516299,-0.652142,-0.798766,0.966699,0.885483,0.968256
880.000000,0.000000,0.000000,0.000000,0.078102,-0.022095,0.508755,-0.865200,0.421336,0.760457,-0.181864,0.043870,-0.609712,0.370527,-0.642677,-0.768032,0.955875,0.924391,0.964059
881.000000,0.000000,0.000000,0.000000,0.097685,-0.030579,0.458413,-0.802473,0.457393,0.890419,0.038199,0.161005,-0.818486,0.411670,-0.631454,-0.587216,0.917909,0.865671,0.942265
882.000000,0.000000,0.000000,0.000000,0.108494,-0.025114,0.437633,-0.798727,0.453370,0.780534,0.048361,0.026144,-0.162780,0.370563,-0.674116,-0.454798,0.901317,0.887185,0.939405
883.000000,0.000000,0.000000,0.000000,0.121930,-0.008896,0.371939,-0.678300,0.554729,0.528638,0.043854,0.003636,0.134546,0.127743,-0.562983,-0.250494,0.762008,0.839593,0.919618
884.000000,0.000000,0.000000,0.000000,0.133893,0.000857,0.355343,-0.760710,0.503403,0.649823,0.057758,0.296156,0.316682,0.001168,-0.526565,0.455140,0.673382,0.887299,0.743847
885.000000,0.000000,0.000000,0.000000,0.144949,0.009734,0.444975,-0.583658,0.521834,-0.109085,-0.092588,0.316140,0.703378,0.103162,-0.408963,0.646540,0.641151,0.914989,0.526941
886.000000,0.000000,0.000000,0.000000,0.160322,0.021006,0.422507,-0.271858,0.748231,-0.471857,-0.024969,0.284487,0.849953,0.017066,-0.307075,0.833916,0.273631,0.937900,0.292180
887.000000,0.000000,0.000000,0.000000,0.159930,0.026193,0.264100,0.113356,0.780210,-0.615972,0.373869,0.162445,0.870868,-0.072704,-0.449663,0.916851,-0.138228,0.909031,-0.150320
888.000000,0.000000,0.000000,0.000000,0.143181,0.028391,0.168320,0.204712,0.760676,-0.768830,0.391631,0.028662,0.922614,-0.039952,-0.597034,0.944097,-0.095859,0.909948,-0.555586
889.000000,0.000000,0.000000,0.000000,0.124753,0.030482,0.231888,0.245909,0.764434,-0.850378,0.130903,0.253578,0.948709,0.384082,-0.668408,0.974233,-0.130353,0.935180,-0.795135
890.000000,0.000000,0.000000,0.000000,0.100266,0.033500,0.323348,0.130699,0.730610,-0.803717,0.346600,-0.040017,0.934419,0.231471,-0.767953,0.961146,-0.052323,0.809889,-0.783620
891.000000,0.000000,0.000000,0.000000,0.075719,0.042075,0.310914,0.208396,0.753134,-0.870170,0.601489,-0.349784,0.947290,-0.411261,-0.623684,0.943534,-0.327069,0.710807,-0.644812
892.000000,0.000000,0.000000,0.000000,0.057766,0.044952,0.394848,0.215406,0.664454,-0.880386,0.612636,-0.099368,0.943673,-0.344620,-0.605075,0.947101,-0.038276,0.693063,-0.725162
893.000000,0.000000,0.000000,0.000000,0.033996,0.053029,0.374562,0.179216,0.599734,-0.844946,0.780051,-0.451436,0.932693,-0.656313,-0.585882,0.936883,-0.355790,0.601373,-0.673849
894.000000,0.000000,0.000000,0.000000,0.020934,0.055372,0.478145,0.222643,0.579320,-0.837515,0.690999,-0.172804,0.918711,-0.323015,-0.516342,0.940426,0.198102,0.784636,-0.692996
895.000000,0.000000,0.000000,0.000000,0.000475,0.066789,0.410952,0.141103,0.483755,-0.776463,0.793078,-0.480529,0.921764,-0.800376,-0.460895,0.922904,-0.377207,0.644201,-0.466422
896.000000,0.000000,0.000000,0.000000,-0.009097,0.070338,0.463868,0.240295,0.463733,-0.621496,0.682716,-0.027565,0.909259,-0.540133,-0.436054,0.932695,0.035959,0.758409,-0.547571
897.000000,0.000000,0.000000,0.000000,-0.031509,0.073006,0.467395,0.191915,0.359620,-0.606708,0.724193,-0.437401,0.923725,-0.446780,-0.377078,0.907831,-0.010746,0.747881,-0.223081
898.000000,0.000000,0.000000,0.000000,-0.044941,0.060779,0.518628,0.089507,0.283215,-0.113853,0.552946,-0.129455,0.826482,-0.330579,-0.339110,0.929227,0.508485,0.914167,-0.054363
899.000000,0.000000,0.000000,0.000000,-0.055585,0.028901,0.481594,-0.275833,0.179808,0.698962,0.566287,0.004719,0.390186,-0.078147,-0.407903,0.869630,0.379700,0.833579,0.068083
900.000000,0.000000,0.000000,0.000000,-0.056556,0.008674,0.500738,-0.553115,-0.109958,0.628442,0.303114,-0.109783,0.050426,0.434341,-0.240834,0.540660,0.833220,0.880307,0.786406
901.000000,0.000000,0.000000,0.000000,-0.048839,0.006516,0.353478,-0.516802,0.092509,0.767286,-0.090194,0.040876,-0.881559,0.402620,-0.159019,-0.566386,0.826524,0.797897,0.861038
902.000000,0.000000,0.000000,0.000000,-0.045948,0.005104,0.354349,-0.846423,-0.055642,0.845664,-0.220680,0.009540,-0.842887,0.395683,-0.398320,-0.768856,0.944956,0.873997,0.938470
903.000000,0.000000,0.000000,0.000000,-0.042228,0.006269,0.404128,-0.814022,-0.067047,0.719674,-0.117725,-0.124904,-0.776588,0.449193,-0.504071,-0.865557,0.936594,0.819397,0.956443
904.000000,0.000000,0.000000,0.000000,-0.034222,0.003561,0.428698,-0.674072,0.007122,0.822391,0.049508,0.071621,-0.868814,0.589562,-0.451594,-0.811645,0.905505,0.654869,0.959853
905.000000,0.000000,0.000000,0.000000,-0.016421,0.001662,0.426890,-0.603886,0.279194,0.819402,-0.238443,0.195700,-0.918248,0.370760,-0.455043,-0.751105,0.863932,0.741009,0.935937
906.000000,0.000000,0.000000,0.000000,-0.001710,-0.001084,0.424909,-0.591540,0.213510,0.869104,-0.012328,0.276293,-0.907095,0.524533,-0.408694,-0.809615,0.875269,0.662321,0.957834
907.000000,0.000000,0.000000,0.000000,0.010982,-0.003726,0.456648,-0.718855,0.254378,0.851307,-0.149316,0.135997,-0.899319,0.589779,-0.577982,-0.762108,0.901056,0.761005,0.965402
908.000000,0.000000,0.000000,0.000000,0.027168,-0.006395,0.447080,-0.642316,0.241771,0.817709,0.010980,0.253953,-0.838322,0.575763,-0.418251,-0.694032,0.892452,0.734346,0.967635
909.000000,0.000000,0.000000,0.000000,0.044383,-0.009215,0.426093,-0.627471,0.336236,0.822669,-0.023618,0.213236,-0.800088,0.551205,-0.461530,-0.761749,0.863213,0.822170,0.968055
910.000000,0.000000,0.000000,0.000000,0.059171,-0.014409,0.457357,-0.855481,0.263831,0.886121,-0.174385,0.263149,-0.738020,0.599006,-0.486381,-0.719951,0.921901,0.841799,0.955997
911.000000,0.000000,0.000000,0.000000,0.076654,-0.020469,0.410895,-0.676693,0.335850,0.836484,0.054345,0.307050,-0.794282,0.468672,-0.416118,-0.597037,0.810961,0.805731,0.941545
912.000000,0.000000,0.000000,0.000000,0.084363,0.004704,0.371055,-0.528389,0.544563,0.420842,0.132767,-0.025957,0.559291,0.427304,-0.416453,-0.299548,0.758865,0.736163,0.943252
913.000000,0.000000,0.000000,0.000000,0.089694,0.023384,0.337118,-0.765703,0.465600,0.649594,0.096269,0.093448,0.332439,0.181610,-0.487193,-0.060161,0.682880,0.709741,0.870506
914.000000,0.000000,0.000000,0.000000,0.096013,0.024480,0.338227,-0.705998,0.361060,0.464125,0.170759,0.291819,0.023413,0.118190,-0.341330,0.370523,0.631617,0.774376,0.672945
915.000000,0.000000,0.000000,0.000000,0.103354,0.030723,0.277888,-0.513786,0.455054,0.291785,0.328743,0.175249,0.663781,-0.120861,-0.218165,0.601227,0.357903,0.787697,0.596449
916.000000,0.000000,0.000000,0.000000,0.107764,0.038264,0.326417,-0.469683,0.530959,-0.467390,0.284426,0.197633,0.733686,0.113722,-0.300618,0.711436,0.423814,0.871101,0.259778
917.000000,0.000000,0.000000,0.000000,0.096524,0.035857,0.204274,-0.032164,0.595071,-0.453911,0.514208,0.091560,0.834050,-0.223055,-0.402325,0.925394,-0.123688,0.880331,-0.389083
918.000000,0.000000,0.000000,0.000000,0.081723,0.035726,0.093066,0.119568,0.599826,-0.654963,0.600636,0.059842,0.898834,-0.187058,-0.482116,0.944513,-0.213364,0.816426,-0.454915
919.000000,0.000000,0.000000,0.000000,0.068113,0.034330,0.121989,0.012175,0.568634,-0.812023,0.313795,0.242564,0.921038,-0.048572,-0.554284,0.958669,-0.107870,0.874408,-0.620697
920.000000,0.000000,0.000000,0.000000,0.052253,0.035234,0.149735,0.258156,0.638277,-0.831625,0.597375,-0.064655,0.922044,-0.214141,-0.573964,0.948378,-0.163949,0.794428,-0.569378
921.000000,0.000000,0.000000,0.000000,0.034919,0.038141,0.250171,-0.092704,0.555000,-0.856033,0.481053,-0.067934,0.941328,-0.252214,-0.605438,0.952983,-0.090381,0.689252,-0.672581
922.000000,0.000000,0.000000,0.000000,0.021293,0.040988,0.327754,0.227100,0.632998,-0.870118,0.628424,-0.163786,0.928918,-0.260535,-0.527973,0.941254,0.040108,0.781434,-0.643428
923.000000,0.000000,0.000000,0.000000,0.006292,0.048189,0.320366,0.064598,0.532874,-0.844404,0.716315,-0.209449,0.923857,-0.629467,-0.469691,0.932700,-0.314966,0.729153,-0.436484
924.000000,0.000000,0.000000,0.000000,-0.011913,0.054721,0.325236,0.206559,0.564990,-0.807717,0.792205,-0.420329,0.920785,-0.556097,-0.421835,0.915200,-0.130738,0.736414,-0.553794
925.000000,0.000000,0.000000,0.000000,-0.024331,0.060678,0.361524,0.250776,0.512103,-0.784206,0.714126,-0.171096,0.903338,-0.508461,-0.356710,0.900879,0.028232,0.676990,-0.415245
926.000000,0.000000,0.000000,0.000000,-0.039701,0.064407,0.336112,0.403936,0.457200,-0.688587,0.824855,-0.261800,0.890456,-0.619087,-0.366596,0.903834,-0.089319,0.789624,-0.343768
927.000000,0.000000,0.000000,0.000000,-0.057442,0.057676,0.248923,0.225253,0.348487,-0.260900,0.867739,-0.190449,0.857886,-0.613640,-0.314631,0.890619,-0.064040,0.718692,-0.296351
928.000000,0.000000,0.000000,0.000000,-0.068930,0.053393,0.219759,0.108298,0.222208,-0.029505,0.738396,-0.273585,0.848952,-0.361349,-0.223484,0.863416,0.202159,0.818579,0.127548
929.000000,0.000000,0.000000,0.000000,-0.066380,0.036245,0.215869,0.022107,0.206830,0.240474,0.504847,-0.097783,0.379913,-0.044304,-0.140693,0.806847,0.514048,0.879486,0.442621
930.000000,0.000000,0.000000,0.000000,-0.060711,0.016112,0.185707,-0.128075,0.092608,0.540151,0.324714,-0.082376,0.130903,0.111409,-0.155772,0.631661,0.571188,0.848926,0.646507
931.000000,0.000000,0.000000,0.000000,-0.060552,-0.001789,0.259285,-0.681378,-0.228914,0.614881,-0.065962,0.184328,-0.462676,0.499944,-0.488819,0.066569,0.786967,0.726187,0.748558
932.000000,0.000000,0.000000,0.000000,-0.054271,-0.002426,0.225327,-0.597143,-0.001114,0.677932,-0.092361,0.062865,-0.636390,0.385648,-0.357487,-0.531599,0.873356,0.707788,0.882953
933.000000,0.000000,0.000000,0.000000,-0.050871,-0.004544,0.267945,-0.822265,-0.144919,0.771014,-0.077170,0.244423,-0.735837,0.444058,-0.415018,-0.801093,0.932937,0.712917,0.950756
934.000000,0.000000,0.000000,0.000000,-0.043922,-0.007162,0.303932,-0.706842,0.038350,0.782929,0.035615,0.150071,-0.761736,0.507276,-0.461495,-0.674181,0.904653,0.703513,0.959156
935.000000,0.000000,0.000000,0.000000,-0.033285,-0.010054,0.360197,-0.730131,0.049973,0.763768,-0.252109,0.310105,-0.835765,0.463764,-0.442540,-0.692614,0.937786,0.734430,0.941214
936.000000,0.000000,0.000000,0.000000,-0.021181,-0.013256,0.354669,-0.618149,0.221546,0.871951,0.043803,0.249100,-0.853548,0.569536,-0.381387,-0.730743,0.896731,0.645619,0.957658
937.000000,0.000000,0.000000,0.000000,-0.007146,-0.016568,0.384851,-0.680622,0.197756,0.828458,-0.038344,0.336124,-0.842255,0.600612,-0.432265,-0.737021,0.928555,0.806383,0.965105
938.000000,0.000000,0.000000,0.000000,0.006104,-0.019141,0.409543,-0.753047,0.138953,0.819920,-0.095306,0.380482,-0.783096,0.593122,-0.355236,-0.691453,0.924967,0.747570,0.967353
939.000000,0.000000,0.000000,0.000000,0.023396,-0.021592,0.418412,-0.740848,0.231950,0.816625,-0.190763,0.468492,-0.774847,0.576908,-0.196084,-0.709113,0.938181,0.788612,0.968091
940.000000,0.000000,0.000000,0.000000,0.036316,-0.025541,0.384018,-0.719348,0.229122,0.885404,0.001564,0.453041,-0.774111,0.576491,-0.208857,-0.712326,0.881818,0.717526,0.963947
941.000000,0.000000,0.000000,0.000000,0.046867,-0.020960,0.392334,-0.761805,0.292144,0.752866,0.047396,0.352777,-0.338149,0.560934,-0.333104,-0.488109,0.873879,0.829906,0.954561
942.000000,0.000000,0.000000,0.000000,0.061453,-0.018713,0.323824,-0.641592,0.365666,0.758201,0.005831,0.383885,-0.602941,0.415988,-0.198279,-0.518367,0.743862,0.788364,0.940828
943.000000,0.000000,0.000000,0.000000,0.073255,-0.012768,0.295614,-0.726828,0.347215,0.785650,0.103038,0.404751,-0.283637,0.426535,-0.086400,-0.508397,0.799296,0.781283,0.914503
944.000000,0.000000,0.000000,0.000000,0.079654,-0.006642,0.228404,-0.615916,0.304175,0.649560,0.301924,0.294957,-0.103011,0.233278,-0.257768,0.018526,0.578520,0.783340,0.846997
945.000000,0.000000,0.000000,0.000000,0.082940,-0.008715,0.273037,-0.718302,0.205406,0.502196,0.191591,0.352083,0.345546,0.160646,-0.112206,0.386315,0.594618,0.819755,0.555449
946.000000,0.000000,0.000000,0.000000,0.092708,-0.003858,0.170487,-0.384578,0.451405,0.135276,0.472769,0.221621,0.501054,-0.082532,-0.085323,0.590316,0.190710,0.788876,0.468683
947.000000,0.000000,0.000000,0.000000,0.098799,0.002138,0.232062,-0.452339,0.450525,-0.456824,0.388272,0.319588,0.718808,0.055793,-0.188809,0.760160,0.371288,0.859349,0.147708
948.000000,0.000000,0.000000,0.000000,0.090781,0.004490,0.134006,-0.014000,0.532939,-0.541360,0.530015,0.083629,0.822496,-0.303184,-0.304707,0.912869,-0.119601,0.831423,-0.336576
949.000000,0.000000,0.000000,0.000000,0.078617,0.004807,0.059691,0.139397,0.578417,-0.565654,0.659184,0.007445,0.873287,-0.216532,-0.392957,0.915354,-0.027074,0.795385,-0.373097
950.000000,0.000000,0.000000,0.000000,0.061645,0.006910,0.096091,-0.035560,0.490941,-0.802898,0.561474,0.035032,0.929197,-0.008134,-0.488586,0.942965,-0.006562,0.813127,-0.616749
951.000000,0.000000,0.000000,0.000000,0.044352,0.010801,0.069990,0.284611,0.518312,-0.773300,0.620947,-0.084067,0.926078,-0.296722,-0.569004,0.940509,-0.255453,0.719166,-0.619796
952.000000,0.000000,0.000000,0.000000,0.033709,0.015783,0.085810,0.296359,0.580474,-0.739408,0.713888,-0.032626,0.915401,-0.474582,-0.444043,0.937667,-0.082777,0.665002,-0.637267
953.000000,0.000000,0.000000,0.000000,0.020104,0.024621,0.064433,0.122919,0.413809,-0.798344,0.778688,-0.228328,0.911632,-0.666127,-0.364909,0.915917,-0.373979,0.685112,-0.337057
954.000000,0.000000,0.000000,0.000000,0.006371,0.030396,0.139429,0.300290,0.524122,-0.762785,0.684773,-0.331574,0.911700,-0.306743,-0.362615,0.895669,0.045523,0.709934,-0.398714
955.000000,0.000000,0.000000,0.000000,-0.008458,0.037659,0.204267,0.087037,0.458845,-0.774537,0.591199,-0.251757,0.920295,-0.354586,-0.370373,0.883022,-0.062823,0.674209,-0.390106
956.000000,0.000000,0.000000,0.000000,-0.023302,0.043127,0.150989,0.333815,0.424814,-0.602126,0.832402,-0.325295,0.864123,-0.612577,-0.263703,0.874732,-0.215480,0.616255,-0.367147
957.000000,0.000000,0.000000,0.000000,-0.039857,0.041002,0.149049,0.230316,0.381536,-0.422268,0.724623,-0.290763,0.890907,-0.361780,-0.225176,0.838653,0.028837,0.610546,-0.199994
958.000000,0.000000,0.000000,0.000000,-0.053449,0.036765,0.117060,0.076406,0.302476,-0.002012,0.738091,-0.258360,0.837705,-0.356085,-0.228246,0.838480,0.065216,0.656650,0.021871
959.000000,0.000000,0.000000,0.000000,-0.061012,0.029367,0.184152,-0.192487,0.149154,0.174431,0.506502,-0.130663,0.673914,-0.005869,-0.196382,0.771995,0.340872,0.703095,0.296064
960.000000,0.000000,0.000000,0.000000,-0.062323,0.032201,0.244078,-0.141854,0.141861,0.198297,0.129696,-0.090350,0.461094,0.174077,-0.280202,0.448085,0.471404,0.674384,0.670341
961.000000,0.000000,0.000000,0.000000,-0.057281,0.028401,0.177210,-0.279472,0.100236,0.524797,0.086353,0.055714,-0.313860,0.155718,-0.279256,-0.018838,0.567093,0.647714,0.814986
962.000000,0.000000,0.000000,0.000000,-0.059973,0.034530,0.179541,-0.533049,-0.028623,0.625681,0.036689,0.067930,-0.128270,0.378657,-0.450460,-0.425812,0.764785,0.541878,0.912990
963.000000,0.000000,0.000000,0.000000,-0.056219,0.031699,0.121822,-0.595387,0.078455,0.767538,0.123915,0.296287,-0.696906,0.266075,-0.354432,-0.577813,0.757596,0.485321,0.897713
964.000000,0.000000,0.000000,0.000000,-0.050413,0.028808,0.107263,-0.626755,0.081535,0.705032,0.113439,0.333425,-0.717528,0.274150,-0.473960,-0.564028,0.794951,0.612423,0.910299
965.000000,0.000000,0.000000,0.000000,-0.042291,0.025613,0.113751,-0.594006,0.131602,0.789964,-0.011039,0.329303,-0.760533,0.411200,-0.429014,-0.557844,0.814036,0.559813,0.951474
966.000000,0.000000,0.000000,0.000000,-0.034664,0.021253,0.205063,-0.805640,0.011151,0.788037,-0.051719,0.429752,-0.753421,0.552973,-0.468349,-0.626606,0.950164,0.754078,0.950563
967.000000,0.000000,0.000000,0.000000,-0.024706,0.019273,0.194009,-0.633757,0.213637,0.858811,-0.012771,0.460513,-0.841072,0.546116,-0.287255,-0.735020,0.870455,0.516281,0.941574
968.000000,0.000000,0.000000,0.000000,-0.014652,0.015436,0.264224,-0.838043,0.065853,0.864835,-0.270610,0.584360,-0.810393,0.571820,-0.282832,-0.699093,0.958715,0.783594,0.949777
969.000000,0.000000,0.000000,0.000000,-0.004657,0.012568,0.273791,-0.740969,0.173082,0.884706,0.011577,0.506936,-0.824245,0.629163,-0.202035,-0.655175,0.926000,0.729228,0.958807
970.000000,0.000000,0.000000,0.000000,0.005067,0.011729,0.288562,-0.741904,0.152702,0.813946,-0.108252,0.447579,-0.722435,0.648552,-0.149575,-0.580874,0.927604,0.758866,0.957025
971.000000,0.000000,0.000000,0.000000,0.011141,0.014299,0.268936,-0.680666,0.178430,0.761711,0.113017,0.397950,-0.550917,0.653607,-0.199404,-0.442532,0.920025,0.730989,0.955463
972.000000,0.000000,0.000000,0.000000,0.019684,0.018452,0.266622,-0.801049,0.096097,0.813475,-0.015260,0.539560,-0.496990,0.476298,-0.008964,-0.627984,0.863897,0.794732,0.944891
973.000000,0.000000,0.000000,0.000000,0.026746,0.019723,0.212663,-0.655369,0.224552,0.716423,0.263545,0.360164,-0.374789,0.425430,-0.152801,-0.315471,0.736755,0.727401,0.903786
974.000000,0.000000,0.000000,0.000000,0.037992,0.026135,0.206487,-0.785900,0.287743,0.680096,0.138136,0.374028,0.007678,0.305647,-0.028250,-0.155352,0.715960,0.819933,0.852749
975.000000,0.000000,0.000000,0.000000,0.052129,0.020748,0.137767,-0.655457,0.296802,0.620199,0.355486,0.463724,-0.098952,0.075499,-0.025009,0.279347,0.489436,0.766814,0.735290
976.000000,0.000000,0.000000,0.000000,0.066052,0.030377,0.202876,-0.677041,0.437324,0.261915,0.271309,0.312636,0.490383,0.245519,-0.060076,0.281869,0.764235,0.757394,0.753576
977.000000,0.000000,0.000000,0.000000,0.080021,0.038229,0.183911,-0.505565,0.506323,-0.004520,0.315862,0.287555,0.622832,-0.216913,-0.038364,0.643219,0.383056,0.784378,0.478614
978.000000,0.000000,0.000000,0.000000,0.077391,0.027215,0.108846,-0.250229,0.557989,0.020244,0.631851,0.163479,0.658129,-0.301617,-0.151841,0.864060,0.111070,0.760192,-0.225715
979.000000,0.000000,0.000000,0.000000,0.071931,0.021516,0.078781,0.027124,0.517762,-0.636149,0.656248,0.300606,0.877227,-0.436719,-0.242299,0.939941,-0.015350,0.853932,-0.551363
980.000000,0.000000,0.000000,0.000000,0.065441,0.015064,0.057546,0.171740,0.574805,-0.712748,0.710027,0.291802,0.904139,-0.427600,-0.264644,0.949663,0.027790,0.825268,-0.559605
981.000000,0.000000,0.000000,0.000000,0.052897,0.011942,0.043996,0.236455,0.605291,-0.745555,0.747505,-0.017916,0.924271,-0.297383,-0.340500,0.929471,-0.098741,0.748852,-0.486879
982.000000,0.000000,0.000000,0.000000,0.038347,0.013560,0.031487,0.189063,0.565979,-0.755260,0.802196,-0.143535,0.910134,-0.545060,-0.360373,0.933915,-0.187898,0.733513,-0.583192
983.000000,0.000000,0.000000,0.000000,0.019146,0.019902,0.015400,-0.038866,0.439218,-0.756129,0.756676,-0.366584,0.893613,-0.713768,-0.374406,0.929617,-0.235235,0.630827,-0.564837
984.000000,0.000000,0.000000,0.000000,0.008234,0.024322,0.029562,0.384233,0.543090,-0.771963,0.836510,-0.199395,0.895725,-0.454253,-0.285947,0.913361,-0.028471,0.593743,-0.538756
985.000000,0.000000,0.000000,0.000000,-0.001853,0.029541,0.081862,0.325066,0.565629,-0.648195,0.750968,-0.239962,0.899103,-0.347227,-0.278548,0.896037,0.132947,0.706268,-0.414541
986.000000,0.000000,0.000000,0.000000,-0.018603,0.033772,0.145520,-0.181878,0.308515,-0.511565,0.468345,-0.135242,0.899970,-0.418647,-0.351250,0.874159,-0.156206,0.600894,-0.281190
987.000000,0.000000,0.000000,0.000000,-0.036798,0.037683,0.074597,0.258573,0.361309,-0.477750,0.766897,-0.428608,0.896946,-0.479810,-0.206496,0.874201,-0.192379,0.644644,-0.221132
988.000000,0.000000,0.000000,0.000000,-0.051702,0.031940,0.067264,0.070587,0.251320,-0.000585,0.783838,-0.302261,0.854951,-0.295963,-0.247686,0.865166,0.165031,0.667130,-0.040441
989.000000,0.000000,0.000000,0.000000,-0.065822,0.017746,0.154965,-0.212907,0.192874,0.366283,0.336549,-0.218036,0.767612,0.022996,-0.224635,0.852467,0.327518,0.642140,-0.039872
990.000000,0.000000,0.000000,0.000000,-0.068719,-0.000672,0.235735,-0.293693,0.041037,0.239540,0.315805,0.061706,0.206112,0.160496,-0.267414,0.764874,0.544984,0.597544,0.344159
991.000000,0.000000,0.000000,0.000000,-0.065331,-0.018003,0.216151,-0.071661,0.093719,0.438830,0.360053,0.006421,0.057176,0.210512,-0.350244,0.633675,0.549819,0.619042,0.636607
992.000000,0.000000,0.000000,0.000000,-0.058926,-0.019491,0.200042,-0.462136,0.090313,0.634592,0.135822,0.129642,-0.053654,0.329985,-0.382589,-0.049275,0.703306,0.667770,0.781353
993.000000,0.000000,0.000000,0.000000,-0.052044,-0.019935,0.168247,-0.654266,0.042583,0.691603,-0.007311,0.227404,-0.503869,0.245587,-0.427044,-0.461353,0.807013,0.630244,0.883504
994.000000,0.000000,0.000000,0.000000,-0.045380,-0.020823,0.163739,-0.757542,0.046863,0.737437,0.028154,0.234598,-0.524029,0.333350,-0.444733,-0.550358,0.867634,0.623985,0.944426
995.000000,0.000000,0.000000,0.000000,-0.030728,-0.022665,0.111644,-0.568750,0.287906,0.781286,0.076990,0.351535,-0.697858,0.338842,-0.327514,-0.584892,0.821035,0.638160,0.945754
996.000000,0.000000,0.000000,0.000000,-0.020803,-0.027252,0.136864,-0.727548,0.120841,0.825145,0.063710,0.454996,-0.769606,0.363618,-0.431052,-0.603348,0.879067,0.657635,0.944957
997.000000,0.000000,0.000000,0.000000,-0.014559,-0.033005,0.205853,-0.828354,-0.049664,0.868372,0.000978,0.485753,-0.727682,0.548197,-0.318187,-0.642017,0.939599,0.640614,0.964705
998.000000,0.000000,0.000000,0.000000,0.002523,-0.037204,0.197605,-0.659737,0.288675,0.859287,0.038333,0.577008,-0.829572,0.432867,-0.118184,-0.687149,0.873145,0.732173,0.954164
999.000000,0.000000,0.000000,0.000000,0.013255,-0.038655,0.179260,-0.599674,0.285727,0.802111,0.079541,0.319346,-0.583412,0.591011,-0.120239,-0.491193,0.912257,0.747659,0.966968
1000.000000,0.000000,0.000000,0.000000,0.000000,0.000000,0.000000,-0.633128,0.247181,0.825479,-0.079908,0.505450,-0.678808,0.568179,-0.041537,-0.542562,0.844004,0.747713,0.951464
